text,vulgar,hate,religious,threat,troll,Insult
“তুমি তো পাক্কা ব্যবসায়ীর মত কথা বলছ... আসলে পালা গরু? নাকি তুমি খুফিয়া ব্যাপারী?”,0,0,0,0,0,0
“সুতরাং মা আজকে শিখলাম মাথা খাটাতে হবে... ভাবতে হবে... তাহলেই তুমি জীবনে পারবে”,0,0,0,0,0,0
"আমি দুই গাড়ির উপর হাত রেখেই বললাম, “একটা গাড়ি হলেই হবে... নম্বর এটা দিতে পারবেন নাকি বলেন...”",0,0,0,0,0,0
"না সিরিয়াসলি, হিমালয় থেকে সিল্কের পাঞ্জাবী পরে হয়তো না... বাট আমার আপনার মতই প্যান্ট টিশার্ট পরে আন্ডার-কাভারে থাকা কিছু পরিষ্কার বাবার গল্প শুনবেন?",0,0,0,0,0,0
"এত বড় দুধ হতেই পারে না, নিশ্চয়ই কারো হাত আছে",1,0,0,0,0,0
"“এক সময় কনসেপ্ট ছিল, কান্ট্রি ব্র্যান্ডিং এর... যেমন ইঙ্ক্রেডেবল ইন্ডিয়া, এমেজিং থাইল্যান্ড... তারপর ট্রেন্ড আসলো; স্টেট/রিজিওনাল ব্র্যান্ডিং, যেমন রাজস্থান, গুজরাট নিয়ে করা হলো। আপনারা মিরপুরের ছেলেপেলে... আপনারা যদি মিরপুর ব্র্যান্ডিং না শুরু করেন তাহলে কারা করবে?”",0,0,0,0,0,0
"তোকে এইসব বাকচোদ গিরি কে করতে বলেছে শুয়োরের বাচ্চা?ওরাতো তোকে বিরক্ত করেনি,  তাহলে তোর চুলকানি কেন?",1,0,0,0,0,1
"এত আবেগ কিনিস না। পরে এই আবেগ বেলুনে ভরে তোর ওই হোগায় হান্দায়া দেব। পরে, আবেগের ঠাপে আকাশে বাতাসে উড়বি আর ভাসবি আর আমাকে অপরাধী ভাববি।",1,0,0,0,0,1
"নেপালের মতো, আজ আমার দেশে যদি একই মাত্রার ভূমিকম্প হয়, আমরা সবাই জানি দেশের কি অবস্থা হবে",0,0,0,0,0,0
৫৩ মিনিটে অনেক কিছু বুঝেছিজীবনের প্রতিটি ধাপ অনুভব করেছিনাটকটা দেখার পর আমাদের নিয়ে আব্বু আম্মুর অনুভুতিগুলো বুঝতে পারছিবাকরুদ্ধ করা একটা নাটক ছিলো সত্যি চুপ হয়ে গেছিসব দিক দিয়েই অসাধারণ একটা নাটক ছিলো এটি,0,0,0,0,0,0
নাস্তিক রা এমনি ওরা বলার সুযোগ দেয়না ওদের এইটা বাল মার্কা জ্ঞান আল্লাহর ক্ষুদ্রত আল্লাহর ক্ষমতা অসীম বলা হয়েছে সয়ং আল্লাহ কেমন সেইটা কেউ জানে না,0,0,1,0,0,0
দারুন লাগলোমোবাইল নিয়া ওয়াস রোমেতাও ভিডিও কলেসেই মামা সেই লাগছে,0,0,0,0,0,0
অপুর্ব ভাইয়ার নাটক আসলেই অসাধারনযতই দেখি ততই আরো ইমোশনালে ডুবে থাকিখুব ভালো লাগে ভাইয়ার নাটক,0,0,0,0,0,0
হে মেডাম  আপনি  তো ৯০ ভাগ মুসলমানদের দেশের মুসলমানদেরই ছাপর্ট দেন্না,0,0,1,0,0,0
তুরাগ পাড়ে এসে মোতালেব সাহেবের চোখ জুড়িয়ে গেলো... চারিদিকে সাদা আর সাদা... এখনই আখেরি মোনাজাত শুরু হবে হবে,0,0,0,0,0,0
"একমাত্র এই আবালদের কারণেই মুসলিমরা আজ যেখানে সেখানে মার খাচ্ছে,তবে আল্লাহর বিচার একদিন হবেই হবে এবং মুসলিমরাই জিতবে ইনশাআল্লাহ",0,0,1,0,0,0
বাস্তব জীবনের সতিকারের কিছু কাহিনী নাটকটিতে দেখানো হয়েছেখুব ভালো লাগল,0,0,0,0,0,0
কেন এই রোগ আসলো? কেন মশা দমনে ভুমিকা আগে তারা নেয়নি? স্বাস্থ্যমন্ত্রী কোর্টে ধর্না দিতে দিয়ে শেষ হয়ে যেতেন...পরিবেশমন্ত্রীর গদি নড়ে উঠত... মেয়রের ঘুম হারাম হয়ে যেত,0,0,0,0,0,0
পূজার ধর্ষকের ফাসি চাই সকল নারী নির্যাতনের বিচার চাই সংখ্যালঘুদের উপর ধর্ম অবমাননার মিথ্যা গুজব রটিয়ে নির্যাতনের সঠিক বিচার চাই। হিন্দুদের নিরাপত্তা চাই। উগ্র মৌলবাদ বন্ধের দাবি জানাই যারা বাংলাদেশের সাম্প্রদায়িক দাঙ্গা লাগিয়েছে সেই সকল মুসলমানদের বিচার ও ফাসি চাই।,0,0,1,0,0,0
খুব সুন্দর নাটগ আমার দেখা সেরা তানজিনা তিশাকে হিজাবে খুব সুন্দর লাগছিলনগ্ন পোসাকে নয়হিজাবেও সুন্দর নাটগ হয়,0,0,0,0,0,0
একই গ্রন্থাগারে গীতা আর কোরান এক সাথে থাকে ... নিজেদের মাঝে কখনোই লড়াই করে না... যারা এদের নিয়ে লড়াই করে তারা গীতা আর কোরান কোনদিনও পড়ে না,0,0,0,0,0,0
আচচা আরিয়ান ভাই আমি আপনার সব নাটক দেখি বিশেষ করে অপূব ভাই এর ভালবাসা টা অ পৃন রাখেন কেনবেচেরা কে দেবদাস বানিয়ে দিবেন বদয়,0,0,0,0,0,0
এতো সুন্দর ভাবে উপস্থাপন করা নাটক এই প্রথম দেখলামবেশি ভালো লেগেছে নামাজের দিক টি তুলে ধরার জন্য,0,0,0,0,0,0
"গজগজ করতে করতে মোতালেব সাহেব বাসায় গলি থেকে রামপুরার রাস্তায় উঠেই দেখলেন, দুইদিকের রাস্তা ধরেই গাড়ি-ভ্যান-রিকশা-বাস সব একদিকে যাচ্ছে",0,0,0,0,0,0
নাটকের পরিচালক ভাইনাটকটা অসাদারন এরকম আরোআরো ভালো নাটক দেখতে চাই ভালো অভিনয় করার জন্য নিসোভাই তানজিন তিসা আর পরো টিমকে ধন্যবাদ,0,0,0,0,0,0
এত্ত এত্ত সুন্দর নাটক থাকতে আমাদের দেশের মহিলারা সিরিয়াল দেখে কি করেআমি অবাক হয়ে যাই অসাধারণ হয়েছে নাটকটা যাস্ট বলার ভাষা নেই,0,0,0,0,0,0
"সাফা ধর্মের মাইরো না আর চাপা,,,,, বাংগালী চেইতা আছে কখন জানি খাইবা ঠাপা",1,0,1,1,0,0
বাস্তবধর্মী একটা নাটকযারা দেখবে তাদের চোখের কোণে এক ফোটা পানি আসতেই হবে সমাজ কে বদলানোর জন্য এমন নাটক দরকারশুধু নাটক এ কাজ হবে নাবদলাতে হবে আমাদের নিজের মানসিকতা কে তা হলে গড়ে উঠবে সূখী সুন্দর পরিবারসমাজ,0,0,0,0,0,0
"পহেলা বৈশাখ পালনে ঈমান নষ্ট হয় না যে দেশে ইনুর মত মাওলানা থাকে, সেই দেশে শয়তানের দরকার নাই",0,0,1,0,0,0
কবির সিং মুভির মতো লাগলো শেষটা ভালো ছিল ধন্যবাদ সবাইকে এত সুন্দর নাটক উপহার দেওয়ার জন্য,0,0,0,0,0,0
খানকির আগের চেহারা দেখে অন্য ভিক্ষুকদের থেকে তোকে খারাপ দেখাতো অন্য ভিক্ষুক রা তোর কাছে আসতো না সেটা বল,1,0,0,0,0,1
অনেক দারুন লেগেছে কি বলবো এক কথায় অসাধারণ খুব কম নাটক আছে প্রথম থেকে শেষ পর্যন্ত হাসলাম অনেক বিনোদন পেলাম তার ভেতরে এই একটা নাটক শামীম ভাই আপনি জীবন্ত বাস্তবতা ফুটিয়ে তোলেন আই লাভ ইউ ভাই সবকিছু ভালো ছিল✔,0,0,0,0,0,0
এত্ত পরিপক্ব অভিনেতা অভিনেত্রী এরা দুইজন যত দেখি দেখতেই ইচ্ছা হয় আমি সাজ্জাদ আর তিশার প্রায় সব কয়টা নাটক দেখে ফেলছি এখন মনে হয় ৩৪টা বাকি আছে শেষ করে ফেলব তবে হ্যা এটা বেস্ট ওয়ান,0,0,0,0,0,0
নাটকটা জস হইসেআমি দেকে অবাকঅপুর্ব আর মেহেযেবিন থাকলে নাটক হিট হবেইআর ভাল নাটক চাই,0,0,0,0,0,0
তোর প্রোফাইল পিকের ছবি প্রমান করে তুই একটা কুত্তার ঘরে জন্ম নিয়েছিস এই জন্যই এই রকম জানোয়ারের মতো চেহারা তোর । শালা মালাউনের বাচ্চা মালাউন হিন্দু বেজন্মা ।,0,0,1,0,0,0
কাহিনীটা লাস্টে এমন হবে বুঝতে পারিনি জাস্ট এমন নাটক দর্শক আরো চায়অসাধারণ ছিলো নিশোতিশার অভিনয়,0,0,0,0,0,0
আফরান নিশো নাটক মানে অসাধারণ এবং অনেক কিছু শেখার আছে,0,0,0,0,0,0
বাংলিশের সোদনে পোস্টটা পডতে গিয়ে দাত ভেংগে গেলো।শ্লা শুয়োর তোমাকে কে বলসে বাংলিশ দুচাইতে।ভাষা শহীদের অর্জনটাই ম্লান করে দিলি।আজকে যদি পাকিরা এই পোস্টটা দেখতো তাহলে ভাষা শহীদের গুলি করার আগে তোকে করে দিত,1,0,0,0,0,1
যেগুলো দেখে হয়তো কোনও ভিনদেশীরা দুই হাতে গাল ধরে বলবে... ওয়াও কি জোস স্টার্ট আপ ... এমেইজিং,0,0,0,0,0,0
বাংলা নাটক গুলা এত সুন্দর কেন যা বলার বাইরে এমন নাটক ডেলি দুইবার দেখলেও মন ভরে না সুপার,0,0,0,0,0,0
তোমার চামরা গোটানোর দরকার শালা ভিডিও করো তোর মার মতোই রে ওই মহিলা,0,1,0,0,0,0
"মধ্যবিত্তরা বেশি বিপদে আছে, না পারবে না খেয়ে থাকতে না পারবে সাহায্য নিতে।",0,0,0,0,0,0
দেশের মুক্তিযোদ্ধারা না খেয়ে দিন কাটায় আর ভারতের জন্য লাখ লাখ টাকা বাজেট করে এই হলো মুক্তিযুদ্ধের চেতনা ব্যবসা,0,1,0,0,0,0
"আমি জানি আমার গাড়িতে আপনি কিছু খুঁজে পাবেন না ... আর ‘আমি মেজর’, মিথ্যা বলার কারণেও কোনও স্ট্রং কেইস দাড়া করাতে পারবেন না কোর্টে কারণ দেশে মিথ্যে বলার কোনও আইন নাই",0,0,0,0,0,0
"আমেরিকার আরেক বিজ্ঞানী, এটাকে পাল্লা দিয়ে আরেকটা রোবট বানিয়েছে, সে আপনার মাথা টিপে দিবে, চুলে বিলি কেটে দিবে ... প্লাস আপনি ঘুমিয়ে গেলে, সে উঠে যেয়ে আপনার কাপড়ও কেচে দিবে জেট দিয়ে",0,0,0,0,0,0
"হিমেসের মত ফালতু সিংগার এর সাথে ২ লাইন গেয়ে নিজেকে অনেক ৰড় ভাৰছে,",0,0,0,0,0,1
অনেক অনেক অনেক সুন্দর নাটক৷১ ধর্ম২ বন্ধুত্ব৩ ভালোবাসা৪ নিজের জীবন নিয়ে সচেতনতাসব একসাথে খুব সুন্দর করে ফুটিয়ে তোলা হইছে৷ অসাধারন নাটক৷,0,0,0,0,0,0
"ডক্টর নুসরাত জামান ওটির দরজা খুলে মুখ বের করে বললেন, “রোগীর হাজবেন্ড কে?”",0,0,0,0,0,0
"কাটমোল্লাদের তাদের ধর্ম ব্যবসায় বন্ধ হয়ে গেছে,তাই তার উপর খুব রাগ, আরে ভাই সত্য চিরন্তর, মিথ্যা সাময়িক",0,0,1,0,0,0
“স্যার এটা সর্বশেষ টেস্ট ... এখন বাম পায়ে আলতো করে চিমটি কেটে দেখতে হবে... অনেক গরুর বাম পায়ে চিমটি কাটলে ডান পায়ে লাথি দেয়... এই লক্ষনের মানে হইলো আউলা গরু... মানুষিক ভারসম্য নাই... এটা নেওন যাইব না’,0,0,0,0,0,0
কিছু মালাউন উসকানি মুলুক কথা বলেছে আর কিছু মুসলমান নাম দারি মুসলমান দের আপন ভাবে না তারা মরে যাক তাতে কি আসে যায় তাদের ভাব দারা এমনি মনে হয়,0,0,1,0,0,0
"ভুস্কি মাগীর পুচকি পোলা,
ফোন দিয়া নেয় ভাব,
পুক্কি মেরে ঝুলিয়ে তোকে
টিপতে হবে ডাব।",1,0,0,0,1,0
"সুমন আজকে ফাইসে গেছে একদম।ও কোনো একটা উদাহরণ ও দিতে পারে নাই।সুমন একটা বাটপার, ক্ষমতার লোভে ও এখন যুবলীগে দৌড়াইছে।",0,1,0,0,0,0
"আপনি বাড্ডায় থাকেন, এই মুহূর্তে আপনার একজন ইলেক্ট্রিশিয়ান লাগবে? পেয়ে যাবেন... আপনি উত্তরায় থাকেন এই মুহূর্তে প্লাম্বার লাগবে? পেয়ে যাবেন",0,0,0,0,0,0
ভারত একটি এতো বড় দেশ তারপরও তারা সবসময় সবদিক থেকেই পিছে থাকে এবং থাকবে এটাই সঠিক,0,1,0,0,0,0
দিন যতোই যাচ্ছে বৃন্দাবন স্যারের কাজ গুলো আরো ধারালো হচ্ছেবাংলাদেশের নাটক গুলো বাচিয়ে রাখার মদ্ধে যে মানুষ গুলো একাধারে কাজ করে যাচ্ছেন তাদের মদ্ধে বৃন্দাবন স্যার একজন স্যালুট স্যার,0,0,0,0,0,0
নাটকের লাস্ট পার্ট টা দেখে আমার চোখের পানি চলে আসছে সত্যি খুব ভালো হয়েছে সবার অভিনয় টা একদম সসত্যিকারের মতো মনে হয়েছিলো,0,0,0,0,0,0
আগুনে পুড়িয়ে মারার অপরাধী কে বাঁচানোর জন্য ধামাচাপা নতুন গল্পের সৃষ্টি পাত।,0,0,0,1,0,0
জীবন টা হয়তো এমনইশিক্ষিত বানিয়েছে মা আরশিক্ষিত স্বামী পেল বউআর শিক্ষিত ছেলে পেল না মাএখনকার কোন মাই বলতে পারবেন না যে তাদের সন্তান মানুষ করে তাদের কোন লাভ হয়েছে,0,0,0,0,0,0
"একটা সময় আসছে, যখন বন্ধুদের সার্কেলে আঙুল তুলে বলা হচ্ছে, “এই রাজিব আর সজীব না ভেন্দা... এই ২টা ছাড়া আমাদের সার্কেলের বাকি সবাই কোনও না কোনও ভলান্টারি কাজ করে”",0,0,0,0,0,0
জাতিসংঘ না কি শয়তানের সংঘ।ঐ বেটা কুত্তা আইং সাং সুচিংকে ফাসিতে ঝোলাতে হবে।,0,1,0,0,0,0
দেখে মনে হচ্ছে চুরি করতে গিয়ে ধরা খাওয়ায় বাশের বাড়ি খেয়েছ।,0,0,0,0,1,0
"আল্লাহ্ একটা বিরাট শিশু,নাবালক!নজরুল তো বলেছে- খেলিছো এ' বিশ্ব লয়ে বিরাট শিশু আনমনে...",0,0,1,0,0,0
পাগলি চুদির মাথায় মনে হয় ছিট আছে এই নাকি সুন্দরীবালের সুন্দরী ভগবান ঢেমন দের কপালেই ভালো জোটায় আর ভালো দের কপালেই ঢেমন জোটায়,1,0,0,0,0,0
খুশি আপা হচ্ছে আমাদের যুগের শাবানা খুশি আপা অনেক গুণী অভিনেত্রী,0,0,0,0,0,0
তারেক চোরাকে দেশে ফিরানোর মত জোড় এখন স্বাধীনতা বিরোধী রাজাকারদের আছে বলেতো মনে হয় না কারণ দেশের মানুষের কাছে তাদের মুখোশতো খুলে গেছে যে তার বাপ ছিল পাকিদের বাংলাদেশী এজেন্ট,0,1,0,0,0,0
আরিয়ান ভাইয়ের নাটক গুলোর যার যার কেরেক্টার গুলাও খুব ভালো ভালে প্লে করে তার পরিচালনা ও অসাধারণ,0,0,0,0,0,0
"আমার জীবনের প্রথম ইন্টার্ভিউয়ের দিন আমাকে জিজ্ঞেস করেছিল, আচ্ছা বলো তো একটা প্রোডাক্টের জন্য মনে করো ২ টা অফার ডিজাইন করা হলো; “বাই ওয়ান গেট ওয়ান ফ্রি” আর “৫০% ছাড়”",0,0,0,0,0,0
১৩ ডা বউ দিয়া হয় না ক্রীতদাস বানায় যুদ্ধবন্ধীদের এরপর তাদের ভোগ করার জন্য আবার আয়াত নাযিল করে।,0,0,1,0,0,0
"মান্দার পো মান্দা। অফিস বন্ধ, চাইছিলাম একটু ঘুমাইতে। শুইয়া শুইয়া মোবাইল গুতাইতে গুতাইতে তোর বানঞ্চুদ মার্কা ছবি সামনে আইসা পরছে। তর খোমা দেইখা ঘুম যে কই পালাইছে,,,,বাইঞ্চুদ আর সময় পাইছিলি না ছবি আপ করার??",1,0,0,0,0,1
"আল্লাহ তায়ালা মাগীর দালালী করবে তোদের জন্য ।তোদের নবী থাকবে বেহেশত এর উকিল,মানে মাগী পক্ষের আইনজীবী যতসব পাগলা কথা।",1,0,1,0,0,1
"বাইঞ্চুদের চেহরা দেখছ।
তরে তো দেইখা মনে হইতাছে হোগার মিদ্রে অঝোরা বাশ দেয়ার পর খিচ মাইরা হাসনের ট্রাই করতাছস।",1,0,0,0,0,1
অসম্ভব ভাল লেগেছে গল্পটাধন্যবাদ আরিয়ান ভাই আর অপূর্ব ভাই ত বসসসসস + মিথিলা +অপর্ণা আপুএই চার জনই আমার খুব প্রিয়ধন্যবাদ সাইকেলাভ ইউ অললললল,0,0,0,0,0,0
যদি নাটক টা শেষ না হতোযে কোনো কিছুই সামনের মানুষদের মন ছুঁয়ে দিলে সেটা নির্ঘাত অসাধারণ এইটা সেরকইআমি ভাগ্যবান আমার সময়ে আপনার মতো একজন পরিচালক আছে এবং বেস্ট জুটি পেয়েছি সত্যি আপনারা জাদুকর ধন্যবাদ আপনাদের,0,0,0,0,0,0
কাজল আরেফিন অমি ভাইয়ের নাটকে নিশু ভাই বাংলা ছবির বাপ্পা রাজ নায়োকের মত হচ্ছে অনেক টাযাই হোকঅমি ভাই লাভ উঅসাধারণ নাটক উপহার দেয়ার জন্য,0,0,0,0,0,0
সালে আমার বেস্ট নাটক নিশু বস তুমি পার ভাল কিছু করে দেখাতে অল দা বেস্ট নিশু বস,0,0,0,0,0,0
অমি ভাই কে ধন্নবাদ নামাজ এর ছিন গুলা অনেক ভালো লাগল আর ডায়লগ গুলা ও মান সম্মত নিশো ভাই কে অনেক সুন্ধর লাগছে১কথায় অশাধারন হইছে,0,0,0,0,0,0
অনেক ভালো একটা নাটক ছিলোঅনেক ভালো লাগলো ধন্যবাদ পরিচালক সাহেব কেআরফান নিশো বস,0,0,0,0,0,0
আজ যদি ভারতের হিন্দুদের এই অবস্তা হত তাহলে বাংলাদেশের সরকার মুসলমানদেরকে সরিয়ে হিন্দুদের জায়গা করে দিত আমাদের সরকার তো আর মুসলমান না যে মুসলমানদেরকে এই দেশে একটু জায়গা দিবে,0,1,0,0,0,0
বাংলা কবির সিং অসামান্য অভিনয় নিশো দা৷ ২০১৯ এর সেরা নাটক৷,0,0,0,0,0,0
তোর ভাগে ভিক্ষার টাকা পাছ নাই তাই হাম্বা হাম্বা করতে আছোছ । চিন্তা করিছ না তোগ ভারতের সবকটা ভিখারি কে দুই পয়সা ভিক্ষা দিয়ে দিবে এইদেশ ।,0,1,0,0,0,0
আল্লাহুর কাছে ফেজবুক হ্যাক করার বিচার দিলেন?মনডা চাইতাছে টাকা দিয়া ১টা লোক রাখতে দেন তাকে দিয়ে ১টানা ১মুজা দিয়ে ১মাস জুতা পরিয়ে দেন সেই মুজা ভিজিয়ে আপনাকে ১গ্যাস বিশুদ্ধ পানি খাওয়াতে,0,0,0,0,1,1
"আমাদের এই হাসিমুখের কারণে পলিসিমেকাররা পাড় পেয়ে যাচ্ছে...ধরেই নিচ্ছেন, ‘ধুরু পাবলিক আরেকটু সজাগ হলেই তো হয়ে যায়’",0,0,0,0,0,0
"ঐতিহাসিক পলাশী দিবসে নব্য ঘসেটি বেগম, মীর জাফর ও রায় দুর্লভদের  মনে পরে",0,1,0,0,0,0
এমন অস্থির একটা নাটক আমাদের উপহার দেওয়ার জন্য অনেক ধন্যবাদভালবাসা কি আজ ও জানা হলোনা,0,0,0,0,0,0
গ্রামগঞ্জে এখনো অনেক ফ্যামিলি আছে এরকম ঘটনা ঘটে আমি আশা করি তাদেরকে এই নাটকটা দেখার জন্য অসাধারণ একটা নাটক,0,0,0,0,0,0
তর জন্ম কোথায় হইছে পতিতালয়ে নাকি বস্তি পাড়ায়। জারজের বাচ্চা তর বাবা কয়টা তর মায়ের কাছে উত্তরটা জানবি। তোকে জারজ বললেও জারজ কে অপমান করা হবে তুই একটা নিকৃষ্ট জানোয়ারের বাচ্চা। নিকৃষ্ট দেশের নিকৃষ্ট জাতি মালাউনরা।,1,0,0,0,0,1
শালার পুতেরা মুসলমান কে বলে জংলী ।তোর বাপ মালাউনের বাচ্চা মরলে জংলী বলছ কেন ।।,0,0,1,0,0,0
ও তো হিন্দু মায়ানমারে কত মুসলিম পরিবার মারাগেল তা নিয়ে কোন কথা বলে না আমার মনে হয় এর পর ভারতের গরূ মারা গেলে শোক দিবস পালন করবে,0,1,0,0,0,0
বৃন্দাবন দাশের নাটক সত্যিকার অর্থেই বাস্তবমুখী ওনার লেখা এমন কোন নাটক নেই যা আমি দেখিনি,0,0,0,0,0,0
অসাধারন একটা নাটক দেখলামআমার দেখা নাটকের মধ্যে এটা সেরা নাটক এবং নাটক থেকে বাস্তব কিছু শিক্ষা গ্রহন করলাম ধন্যবাদ নাটকের কলাকৌশলি এবং অভিনেতাদের,0,0,0,0,0,0
পরিপূর্ণ গল্পখুব ভাল লেগেছে পরিচালককে ধন্যবাদ এত সুন্দর নাটক উপহার,0,0,0,0,0,0
"আমি সাথে সাথে হাত নামিয়ে বললাম, ‘আন্টি আমার হার্ট দুর্বল... আমি ভিতরে থাকব না’",0,0,0,0,0,0
কেউ ছাগল পাঠা থাকলে বাংলাদেশ অসতো । দেখায় দেখুন বাংলাদেশের বাশ টা কী রকম হবে,0,0,0,1,0,0
এই প্রথম কোনো নাটকে নামাজের কথা শুনলাম নিশু বস্ অল দা বেস্ট,0,0,0,0,0,0
এটাই বন্ধুর প্রতি বন্ধুর ভালোবাসা খুব ভালো একটা নাটক খুব ভাললাগছে,0,0,0,0,0,0
সত্যিই নাটক টা সত্যিই কারের ভালবাসার নাটক আর যাকে সত্যিই কারো ভালবাসা যাই তাকে কখনো ভুলা যায়না আর এরি নাম ভালবাসা,0,0,0,0,0,0
লেফটেন্যান্ট কমান্ডার জিলানিকে ক্যান্টনমেন্টের কেউ চিনেন না এরকম মানুষ খুব কম আছে,0,0,0,0,0,0
লা হাওলা ওয়ালা কুওয়াতা ইল্লা বিল্লা এই বেডি কি কয় বেডির বলে যৌবন আছে,1,0,0,0,1,0
আচছালামু আলাইকুম হিরো আলম ভাই আমি কাতার থেকে আপনার সাথে আছি আপনার সাথে কনট্রাক করবো,0,0,0,0,0,0
স্যারের কথা... “তোর কোনও কাম নাই...তুই শুধু কেউ সামনে থেকে বল নিয়ে গোলপোস্টের দিকে আসলে চোখ মুখ খিঁচায়ে তার দিকে তেড়ে যাবি...পারবি না?”,0,0,0,0,0,0
নিশো ভাই আপনার ওভিনয় রে ভাই মানতেই হইবো আসা করি ২০১৯ এর সেরা নাটক এই টাই হবে,0,0,0,0,0,0
আমি মনে করি আমাদের দেশের নাটক গুলো অন্য দেশের চেয়ে অনেক সুন্দর ধন্যবাদ জানাই পরিচালকে যিনি আমাদের জন্য ভালো মানের নাটক বানিয়েছেন আশা করি ভবিষ্যৎতে আরো বানাবেন,0,0,0,0,0,0
"মনে হয় মন্ত্রীর বাপের টাকায় পদ্মা সেতু নির্মাণ করা হচ্ছে, অভদ্র বেয়াদব মন্ত্রী।।",0,0,0,0,0,1
ভারতের ট্রেন দুরঘটনায় সমবেদনা আর বারমার হাজার হাজার মুসলমানদের হত্যা আর অত্যাচার করা হচ্ছে তাদের জন্য কোন সমবেদনা নেই কি?মুসলমান হিসেবে,0,0,1,0,0,0
আওয়ামীলীগ কর্মীদের এই একটা প্রব্লেম তাদের বিরুদ্ধে কেউ কিছু বললেই রাজাকার হয়ে যায় পাকিস্তানী হয়ে যায়।,0,1,0,0,0,0
ইউটিউব এ একাউন্ট খুলছোস? ভালো কিছু বানা যাতে মানুষ দেখে,0,0,0,0,0,0
মুক্তিযুদ্ধে বাংলাদেশী শহীদ হল লক্ষ লক্ষ আর ভারতের মাত্র ষোল শত প্রায়। তারপরও কিছু এদেশে ভারতীয়দের দালাল সারাক্ষণ চিল্লাচ্ছে যে ভারতের অবদান নাকি অনেক বেশি।,0,1,0,0,0,0
অনেক দিন পর একটা ভালো নাটক দেখলাম অসাধারন ধন্যবাদ সবাইকে এ নাটকে যারা কাজ করেচেন এমন ভালো কিছু সব সময় আসা করি,0,0,0,0,0,0
মোহাম্মদ অনেক মেয়ে জোর জবসতি ভোগ  করেছেএবং ওর মতো কেউ মরণ জন্তনা ভোগ করে নাই ।তাই মানবজাতি নারী ভোগ করার কথা চিন্তাও করবেন না,1,0,1,0,0,1
নারিরা পতিতা হয় বেশী ভাগ বেকার সবামী ও মাতাল সবামীদের জন্য পাপটা ঐ বেকার ও মাতাল সবামীর,0,1,0,0,0,0
রিয়াজ আর সালমান শাহ ছাড়া আর একটা নায়কও ভাল লাগে না অল দ্যা বেষ্ট রিয়াজ ভাই,0,0,0,0,0,0
পায়েল এর বাজার একটু কম অন্য নায়িকা দের থেকে তাই শরীর দেখাচ্ছে পায়েল,1,0,0,0,0,0
"আজ থেকেই প্রত্যেকদিন বাথরুমে যাওয়ার সময় তোমার ছবিটা দেখে দেখে যাবো , সাথে একটা তেলের বোতল‌ও থাকবে দোয়া ক‌ইরো যেন সফল হতে পারি",1,1,0,0,1,0
"দেই না কারণ, আমি সারা জীবন এই লাইনটা গর্ব করে বলতে চাই, “এদের কেউই আমাকে দেখেনি... তাও আমাকে ফলো করে”",0,0,0,0,0,0
মেয়েটার পাগলামী দেখে আসলেই অনেক ভালো লাগলো আমাদের সবার প্রেম যেন এরকম মধুময় হয় তাই আমরা একে অপরকে না ঠকিয়ে দুজনের মতামত নিয়ে বিয়ের আসরে বসা অনেক ভালো,0,0,0,0,0,0
"“আমি নড়াইল থানার এসআই মাসুদ বলছি, আপনার মেয়েকে পাওয়া গেছে”",0,0,0,0,0,0
ব্যাপক বিনোদন খুব খুব হাসছি নাটকটা দেখে এমন মজার মজার আরো নাটক দেখতে চাই সবার অভিনয় ভীষণ সুন্দর ফুটিয়ে তুলেছেন,0,0,0,0,0,0
ওকে সমস্ত কাজ থেকে বহিস্কার করা দরকার একগুরে করে রাখা,0,0,0,1,0,0
নির্লজ্জ বিএনপি নিজেদের মুক্তিযুদ্ধের পক্ষের দল বলে দাবী করে। অশিক্ষিত হেফাজতিদের ইসলামের সুড়সুড়ি দিয়ে আস্তিক/নাস্তিক বিতর্ক তৈরী করে তাদের সকলরকম প্রশ্রয় দিয়ে রাস্তায় নামিয়ে গুণ্ডামি করিয়েছে বিএনপি জামাতিরা।,0,1,0,0,0,0
"আমি মনে মনে বললাম, আমারে চিনস না... দরকারে হাসপাতালের স্ট্রেচার নিয়ে ৪ জন লোক ভাড়া করে সিঁড়ি দিয়ে উঠা নামা করবো... তাও এই চ্যালেঞ্জ একসেপ্ট করলাম",0,0,0,0,0,0
হিন্দু র্মূখ মালাউনদের ঐ ক্লাবে ঠুকলে গলা ঠাক্কা দিয়ে বের করে দিতে হবে । কারন মালাউনরা টয়লেট করে পানি ব্যবহার করেন ।ওদের গায়ের থেকে গন্ধ আসে হাহাহা হা ।,0,0,1,0,0,0
তোরে পাইলে মাগি তোর পিতা ফাটাইয়া পালামু আবার পদ্দা করন চোদাই ছত,1,0,0,0,0,1
ওরা এক সাথে থাকবে নাকি বিচ্ছেদে য়াবে একান্ত তাদের ব্যক্তিগত ব্যাপার আর আমাদের ঘুম হচ্ছে না,0,0,0,0,1,0
"আফাঢারে কেউ বুঝাও যে তার চেহারা দেখে তার জামাই ভয় পেয়ে যায়, সেজন্য তার যৌবনের জ্বালা মিটাতে এসেও ভয়ে স্বামী পালিয়ে যায়",1,0,0,0,1,0
আফরান নিশো আসলেই জীবন্ত কিংবদন্তি ওর অভিনয় দক্ষতা দেখে আমি নিজেই বিমোহিততানজিন তিশা অসাধারণ অভিনয় করেছেতিশার জন্য ভালোবাসা,0,0,0,0,0,0
নিশ্চয় বাংলাদেশ নয় আমাদের দেশে দয়ালু বেশি এটা সোমালিয়া বা হাইতির মত এমনকি ভারতের কিছু অন্ঞলে হতে পারে বাংলাদেশে কোটি মানুশের এধরনের মন মানসিকতা নেই,0,1,0,0,0,0
"মাদার চোদ তোর নাম,,, আরিপ খান না হইয়া গোয়ার বাল খান হওয়া উচিৎ ছিল,,,খানকির পোলা,,,, মাগি নিয়া পিক দেস আবার ভাব চুদাস না,,,,, বেস্যার পয়দা",1,0,0,0,0,1
সত্যি শামিম ভাইয়ের তুলনা হয় নাউনি যে একজন গুনি অভিনেতা সেটার প্রমান বার বার দিচ্ছেনএই টাইপের গল্প দেখতে অনেক ভাল লাগে অনেক বছর পর দেখা হয় আর হ্যাপ্পি এন্ডিং হয়সবাই ভাল কাজ করছে ধন্যবাদ সবাইকে,0,0,0,0,0,0
জানিনা আল্লাহতায়ালা আপনাকে ক্ষমা করবেন কিনা তবে আপনি যে কথাগুলো বলেছেন তার জন্য আপনাকে ক্ষমা না করাই উচিত।আজ যদি ইসলাম ক্ষমতায় থাকতো তাহলে আপনাকে প্রকাশ্যে ফাসি দেওয়া হতো ১০০%,0,0,1,1,0,0
আমার নিজের দাদাও সাইকেল চালিয়ে স্কুলে যেতেন... সেই ব্রিটিশ আমলের কথা বলছি,0,0,0,0,0,0
অসাধারণ একটি গল্প…শামীম আহমেদ সরকারের অভিনয় মন ছুঁয়ে যায় সবসময় সাবিলা নূর এবং সাজ্জাদের অভিনয় সহ পুরু নাটকটাই ছিল এক কথায় অসাধারণঅনেক ভালো লাগলো,0,0,0,0,0,0
"একজন রিকশা চালক, তার রিকশার চেইন লাগাতে যেয়ে গুতা খেয়েছে...সাথে সাথে পেট্রোলিয়াম জেলি লাগিয়ে কয়েকদিন পর ডাক্তারের কাছে গেছে... তার হাতের অবস্থা এখন এটা",0,0,0,0,0,0
মাহির কথায় বুঝা যায় যে এই ফোন আলাপ সাজানো এবং সরকারের নির্দেষ অনুযায়ী,0,1,0,0,0,0
আমি শিলিগুড়ি থেকে বলছি আমি অপূর্ব ভাই এর বিশাল বণধূ,0,0,0,0,0,0
হিন্দুরা জদি তাদের ধর্মো গোরনত বুঝে পড়তো তাহলে মুরতি পুজা করতোনা,0,0,1,0,0,0
আমার দেখা সেরা নাটকঅসম্ভব সুন্দর নাটক চোখের পানি আটকে রাখতে পারলাম নামাঝখানে যেটা দেখালাম ১০বছর পরে ছেলে কলেজে পড়ে কিভাবেযাইহোক খুব সুন্দর নাটক,0,0,0,0,0,0
ভারত পাকিস্তান কি করলো সেটা নিয়ে বাঙালী দের ঘুম হারাম হচ্ছে। ।।এদিকে নিজেদের সিমান্তে রোহিঙ্গা এসে ফিরে যাচ্ছে সেদিকে নজর নেই।।,0,1,0,0,0,0
আমরা চাই বাংলাদেশে ছাএ রাজনীতি বন্ধ হোক।এখানে তারা ছাএলীগের নাম দিয়ে রেহাই পেয়ে যাচ্ছে তারা। তারা দেশের নেতাগীরির কারণে সাধারণ মানুষদের তুচ্ছ মনে করছে।ফাসি চাই হামলা কারীদের,0,1,0,0,0,0
রানুর ভন্ডা‌মি ও নিচু মান‌সিকতা তু‌লে ধরার জন্য ধন্যবাদ,0,1,0,0,0,0
ভারত বর্তমানে চুরি করে আম্পায়ারের সাহায্যে জিতে খেলে জিতার ক্ষমতা ভারতের নেই,0,1,0,0,0,1
এক কথায় বলতে গেলে অসাধারণ ছিল নাটক টা ছিল এন্ড শিক্ষামূলক বটেই আসুন আমরা সবাই পাঁচ ওয়াক্ত নামাজ পড়ি নিজের জীবন পরিবর্তন করি,0,0,0,0,0,0
হাউয়ার পোলা ডিউটি তে আইছিলাম।তোর চটি মার্কা পুতি দেখে ডিউটি,1,0,0,0,0,1
গোলাপকে আজ থেকে পটল বলে ডাকলেও তার মাধুর্যতা বা সুবাস ছড়ানো বন্ধ হবে না,0,0,0,0,0,0
ভালোবাসা বোধ হয় এমনি হয় প্রিয় মানুষটাকে ভালোবেসেও সহজে মুখে স্বীকার করতে না পারার ব্যাথা সেই বুঝে যে প্রিয় মানুষটির জন্য অপেক্ষার প্রহর গুনেআর পরিচালক শিহাব শাহিন মানেই অসাধারণ কিছু,0,0,0,0,0,0
"লজ্জিত আমি,, এত দিন এই নাস্তিক এর নাটক দেখতাম,,কারন ভালো লাগতো,, এখন থেকে জুতা।।।",0,0,0,1,0,1
অপু তোমার সোনার পল পলি টা কত বড একটা লাইভ দাও না প্লিজ,1,0,0,0,0,0
আপনি নিজের ধর্ম নিয়ে ভাবুন। অন্যের ধর্ম নিয়ে মাথা ঘামানোই ভাল। হিন্দুরা তো মুসলিমদের ধর্ম নিয়ে জ্ঞান দেয় না।,0,0,1,0,0,0
সত্যি গল্পটা অনেক ভালো ছিলকিছু কিছু মানুসের জীবন টা এমনি হয়ে থাকে,0,0,0,0,0,0
সানি লিওনের বডিতে পাপিয়ার মাথা লাগাইয়া থাম্বনেল দিতেন। আরও বেশি ভিউ পাইতেন,0,0,0,0,1,0
আরিয়ান ভাই আপনাকে অনেক ধন্যবাদ এতো সুন্দর নাটক দেওয়ার জন্য,0,0,0,0,0,0
"আহারে খানকির পোলা
এত চোদা খাস
তাও মানুষ হস না",1,0,0,0,0,1
নাটক ভালো ছিলো কারন দুইজনে খুব পছন্দের সম্যসা হলো কিছু ডায়লগ আর ড্রেস কোড সামনে ভালো কিছু হোক শুভেচ্ছা রইলো,0,0,0,0,0,0
"“নুপুরের দাম হাজার টাকা, কিন্তু তার স্থান পায়েই হয়... টিপের দাম এক টাকা হলেও তার স্থান কপালে",0,0,0,0,0,0
আরফান ভাইয়া তানজিন আপু সত্যিটা যখন প্রকাশ হয় দুজনই কাঁদছিলো আর সাথে আমিও হয়তো আমার মত আরো অনেকেই কাঁদছেনকে কে কাঁদছেন কমেন্টে রিপ্লাই দিয়ে জানিয়েন প্লিজ,0,0,0,0,0,0
হ্যা পাকিস্থানের বাংলাদেশে কিছু জারজ সন্তান পাওনা আছে যারা হল স্বাধীনতা বিরোধী রাজাকার। খালেদা তারেক সহ তাদের ফেরত দেয়া হউক,0,1,0,0,0,0
নায়ক মানেঅপূর্বরোমান্টিক মানেঅপূর্ববিরহ মানেঅপূর্বক কথার দারন মানে অপূর্ব অভিনেতা মানঅপূর্ব,0,0,0,0,0,0
অসাধারণ একটা কথায় অসাধারণ চোখের পানি আর চোখে রাখতে পারলামনা,0,0,0,0,0,0
আজ রাতে তাবিজ্জা তোরে এনাল মারবো। নতুন করে শুরু হোক তোর গোয়া মারা খাওয়ার বছর।,1,0,0,1,0,1
যাও দৃষ্টির অগোচরে যতই যেন তুমি হারাবেনাশত মানুষের ভিড়ে খুঁজবো তোমার ঠিকানা অসাধারণ,0,0,0,0,0,0
এক দাড়ি ওয়ালা লোক অবশ্য পেয়েছে... কিন্তু পাঞ্জাবি টুপি পড়া... গায়ে আতরের গন্ধ,0,0,0,0,0,0
ছাগলডা নিউজে আসার জন্যে কিছু খুঁজে পাচ্ছে না । কোন সচিব রে গিয়া খামচি দে যা ছাগল ।,0,0,0,0,1,0
দাদা রানু মন্ডলের অহংকার বেড়েছে তাই তার পতন নিজেই ডেকে আনবেন দাদা,0,1,0,0,0,0
"মাদ্রাসার মুর্খ,আবালচুদা তুই,তরা জঙ্গি ছাড়া আর কেউ নুনু কাটে না,তদের ধর্মে তদের মা বোনদের নুনু ও নাকি কাটে,তদের আল্লার নুনু কি কাটা?",1,0,1,0,0,1
নাটকটা কেমন যেন ছোট গল্পের মতো হয়ে গেল শেষ হইয়াও হইলো না শেষআসলে হ্যাপি এন্ডিং দেখতে দেখতে নিঃস্বার্থ ভালবাসাকে ভূলতে বসেছিলাম ধন্যবাদ ভাইয়া আপনাকে এত সুন্দর গল্প আমাদের উপহার দেবার জন্য,0,0,0,0,0,0
"আরে ধুরু কিসের ১লক্ষ চুয়াল্লিশ হাজার বর্গমাইলে আঁটকে আছি, রাজন হত্যার কথা মনে আছে? পিটিয়ে মারা হলো রাজনকে",0,0,0,0,0,0
দোস টা কারো ছিল না যে এমন একটা সময় আসে সে সময়ের কারনে মিথ্যা অভিনয় করে চলতে হয় একটা কথা মানতে হয় ভালবাসা কোনদিন কমে না নাটক টা অনেক দারুম হয়ছে,0,0,0,0,0,0
পৃথিবীর সবথেকে বাজে ব্যাবহার এবং হৃংস্য কুকুর রেন্ডিয়ান প্লেয়ার রা,0,1,0,0,0,0
আল্লাহ ক্ষমাশীল। ভুল বুঝতে পেরে তওবা করলে ইনশাআল্লাহ পাপ মোচন করবেন। আল্লাহ আমাদের সবাইকে বুঝার তাওফিক দান করুন,0,0,0,0,0,0
আমফান লাইটে তোদের অ্যাওয়ার্ডের টিআরপি কত হল রে জানতে চাই,0,0,0,0,1,0
খানকিমাগী কিতা কয় জুতা মারি তোরে আগে অনেক পছন্দ করতাম এখন তোর থেকে পতিতাদেরও বেশি ভালো মনে হয়।,1,0,0,1,0,1
ফেসবুকে এই নাটকটা নিয়ে অনেক ভালো ভালো রিভিউ দেখে দেখতে চলে আসলাম দেখি কেমন হয়😑,0,0,0,0,0,0
তখন বাংগালী বীর সেনারা বুকে মাইন বেঁধে রাস্তায় শুয়ে ভারতের অনেক ট্যাংক ধ্বংস করে যুদ্ধ জয় সহজ করেছিলেন।,0,0,0,0,0,0
"এমন দিন আসলো, আমাদের মাথায় ঢুকে গেছে যে; যুদ্ধাপরাধী? দাড়ি খুঁজো... জঙ্গি? পাঞ্জাবীওয়ালাটারে ধরো... বিদ্বান সাজবে? চশমা কিনো... চোর সাজবে? ক্লাসের রোগা-পটকাটারে আনো",0,0,0,0,0,0
নোয়াখালীর মাগী তরার পরোষরা সব আরব দেশ গুলোতে তাকে। আর তদের বাড়ি তাকে পাকা এই সুযোগে তরা হয়ে উটছ বাংলাদেশের সবার ছেয়ে বড় মাগী।,1,0,0,0,0,1
যখন বাংলাদেশি মারে তখন বাংলাদেশ কঠোর জবাব দিতে পারেনা ভারত পাকিস্তানের একটা কাক মারলে তার বদলা হিসাবে ভারতের টা সেনাকে খতম করবে যা করতেছে,0,1,0,0,0,0
"যে জাতি ছোটবেলা থেকে পেন্সিল ব্যাটারির চার্জ আছে নাকি দেখার জন্য জিব্বায় ব্যাটারি লাগায়ে চেক করে, তার কাছে ১১০ ভোল্ট তো কনুইয়ের হাড্ডিতে গুতা খাওয়ার থেকে বেশী শকের কিছু না",0,0,0,0,0,0
মানে কি বলব । আমি আর জাস্ট নিতে পারছি না । আমার বাংলাদেশের পতাকা নিয়ে আবেগে কাঁদতে ইচ্ছে করছে । বাংলাদেশ এতো ভালো একটা কাজ করছে স্টার জলসা বন্ধ করে । আমার নাচতে ইচ্ছা করছে,0,0,0,0,1,0
বৃন্দাবন দাসের উনার নাটক মানেই গ্রামবাংলার শত শত পোলিতে অধিকারের কথা একমাত্র উনার নাটক গুলো দেখলে চুখের পানি ধরে রাখতে পারিনানাটকটি আর ভালো লাগলো উনার দুই ছেলের অভিনয় দেখে,0,0,0,0,0,0
"দীবাকর আমাদের বাংলাদেশ নিয়ে যে বললো এখানে মন্দিরে গরু জবাই করা হয়,কি বলবো,সামনে থাকলে কানের নিচে একটা থাপ্পর মারতাম।",0,0,1,0,0,0
ভারত পাকিস্তানেরর উচিৎ কাশ্মীরকে ছেড়ে দেয়া কাশ্মীরর স্বাধীনতাই পারে পাকভারত দ্বন্দ্ব বন্ধ করতে,0,1,0,0,0,0
"এই যে গেলি নাফা,, এইবার চিনো,, কেমনে আবার চিনবা আমারে",0,0,0,1,0,0
কি চমৎকার অভিনয় অাহ এই সব নাটক ভাইরাল হয় না এই সব নাটক থেকে অনেক কিছু শিখার অাছেসেকেন্ড পার্ট করলে অনেক ভাল হইতো,0,0,0,0,0,0
আপনাদের ধর্মে এতগুলো মুর্তির মধ্যে আবার ভগবান কোনডার নাম? আট হাত নাকি দশ বারোটা হাত যে আছে সেটাই নাকি আপনাদের ভগবান?,0,0,1,0,0,0
পুরা নাটকে নিশো বস নামাজ নিয়ে কিছু থিংকস দিলো আর বল্লো অনেক ভালো লাগলো,0,0,0,0,0,0
বংলাদেশে রোহিঙ্গার পক্ষ এই প্রথম আন্দোলন শিবির কিন্তু বাধা দিল অত্যাচারী জুলুমকারী সরকারের সন্ত্রাস পুলিশ বাহিনী ।।,0,1,0,0,0,0
"বহু নির্লজ্জ দেখছি কিন্তু মনিরের মত নির্লজ্জ ,হিংস্র,অসভ্য,মিথ্যুক মানুষ দেখি নাই।",0,0,0,0,0,1
"রানু মন্ডল এর বিষয়ে এই ধরনের ভিডিও দেখতে হবে,  সেইটা কল্পনাও করিনি হায়রে ফকিন্নি",0,1,0,0,0,0
অনুভূতি গুলা ভাষায় প্রকাশ করার মত নাএতো ভালো কমেডি ছিলো অনেক হাঁস আজ অনেক অনেক ধন্যবাদ সকল মেম্বারদে,0,0,0,0,0,0
"এখন এমন অবস্থা উনার ভয়ে আমি আবার যে সিঁড়ি দিয়ে দৌড়ে উপরে উঠে পড়ব, সেই শক্তিও নাই",0,0,0,0,0,0
বাহ ভাই তুই পারস ও এমন ভাবে চদা খেতে যা বাজারের মাগিরাও পারেনা।।,1,0,0,0,0,1
আসুন আমরা পাঁচ ওয়াক্ত নামাজ পড়ি সুস্থ সুন্দর নবীর আর্দশে জীবন গড়ী,0,0,0,0,0,0
"গত সপ্তাহেই, রিশা হত্যা মামলার আসামীর ছবি ফেসবুকে ছড়িয়ে পড়ায়,  নীলফামারীর দুলাল হোসেন তাকে একটা হোটেলে পরোটা খেতে দেখে চিনে ফেলে... দৌড়ে যেয়ে ‘পাইসি হারামিরে পাইসি’ বলে জাপটে ধরে",0,0,0,0,0,0
পুলিশের প্রতি মানুষের ঘৃণার কারণেই হয়তো পুলিশ তাদের পোশাককে এভোয়েড করা শুরু করেছে :p,0,0,0,0,0,0
যদি হিন্দুরা এদেশে থেকে রেন্ডিয়া প্রিতি দেখাতে পারে তবে মুসলিমরা তো রোহিঙ্গা দের প্রতি ভালবাসা দেখাবে এটা স্বাভাবিক।তাছাড়া ওখানে মানুষগুলোকে মেরে ফেলা হচ্ছে। এখানে তো অার তা হচ্ছে না।,0,1,0,0,0,0
আমি মিথিলার নাটক খুব কম দেখতাম কিন্তু ব্যাচ নাটকটি দেখে আমার খুব ভাল লাগল সামনে মিথিলার নাটক অনেক অনেক দেখব,0,0,0,0,0,0
বিভাস খানকির পোলা তোর মারে কাউয়া দিয়া উড়াইয়া চুদি বেশ্যার পোলা চুপ থাক,1,0,0,0,0,1
ওকে আগে জুতা পিটা করা হোক তার পর আইনের আওতায় আনা হোক তার??,0,0,0,1,0,1
অনেকদিন পর আজ মন খুলে হাসলাম অনেক মজা পাইলাম শামীম ভাইয়ের জন্য শুভকামনা রইল,0,0,0,0,0,0
"প্রকৃতপক্ষে গত ডাকসু ইলেকশন সরকারী দলের একটা নাটক,জনগণ তা দেখেছে । ধন্যবাদ",0,1,0,0,0,0
ফুলকে কখনো বলতে হয় না তোমার গন্ধ কি সে তার সুগন্ধি দিয়ে বুঝিয়ে দেয় তাঁর কাজ ও তাঁর চরিত্র রানুদি ও ঠিক সেটাই করেছে বেৃকখ তোমার নাম কি ফলে পরিচয় এটাই রানুদি দেখিয়েছে,0,0,0,0,0,1
"আমি শিওর উনি আবার ম্যানহোলের ভিতর পড়লে এবার এক্স্যাক্ট লোকেশান বলতে পারবেন... যেমন “শুনো, ম্যানহোলের সামনে আল-মন্সুর নামে একটা মিস্টির দোকান আছে... তার ঠিক সামনে একটা সিগারেটের দোকান...দোকানদারের কপালে তিল...পরনে ফিরোজা কালারের লুঙ্গি’",0,0,0,0,0,0
নাটকটা দেখলামঅসাধারনজীবনের সাথে মিলিয়ে দেখার চেষ্টা করেছিআসলেই বাস্তবিক এমন ঘটনার ছবি আবার এমনি এভাবে অসাধারন,0,0,0,0,0,0
আমার দেখা সেরা নাটক এই নাটকের দুইটি পরবোই অসাধারণ একজন কে সত্তিকারের ভালো বাসলে এবং তাকে না পেলে সেই বলতে পারে তার মনের অবস্থা,0,0,0,0,0,0
প্রাণ প্রিয় মাননীয় প্রধানমন্ত্রী দেশরত্ন জননেত্রীশেখ হাসিনার জন্য অবিরাম ভালোবাসা রইল।জয় বাংলা জয় বাংলা জয় বঙ্গবন্ধু।,0,0,0,0,0,0
সেরা জুটি আবার ও মন টা ছুয়ে গেলো ধন্যবাদ আরিয়ান ভাই এমন কিছু উপহার দোওয়ার জন্য নিশু ভাই জোস ভাইয়া আবার ও আর মেহজাবিন আপু ভালোবাসি আপু,0,0,0,0,0,0
খুব সুন্দর হইছেঅসাধারণ নাটকআর নামাজ পড়ার উপদেশের জন্য আরো ভালো লাগছেধন্যবাদ কাজল আরফিন অমি এতো সুন্দর একটা নাটক উপহার দেওয়ার জন্য,0,0,0,0,0,0
ছাত্র বহিষ্কার করলে হবেনা হরহর করবে । সরকারের এই জঙ্গি সন্ত্রাসী প্রকাশ্যে ফাঁশি জানানো উচিৎ । শালার মৌলবাদী সংগঠন,0,0,0,1,0,0
বাঁশ দিয়ে উপর দিয়ে লক করিয়া নিচ দিয়ে যাই এর নাম লক ডাউন ।,0,0,0,0,1,0
কাজল অারফিন অমি ভাই অামি অাপনার সৃস্টি কর্মের ভক্ত এত সুন্দর একটা বার্তাবহ নাটক উপহার দেয়ার জন্য দোয়া করি অারো ভালো কিছু অাসুক অাপনার হাত ধরে,0,0,0,0,0,0
ভাবছিলাম কমেন্ট করবো । কিন্তু কি কমেন্ট করবো বুঝে উঠতে পারছি না । তাই চলে যাচ্ছি ।,0,0,0,0,1,0
ধন্যবাদ ভাই এত ভালো একটা কাজ উপহার দেওয়ার জন্যনিশো ভাই এর ফ্যানরা সাড়া দেও,0,0,0,0,0,0
বাংলাদেশের হিন্দু বৌদ্ধ খ্রিষ্টান এরা হল দুরের মানুষ। এদের বলা হয় মালাউন। এদের নাকি লাথ মাইর ্যা দ্যাশ থেকে বাইর কইরা দিতে হবে। কিন্ত মায়াম্মার হলে নিজেদের দেশ।,0,0,1,0,0,0
মালাউনকা বাচ্চা কবি নিহি হোগা আচ্ছা তুই নিজের বর্ডারে প্রতিদিন হত্যা করতেছিস নিরহ বাংলাদেশিদের আর তুইকিনা বলিশ বাংলাদেশ মিয়ানমারের বর্ডারে শান্তি চাওয়ার মানি হয়না আগে ভারত বাংলাদেশ বর্ডারের শান্তি ফিয়ে দে,0,1,0,0,0,0
এত সুন্দর নাটকটি লিখেছেন ধন্যবাদ তোকে আর যারা এ টিমে কাজ করেছে তাদেরকেও ধন্যবাদ জানাচ্ছি এবং আর আমার প্রাণ প্রিয় মানুষ অপূর্ব ভাইয়া অসাধারন অনেক ভালো হয়েছে দোয়া করি এভাবেই থাকুক এভাবেই আপনি আমাদের নিত্য নতুন নাটক দিবেন,0,0,0,0,0,0
ভালোবাসা হারানো কত যে কষ্ট তা কেবল যে হারায় সেই জানেএমন করে সবাই যদি তাদের ভালোবাসা পেত,0,0,0,0,0,0
"এটাই হয়, ঘুটে কুড়ানির বেটি মক্কা দেখলে ভিখারী যে হয় যতোই রাজ প্রাসাদে যাক, অভ্যাস টা ব্যবহারে ভিখারি ই থাকে এটাই বাস্তব সত্য",0,1,0,0,0,0
এমন একটা দেশ যেখানে আমরা ঈদের চাঁদ আর বুদ্ধজয়ন্তীতে লণ্ঠন উত্সব দেখে সমান পুলকিত হই,0,0,0,0,0,0
ভাইরে কোনো হুশিয়ারিই কাজে আসবেনা।কারন ভারতের মাটিতে ভারতকে টেষ্টে হারানে অত সোজা না ।,0,0,0,0,0,0
আচ্ছা ভাই আমরা তো জানি আমাদের পরকাল আছে আমরা বিশ্বাস করি বতমানে দেশের অবস্তা এমন হোয়েছে মনে হয় কেয়ামত বেশি দুরে নয়,0,0,1,1,0,0
তোর কৃষ্ণ ১৬৮০০ বিয়া করছিল কারণ সে ছিল একটা চোদনবাজ নিজের মামির লগে ঢুকাইয়াও তার মনের আশা মিটে নাই তাই বিভিন্ন জায়গা থেকে মাইয়াদেরকে তুলে আনছে চুদার জন্য,1,0,1,0,0,1
"ফখীর যখন বাদশা  হয় তার ফখীর নজর যায়না, আর বাদশা যখন ফখীর হয় তার  বাদশাব  নজর যায়না, ঠিক এমনটা হয়েছে রানু দিদির সাথে",0,0,0,0,0,1
আজ মুসলমান শুধু জঙ্গি ? আর ভারতের শিবসেনারা যে হাজার হাজার মুসলিম ভাইদের খুন করছে? তাদের বিচারের দাবি কেউ করবে না,0,0,1,0,0,0
নাটকের মাধ্যমে নামাজ পড়ার জন্য দাওয়াত দেওয়া হলো খুব ভালো কাজ খুব ভালো লাগলো,0,0,0,0,0,0
যে ভাবে মামুনুল হক ঘরে গিয়ে একই ধরনের অপমান খারাপ মক্তব্য করে তাদেরই জন্মের গ্যারান্টি নাই । ওবয়ে তাদের খুন ও মারা উচিত,0,0,0,1,0,0
আমি আপনাকে পাগলের মতন ভালোবাসি সত্যিই অসাধারন ছিলো স্যালুট বস,0,0,0,0,0,0
বেশ ভালো নাটকদেখা সেরা নাটক গুলোর একটা প্রথম পর্বের চেয়ে ভালো লাগলো৮১০,0,0,0,0,0,0
অসাধারণ একটি গল্প আর নিশো ভাই আর তিশা আপুর অভিনয়টা গল্পটাকে আরও ফুটিয়ে তুলেছে,0,0,0,0,0,0
মাত্র ২ জন মানুষকে নিয়েই নাটককিন্তু কত্ত কিছু দেখায় গেলকত্ত কিছু উপলব্ধি করালোখুব ভালো লাগলো,0,0,0,0,0,0
কাজ শুরু করাই হলো সাফল্যের মূল চাবিকাঠি – পাবলো পিকাসোবিখ্যাত স্প্যানিশ চিত্রশিল্পী,0,0,0,0,0,0
প্রত্যেক নাটকে আরফান ভাই এর চলা ফেরা কথা বার্তা একদম বাস্তবিক মনে হচ্ছে না যে অভিনয় আর নামাজের দৃশ্য অনেক অনেক ভালো লেগেছে,0,0,0,0,0,0
লেক্সাস আমার দিকে তাকানোরও সুযোগ পায়নি... মুহূর্তেই কসাই তাকে উল্টে ফেললো,0,0,0,0,0,0
"পিছনে বন্ধুক ধরছিস কেন? পিছনে না তোর মাথায় ধরছি, তাহলে পাঁছায় খোঁচা লাগছে কেন?",0,0,0,0,1,0
কে শালা বলছে পেটের দায়ে করছে সব পেটের দায়ে তাহলে চুরি করবে নাকি? বেশ তো হাত পা আছে কাজ করে খেতে পারেনা,0,1,0,0,0,0
"চোর ধরা পড়েছে ,আরে নাস্তিক হোইছে মেলা কেতাব ঘেটে ,শুধু কুরআন পড়ে না",0,0,1,0,0,0
"এসব না দেখে পাঁচ ওয়াক্ত নামাজ পড়োগে যাও,  নয়ত আল্লাহ তোমাকে জাহান্নামে পাঠাবে",0,0,1,0,0,0
প্রত্যেকটা মন্দির বেস্যাঘড় আর বেস্যা হলো তোদের মা বোনরা আর তোদের মাকরশা দেবী দুর্গা সেক্সি স্বরসতি আর আফ্রিকান নিগ্রো দেবী কালি।,1,0,1,0,0,0
রাজনীতি বিদ হওয়ার জোগ্যতা এই বকাচোদার কোন দিন আসতে পারেনা ।,1,0,0,0,0,1
"নজরুল আমাকে থামিয়ে দিয়ে বলল, “স্যার গরু তো ট্যাঁরা... গরুতর সমস্যা”",0,0,0,0,0,0
কুততারবাচচারে জুতা মার জাহেদ খানের গালে সালার পুত তোর চেহারাটা ভালো ভাবে আয়নায় দেখ,0,0,0,1,0,1
আমি সাধারনত কমেন্টস্ করি না কিন্তু এই নাটকটা দেখে খুবি ভালো লেগেছে তাই কমেন্টস্ না করে পারলাম না এই ধরনের সৃজনশীল নাটক করবেন অবশ্যই আমরা পাশে থাকবো ইনশাআল্লাহ,0,0,0,0,0,0
নাটকের ভিতর যখন দ্বিতীয় নায়িকা এসে বলল তখন নাটকটাই মনে হলে নষ্ট করে ফেলেছে কিন্তু না শেষ দিকে যে নাটকটা ভালোই হয়েছে খুব ভালো হয়েছে,0,0,0,0,0,0
২০১৮ সালের সেরা নাটোকপুরো নাটক টাই বিনোদন এ ভরপুর ডিস্লাইক দাতাদের জন্য কি বলবো বুঝতে পারছি নাতারা আদৌ কি সুস্থ,0,0,0,0,0,0
"এক পুরুসে খায় সোনা,আরেক পুরুসে খায় বাল,আরেক পুরুস আইসা দেখে চা টা র কিছুই নাই ,ও আমার তিন পুরুস",1,0,0,0,1,0
মিষ্টি প্রেমের গল্প খুব ভালো লাগলো হ্যাপি এন্ডিং দেখেনিশো ভাই অনেক ভালোবাসা,0,0,0,0,0,0
তুমি আমাকে সুন্দর আমি তোমাকে অনেক ভালোবাসি আমার সাথে কথা বলে না একবার,0,0,0,0,0,0
পরের সাহায্যে পাওয়া স্বাধীনতাকে স্বাধীনতা বলে না। কাংলাদেশ স্বাধীন হয়েছে কোথায়? এটা তো ভারতের চরম ভুল যে দুনিয়ার সবচেয়ে ওঁচা জাতিকে সাহায্য করেছিল যারা তাদের মা বোনদের ধর্ষণকারীকে সমর্থন করে। আর সাহায্যকারী বন্ধু দেশকে গালিগালাজ করে। নির্লজ্জের মত বিরোধিতা করে।,0,1,0,0,0,0
সত্যি ভালো লাগার মতো একটা নাটক অনেক ভালোবাসি তোমাকে অপূর্ব ভাইয়া,0,0,0,0,0,0
"তুমি অনেক চিকন ফু দিলেই তো উড়ে যাবা, দে ফু না উড়লে তুই শেষ",0,0,0,1,0,0
নিশো ভাইয়ের নামাজ দেওয়ার মেসেজটা ছিলো অসাধারণ ভাই যে বলছেঅপচয়কারী শয়তানের ভাগিনা ভাগিনা না হবে ভাই,0,0,0,0,0,0
এইখানে সব গুলো মেয়ে মানুষের প্রতারণার শিকার কিন্তু আপনি যে কেমন পরিবারের মানুষ তাদেরকে এইভাবে মিডিয়াতে প্রকাশ করা উচিত নয়,0,1,0,0,0,0
সমস্যা তো ওখানে নয় । সমস্যা হল সে বাংলাদেশের হয়ে কাজটা করতে পারেনি । বাংলাদেশের নাম আসে নি এসেছে বাঙালির নাম । ভারতের পশ্চিম বঙ্গে যারা থাকে তারাও বাঙালি ।,0,1,0,0,0,0
"ভাই নামাস না কিন্তু, এ শালা পাশের পাড়ার কালুয়া হেব্বি খচ্চর মাল",1,0,0,0,0,0
আমার অনেক ভালো লাগলো কারণ আমার অনেক ভাই বোন ভারত থেকে আমাদের বাংলাদেশি নাটক দেখেনআপনাদের সবাইকে অনেক ধন্যবাদ,0,0,0,0,0,0
ভারতের ভিসা ওইটা একটা যাওয়ার দেশ হলো মৌলবাদী সাম্প্রদায়িক জঙ্গি দাঙ্গাবাজ ধর্ষেকের দেশ ওটা ৷ ওর চেয়ে উগান্ডায় যাওয়াও ভালো ৷,0,0,0,0,0,1
জিলাপি কে জালেবি বললেই দাম দশ গুন বেড়ে যায় । রাস্তায় এই নাম কেউ বললে বন চটকনা দিয়া জালেবি থেকে জিলাপিতে ফেরত নিয়া আসতাম,0,0,0,0,1,0
"খানকির পোলা, মাদারচুদ, তর আব্বাকে আর্জেন্টিনার জার্সি পড়াইছস কেন? খানকির পোলা, আমি গালি দেই না, নইলে তর মায়েরে আন্টি ডাইকা ছাইড়া দিতাম, মাদারসুদ",1,0,0,0,0,1
তরে গালি না দিলে মানুষ আমারে কারাপ মনে করভ তাই বাদ্ধ হয়ে গালি দিলাম গুরুছুদা মাদারছুদ কানকির পুলা।।।।,1,0,0,0,0,1
দিবেইত কারন ওরা মোছলমান ওরা জদি ভারতের হিন্দু হত তাহলে ওদের কে বাংলাদেশে কেনো ওদের কে কোলে করে নিএ বি জি বি ভাত খউয়াত,0,0,1,0,0,0
"তাই এখন থেকে; যে কোনও বাংলাদেশীর বয়স শুনলেই তার বয়স অটো ৪৫ পার্সেন্ট কমিয়ে, তার পর জাজ করা উচিত তার মেচিউরিটি",0,0,0,0,0,0
আমাদের সময় ক্যামেরার ফিল্ম ছিল… ৩৬ টা স্নেপ নেয়া যেত,0,0,0,0,0,0
পুরাতন কাহিনি নতুনত্ত্ব কিছুই নাই এইসব সস্তা গল্পে আর দেখতে চাই না,0,0,0,0,0,0
অপেকাই ছিলম আমার প্রয় মেহজাবিনের নাটকের জন্য ধন্যবাদ আরিয়ান ভাই,0,0,0,0,0,0
সত্যি আপনাদের সবাইকে ধন্যবাদ আরও একটি নতুন মাত্রা যোগ করার কারনেপরিশেষে সুন্দর মিল করার কারনে,0,0,0,0,0,0
নামাজের দৃশ্যটা দেখে অনেক ভালো লাগলো আল্লাহ যেন সবাইকে কবুল করেন,0,0,0,0,0,0
"যখন বড় ভাইয়ের ডায়াল লিস্টে দেখি স্যার এর নম্বর তখন আমি, আকাশ ভড়া তারা হোগা মারা সারা",1,0,0,0,1,0
"এই ২৩ বছর থেকে ফ্যামিলিতে উনার প্রসঙ্গ উঠলেই আমরা বলাবলি করি, “এই সব দুর্ঘটনার দায়ে দায়ী একটা চালকের ফাঁসি টাইপ একটা কঠিন শাস্তি হোক... দেখবেন সব চালক লাইনে এসে গেছে”",0,0,0,0,0,0
হিন্দুরা দেখবেন ওরা বলবে মুসলিমদেরকে যে আমাদের ধর্ম নিয়ে কোনো কথা বলবে না কেননা ওরা ভয় পায় কেননা ওদের ধর্মগ্রন্থ ওদের বিরুদ্ধে যায় ওরা ধর্মগ্রন্থ মেনে চলে না.,0,0,1,0,0,0
এই হলো নিশো যে সব ধরনের চরিত্র করতে পারে খুব ভালো অভিনয়,0,0,0,0,0,0
দাঁড়ি টুপিওয়ালাকে জঙ্গি বললে প্রতিবাদ হয় না কিন্তু হিন্দুদের মালাউন বলায় শাহবাগে তীব্র আন্দোলন,0,0,1,0,0,0
সুপার সুপার লাভ ষ্টোরি ৷ সত্যি অনেক অনেক ভালো লাগছে ৷ ধন্যবাদ মিজানুর রহমান ৷ লাভ ইউ বস অপূর্ব,0,0,0,0,0,0
জঠরে গুলিবিদ্ধ সুরাইয়ার একটি চোখ ভাল আছে শলার ঝাড়– দিয়ে মতির একটি চোখ নষ্ট করে রিপোর্ট করা উচিত মতির একটি চোখ ভালো আছে,0,1,0,0,0,0
ভাই তুমি এখন ঠিক বলছো রানু মন্ডল খানকি মাগিকে তেতুল খাচি এ পিটা উচিত,1,0,0,0,0,1
বৃন্দাবন দাশ ভালো করেই জানে দর্শকের চোখের পানি কাকে দিয়ে বের করতে হবে আর তাই তো শাহনাজ খুশি কে এইরকম এক টা চরিত্র দিয়েছেঅসাধারণ এক টা নাটক হয়েছে,0,0,0,0,0,0
অসাধারণ ছিলআর নামাজ এর বিষয়টি তো জোশঅসংখ্য ধন্যবাদ বস এবং সহকারী সবাইকে,0,0,0,0,0,0
পৃথিবীতে আরেকটা সাড়া জাগানো স্টার্ট আপ হলো এয়ার-বিএনবি (দেশীয় ভাষায় যেটাকে বলে বিদেশে ঘুরতে যেয়ে হোটেলে না থেকে কারও বাসায় সাবলেট থাকা),0,0,0,0,0,0
"বাঞ্চোদ তোরে কতবার কইসি!
ছবি খেয়ে গাজা আপ্লোড দিস না",1,0,0,0,0,1
সত্যি অসাধারণ একটা নাটক অপুর্ব ভাই এর একটি নাটক ও আমার বাদ যায় নি কখনো দেখা তার মতো অভিনয় আর কেও করতে পারে না এই নাটক টা আমার মন ছুঁয়ে দিল ধন্যবাদ নাটক নির্মাতা কে এমন নাটক তৈরী করার জন্য,0,0,0,0,0,0
মুসলমান তাই বাংলাদেশ কিংবা ভারত কোথাও ওদের জায়গা হচ্চেনা যদি ওরা হিন্দু অথবা অন্য ধর্মের কেউ হত তাহলে বাংলাদেশে ওদের জায়গা হয়ে যেতো,0,1,1,0,0,0
আমি সাফার একজন বড় ফ্যান চিলাম কিন্তু সেজে একজন বড় নাস্তিক আগে জানতাম না আমার মোবাইল থেকে তার সব নাটক কেটে দিলাম জুতা মারি তুর গালে,0,0,1,1,0,1
নাটকটি খুব ভালো লাগলো কারন এইখানে নামাজের একটা বিষয় ছিলআর নামাজ সবাইকে পরতে হবেআল্লাহ জেব আমাদের সবাইকে ইমান দেন আমিন,0,0,0,0,0,0
নাটক টা খুব সুন্দর গ্রামের পুরা চিএটা তুলে ধরছে আপনাদের অনেক অনেক ধন্যবাদ,0,0,0,0,0,0
চট্টগ্রাম আদালত থেকে নগর গোয়েন্দা পুলিশের (ডিবি) সোর্স পরিচয়দানকারী এক নারীকে আটক করেছে পুলিশ।  ফরিদা ইয়াসমিন সুমি (৩৫) নামে ওই নারীর কাছ থেকে ‘ডিবির সোর্স’ লেখা একটি ভিজিটিং কার্ডও উদ্ধার করেছে পুলিশ।,0,0,0,0,0,0
ভাই নাস্তিক আর মুমিন এর মধ্যে পার্থক্য হলো ।নাস্তিক  সব বলতে পারে তার যা মন চায় মিথ্যা থেকে শুরু করে আর মুসলিমরা এসব কিছুই পারেনা ।,0,0,1,0,0,0
"পাবলিক মাথায় তুলতেও জানে আবার পায়ের জুতার মালা মাথায় পরিয়ে দিতেও জানে মুখোশধারী নব‍্য নাস্তিক অপেক্ষা কর। মহান আল্লাহ তায়ালার অশেষ রহমতে এখনো বেঁচে আছিস,সেই কিনা পরকালে বিশ্বাস করে না তোদের মতো মানুষদের আল্লাহ তায়ালা হেদায়েত দান করুক।",0,0,1,1,0,0
নাটক টা অনেক সুন্দর ভাল লাগল কিন্তু নায়ক নায়িকা আব্বা আম্মা কই এরা ত আব্বু আম্মু ছাড়া এই ঘর সংসার করছে,0,0,0,0,0,0
মসজিদে জঙ্গি না খুঁজে আল্লাহকে খুঁজুন- সংবিধান বিশেষজ্ঞ ডক্টর তুহিন মালিক,0,0,1,0,0,0
মায়ানমারে মুসলিমদের প্রতি অত্যাচার এতে সমবেদনা অাসে না ভারতে ট্রেন একসিডেনটে সমবেদনা দাদার প্রতি কত দরদ,0,1,0,0,0,0
"মুস্লিম জাতি ই হইছে মূর্খের বাল, নাস্তিকের উত্তর আর কি দিবো!",0,0,1,0,0,0
ভবিষ্য পুরাণ হিন্দুদের ধর্মগ্রন্থ যদি হয়ে থাকে এবং সেই গ্রন্থে জ্যোতি মোহাম্মদের নাম উল্লেখ থাকে যে মোহাম্মদ নামে একজন ডাকাতের আবির্ভাব হবে তাহলে ১০০% মেনে নিতে কোনো অসুবিধা নেই যে হিন্দুধর্ম একটি সত্য ধর্ম।,0,0,1,0,0,0
২০১৯ সালের সেরা নাটক এটিধন্যবাদ আরিয়ান ভাইয়া এতো সুন্দর একটি নাটক উপহার দেয়ার জন্যবড় ছেলেবুকের বা পাশের পরে এটা আপনার দেয়া তৃতীয় উপহার আরিয়ান ভাইয়াধন্যবাদ নিশো ভাইয়া এবং মেহজাবিন আপু,0,0,0,0,0,0
পুরা নাটকে শামিম ভাইয়ের অভিনয়টা খুব ইনজোয় করছিলাম অসাধারন শামিম ভাই,0,0,0,0,0,0
এতো ভালো একটা নাটক প্রথমবার দেখেও যেনো ইচ্ছা করছে আবার দেখি সত্যি অপূর্ব দা ও মেহেজাবিন আপু জুটি সেরা,0,0,0,0,0,0
তোমরা কেউ কি আবাল দেখতে চাও তাহলে আর দেরি নয়......আজই চলে আসো আবালের আইড়ি তে,0,0,0,0,1,1
সকলকে জানাই ঈদ মোবারক দেখা শুরু করলাম আশা করি ভাল লাগবে নিশো ও তিশার জুটি নাটক অনেক ভাল হয় নিশো ফ্যানরা হাত তুল,0,0,0,0,0,0
আজ লক্ষকরলে পৃথিবীর বুকে যারা বড় বড় পজিশানে এসেছে অধিকাংশ সমালোচনার মাধ্যমে,0,0,0,0,0,0
আর বাবা তুমিতো অনেক কিছুই দেখনা তাইবলে বিশ্বাসকরনা যেমন হাওয়া ফুলের সুগ্নী ব্যাথা এইগুলো বিশ্বাস করকিনা আল্লাহকে দেখাযায়নাবলে আল্লাহকে তুমি বিশ্বাসকরনা আল্লাহর অনেক নিদর্শআছে আল্লাহকেছেনাটমত যদীতুমি কোপালপোড়াহও তাহলে আমার বলারকিছুইনাই তোমারজন্য দোয়া থাকল আল্লাহযেন তোমাকে হেদায়েত দানকরেন পাগলনাকরেন।,0,0,1,0,0,0
ভাই কারো সাথে ডিবেট করতে হলে তার শিক্ষাগত যোগ্যতা ভাল করে জেনেনিন  কারন  মূৃখ্ সাথে ডিবেট ইসলামে নিষেধ করা হয়েছে।,0,0,1,0,0,0
শুয়রের বাচ্চা কোটা নিয়া দেশের অবস্থা খারাপ আর তুমি মাগীবাজী চুদাও??বেশ্যার সন্তান শ্লা শুয়ার,1,0,0,0,0,1
সত্যি নাটকটা দেখে মনটা ভালো হয়ে গেলো জয় হোক সত্যিকারের ভালোবাসার সবাই ভালো থাকুক ভালোবাসার মানুষকে নিয়ে,0,0,0,0,0,0
"পরকিয়ার অভিয়োগে স্ত্রীকে গলা কেটে হত্যা, তবুও বন্ধ করা হবে না ভারতের চ্যানেল",0,1,0,0,0,0
অমি ভাই খুব সুন্দর ভাবে নামাজের বিষয়টি উপস্থাপন করেছেন আর এটাও হয়তো জান্নাত লাভের উচিলা হতে পারে,0,0,0,0,0,0
আমার মনে হয় এই প্রথম জাতি নাটক থেকে ভাল কিছুর উপদেশ পেয়েছেযাই হোক নাটক অনেক সুন্দর ছিল যেহেতু নাটকের নাম এই অনলি মি তারপরও শেষ জনের মিল দিলে ভাল হইত,0,0,0,0,0,0
তারেকের মোখের ভাষা ঠিক নাই একটা সন্ত্রাসীর খুনির চাঁদা বাজ দের গটপাদার ।,0,0,0,0,0,1
বাড়ি থেকে চলে যাবার পর কী কী হয় দেখার ছিল শাহনাজ খুশী সত্যিই একজন গুণী অভিনেত্রী,0,0,0,0,0,0
রানু দিদি নিজের মুখের দোসে সকলের ভালো বাসা হারালো এক এক জনের লাইক ওনাকে ওতো উপরে নিয়ে গেছে উনি আজ মানুষ কে মানুষ বলে মনে করছেন না,0,1,0,0,0,0
পুলিশের সাহস! বাপ দাদার ইচ্ছের বিরুদ্ধে আন্দোলন করে লাল ঘোড়া গাড়িতে উঠেছে,0,0,0,1,0,0
কুত্তার বাচ্চা মায়ানমারে নিরহ মুসলমান কে কতো কষ্ট দিয়ে হত্যা করতেছে তার জন্য তোমার কোন শোক প্রকাশ নাই কোন মাথা ব্যাথা নাই ভারতে ট্রেন দূর্ঘটনায় তোমার শোক প্রকাশ করতে হয় ওওও ভারত তো তোর জাত হিন্দুর জাত,0,1,0,0,0,0
"একদন শুতে যাব এমন সময় বউ বলে, ‘চিরুনি মিরুনি ভিতরে নিয়ে এসেছো কেন? বাচ্চারা তো ব্যাথা পাবে’",0,0,0,0,0,0
"শামীম সাহেব,জামাত-বি, এন,পি র মিছিলে ,অবরোধে যেভাবে গুলি করা হয়,এইভাবে খালেদা জিয়া যদি ক্ষমতায় থাকাকলীন আপনার সাঙ্গ-পাঙ্গ দের উপর গুলি চালাতো,তাহলে,আপনি শামীম চিরদিনের মতো গর্তে ঢুইকা যাইতেন।",0,1,0,0,0,0
আমার বিচার এমনই হবে যেমনটি আমি চাইবো। দোষীকে নির্দোষী বানাবো ফাসির আসমীকে ছেড়ে দিবো নিরপরাধীকে অপরাধী বানিয়ে সারা জীবন জেলে বন্ধী করে রাখবো। পারলে রাজপথে কিছু করে দেখাও। এখানে বুনবুন বন্ধ কর।,0,1,0,0,0,0
কোন মাদারচুদ এইটা বলছেরে?? যে দেশে ইসলাম বিরোধী রেন্ডিয়া কথায় চলে ফেরাউন হাসু দ্বারা পরিচালিত এদেশে আবার শান্তি??,1,0,1,0,0,0
এই জুটি টা বরাবরি অসাধারননিসু ভাই আমাদের টাংগাইলেরভালবাসা টাংগাইলের তরী ব্যান্ডের পক্ষ থেকে,0,0,0,0,0,0
নুসরাত রাফির ফুলের মত জীবন যারা নষ্ট করেছে তাদের কে ধরার সাথে সাথে ফাঁসি দিলে বুঝতাম এই বাংলার মাটিতে বিচার আছে,0,0,0,1,0,0
বাংলাদেশের নাটক মানে সব চাইতের সেরা নাটক অনেক সন্দুর বেসভাল,0,0,0,0,0,0
নিজের আল্লাহ রি চরিত্রটা দেখ ৭২ হুরের লোভে তরা অন্দহয়ে আছিস,0,0,1,0,0,0
পাকিস্তানি সেনারা ঈমানি শক্তি নিয়ে যুদ্ধ করে আর ভারতের মালাউনরা দূনিয়াবী শক্তি নিয়ে যুদ্ধ করে। কাজেই ঈমানি শক্তির সাথে দূনিয়াবী শক্তি কোনদিনই পারবে না।,0,0,1,0,0,0
সানি লিওনির ন্যাংটো ফিল্ম কিংবা এডাল্ট মুভি দেখানোর আগে ভারতের জাতীয় পতাকা উত্তোলন খারাপ কিছু না। জাতীয় বৈশিষ্ট্যের সাথে খাপে খাপ মিলে যাবে।,0,1,0,0,0,0
এদের কোন বিচার নয় ডিরেক্ট গুলি দেশের আইন এর বদল হোক এদের বাচার কোন আধিকার নেইএদের পিটিয়ে মেরে ফেলা উচিত ছিল,0,0,0,1,0,0
বাংলাদেশের সিনেমা থেকে নাটক সবচেয়ে বেশি ভালোআসুন সবাই নাটক দেখি,0,0,0,0,0,0
"বিষয়টা এতো সিম্পল না হলেও, তখন গুলি বিনিময় মানে ছিলো অপর দলের আকাশে গুলি মারা",0,0,0,0,0,0
সাকিব টাকা উড়ায় । সাকিব ফালতু টাকা খরচ করে । সাকিব বিদেশে যায় মার্কেটিং করতে । সাকিব বউয়ের জন্য দামী পোষাক কেনে । সাকিব এসি বাথরুমে বাথরুম করে । সাকিব ভালো না ।,0,0,0,0,1,0
নিজেই ভিখারি আবার কাকে ভিখারি বলবে দুদিনের গোসাই ভাতকে বলে অন্ন,0,0,0,0,1,1
"রাইট নুরু ভাই এগিয়ে যাও আওয়ামি কে না বলেন,ময়লা আবর্জনা কে পুতে পেলুন",0,0,0,0,1,0
কিন্তু বাবা ঝাপ দিলো না বাঁচাতে... কারণ সে তো জানেই মেয়ে দুষ্টুমি করছে,0,0,0,0,0,0
জয় বৌদির ব্রা প্যান্টিগুলা খুব সুন্দর আর দামী তাই তার ব্রাতে মাল ঢালতে দেয় না,1,0,0,0,0,0
আমি দেখতে পাচ্ছি এ পোস্টের পর ঐ সবুজ ঘাসের উপর চিপসের খোসা ঝালমুড়ির কাগজ আর পানির বোতলে সয়লাব,0,0,0,0,1,0
আমার প্রেমিকা ও শাড়ি চাইছিলো আমি ডক্টর সাবরিনার থেকে একটা শাড়ী এনে গিফট করেছি,0,0,0,0,1,0
থ্যাঙ্ক ইউ আরিয়ান ভাইয়া এত সুন্দর একটা নাটক উপহার দেওয়ার জন্য খুব ভালো লাগলো থ্যাঙ্ক ইউ মেহে আপু এবং নিশো ভাইয়া,0,0,0,0,0,0
এই দেশটাই ভারতের একটা অঙ্গরাজ্য করে দেন না কেন এত ভনিতা করার দরকার কি?,0,1,0,0,0,0
"রানু মন্ডল জানে না উপরের দিকে উঠতে গেলে একটা মই বা সিড়ির দরকার সেইটা ছিলেন অতিন্দ্র দা, এত বড় বেইমান ওর গান শোনা তো দূরের কথা মুখ দেখাও পাপ",0,0,0,0,0,1
আইজগা আর লাইন চুদানের টাইম নাই। এডভেঞ্চার ওয়ার লাইন ভাংসে আমিও গালির লাইন ভাংমু। নদীর পুত শাওয়ার পুত... জাপানী চুদ.... কি অদভদ কি অদভদ,1,0,0,0,0,0
"দেশে গেলেই তোকে ফাসি দিবে, মাদারচুদ, চুরের মত লন্ডনে বসে আছিস কেন সাহস থাকলে দেশে আয় ।",1,0,0,1,0,1
চাঁদে অবতরণ করে নীল আর্মস্ট্রং গুনে গুনে ১০ টা ছবি তুলেছিলেন। আর আজকে ছেলে-মেয়েরা একবার বাথরুমে ঢুকলে আয়নার সামনেই শখানেক ছবি তুলে,0,0,0,0,0,0
এদের ময়না বিচার নয় ডিরেক্ট গুলি হচ্ছে শিক্ষা ব্যবস্থা বদল হোক এদের বাচার কোন উপায় নেই এদের কোনদিন মেরে ফেলা ঠিক হবে,0,0,0,1,0,0
যুবলীগ ছাত্রলীগ আওয়ামীলীগ সরকারের রক্ষা কবজ সন্ত্রাসী কর্ম কাণ্ডের মাধ্যমে। আর বঙ্গবন্ধু সিম্ফাথি বিক্রি করে  বড় অঙ্কের টাকা হাতিয়ে নেয়া।,0,1,0,0,0,0
রাজনীতি ছাড়া দরকার নেই জনগনের সম্পদ লুনটনকারী চাঁদাবাজি সব ফিরিয়ে দিন।,0,1,0,0,0,0
মায়ানমারের আগে ভারতের প্রতি তাকান। যদি এক চোখ কানা তোমরা।,0,1,0,0,0,0
ভাল লাগার একটা প্রমান রেখে গেলাম কমেন্ট করেসত্তি অসাধারণ গল্প,0,0,0,0,0,0
আরিফের বোদায় আঙ্গুল মেরে মাচিকের রক্ত লেগে বোন টার আঙ্গুল লাল টকটকে মরিচের মত হয়ে গেছে,1,0,0,0,0,0
যদি ভালো লাগার প্রকাশ হাজারটা লাইক দিয়ে দেয়া যেতো তাহলে আমি দিতাম নামাজ পড়াটা লাইফ স্টাইল কি সুন্দর আর গুরুত্বপূর্ণ বার্তা,0,0,0,0,0,0
হ্যান্ড শেইক করলেও হাতে খাম এসে পরছে... কোলাকুলি করলেও বুক পকেটে খাম এসে পরছে... ‘আপনার সাথে কথা নেই’ বলে উল্টা দিকে হাঁটা দিলেও প্যান্টের পিছনের পকেটে খাম এসে পরছে,0,0,0,0,0,0
এই নাটকের জন্য কাকে বেশি ধন্যবাদ দিব তাই ঠিক করতে পারলাম না আমি মাঝে মাঝে নাটক দেখি আমার ক্ষুদ্র আভিজ্ঞতায় এই নাটকটিকে খুব ভালো বাস্তবসম্মত ও নির্ভুল মনে হলধন্যবাদ সকলকেই,0,0,0,0,0,0
আগামী শত বছরেও নিশোর মত অভিনেতা আর একটা পাওয়া যাবে নাসত্যি নিশোর নাটকগুলো দেখতে বসলে অনুভূতির চুড়ান্তে পৌঁছে যায়আর মেহেজাবিন সেতো অতুলনীয়২০১৯ এর সেরা টেলিফিল্ম,0,0,0,0,0,0
এটা শুধু নাটক ছিলো না অনেক ম্যাসেজ ছিলো নাটকটার মধ্যে আর আসল মেছেজটা ছিলো নামাজেরঅনেক ভালো লাগছে নাটকটা দেখে,0,0,0,0,0,0
এদের কথা কেউ জানে না... এরা চুপি চুপি রিকশা করে মাঝরাতে ডাক আসলেও নিজ তাগিদেই বের হয়ে আসে,0,0,0,0,0,0
জঙ্গলে ফটোশ্যুট করতে গিয়ে যখন হাঁগা পায় আর পানিতে লেহেঙ্গা ভিজে গেলে যে অবস্থা হয়,0,0,0,0,1,0
ভারত মুলত বাংলাদেশের কি হল এটা দেখবেনা। ওরা দেখবে ভারতের স্বার্থ।,0,1,0,0,0,0
"এখন যদি কোনও আমেরিকান বলে বসে, “ব্রাদার আমরাও তো ঘুমাই... তাইলে আমাদেরও একটু বয়সটা কমাই”",0,0,0,0,0,0
কত পুস্প দেখিলাম ফুটিলোফুটিয়া ফুটিয়া আবারও নিভিলোকিসের এতো দম্ভ তোমারজীবনের আলো নিবে তো যাবে যে কোন সময়অসাধারণ নাটক উপহার দেওয়ার জন্য নাটকের পরিচালক সহ সকলকে জানাই আন্তরিক অভিনন্দন ধন্যবাদ এবং গভীর ভালোবাসা বাপের এক পোলা,0,0,0,0,0,0
মাগি রা তোরে পাইলে তোর মার আর তোর সোনা একসাতে খাইতাম ৷,1,0,0,0,0,1
ওমি ভাই আপনার অনেকে নাটক দেখছি বাট এইটা খুব ভালো ছিল,0,0,0,0,0,0
সময় এমন মূল্যবান যে আজ এক রকম তো কাল আরেক রকমসময় বদলায় তার সাথে জীবন বদলায় এটাই নিয়মতাই ভালোই লাগলো নাটকটা,0,0,0,0,0,0
"কথায় কথায় আওয়ামী আলোচকেরা  ছাত্র শিবির ছাত্র দল এর কর্মকান্ডের সাথে ছাত্রলীগের তুলনা করা হয়,কিন্তু শিবির কে জঙ্গি বল্লেও ছাত্র লীগ কে কেন জঙ্গি বলা হবে না",0,1,0,0,0,0
"সালা জায়েদ তুরে দেখতে গুন্ডার মত লাগে,স্যালুট হিরু আলম",0,0,0,0,0,1
এটা সোনার বাংলা এক বার শুধু বলে দেখেন তা হলে আর বাজারে নাই ।,0,0,0,0,1,0
প্রথম আলোর কিছু কিছু উটপটাং নিউজে মানুষ যেভাবে আপনাদের পচায় অপমান করে এগুলোকে আপনাদের কাছে রনিকতা মনে হয় ?,0,0,0,0,1,0
ষাঢ় আপনার গান যত শুনি ততই শুনতে ইচ্ছা করে । আমার ফোনের রিংটোন থেকে এলার্ম পর্যন্ত আপনার গান দেওয়া । কে কি কথা বলল সেটা কানে নিবেন না ষাঢ় । যে গালি আপনার প্রাপ্য সেগুলো আপনি পাবেনই । সফলতা আসবেই আসবে,0,0,0,0,1,0
"খাইঞ্চোদের পোলা, জামা তোর শাওার ভিত্রে ভরে রাখ। অপরাধী লইয়া লাড়া চাড়া করবি তো ফারুক চোদা দিয়া তোক পুয়াতি বানাইয়া ছাইড়া দিমু মাদারচোদ",1,0,0,0,0,0
"যেদিন পত্রিকায়  বিজ্ঞাপন দেয়া হলো, সেদিন সকাল ৮ টার দিকেই ফোন আসলো",0,0,0,0,0,0
আজকে বাবা দিবস উপলক্ষে আমার হবু শ্বশুরকে জানাই বাবা দিবসের শুভেচ্ছা ।,0,0,0,0,1,0
ভারত আমাদের দেশের অনেক শত্রু শত্রু শত্রু আমার মনে হয়,0,1,0,0,0,0
প্রথম আলো পত্রিকাটি সুন্দর ব্লার করছেন একটুও বুঝা যায় না,0,0,0,0,1,0
সেরা জুটির সেরা নাটকআরিয়ান ভাইয়া ব্যাংক থেকে এসে দেখতে বসেছিলামজাস্ট ওয়াও,0,0,0,0,0,0
"ভাই সোদোইয়ো না পুটকি ভরা বাল নিয়ে
ভং ধরে লাব নাই",1,0,0,0,0,1
যারা আল্লাহকে বিশ্বাস করে না তারা মানে যে তারা বানরে থেকে এসেছে সময়ের বিবর্তনের ফলে।।। হাস্যকর বিষয় তাইনা,0,0,1,0,0,0
আমিও কাদিছি নাটক টি দেখে এত ভাল নাটক টা এটা থেকে আমাদের শিক্ষা নিতে হবে৷ আমাদের নিজের এবং আশপাশে এ রকমটা যেন না হয়৷,0,0,0,0,0,0
খুবই ভালো লাগলো সাবিলার ফ্যান আর শামীম লিডারের কথা আর কি বলবো,0,0,0,0,0,0
"পলাশীর যুদ্ধ শেষে মীরজাফর, আপনার সাথে একটু বেইমানি করছি, কিছু মনে কইরেন না",0,0,0,0,1,0
এই ডিজিটাল যুগ আমাদের ভাবনা নামের এনালগ জিনিসটা কেড়ে নিয়েছে একদম,0,0,0,0,0,0
এ তো কোন নাটক নয় বাস্তব একজনের জীবন কাহিনী চমতকার অসাধারণ,0,0,0,0,0,0
নাস্তিকদের কাজ হলো ই হলো ইসলামের বদনাম করা..তবে তারা সফল হবে না..,0,0,1,0,0,0
জয় ভাই প্রোগ্রামের টিআরপি বাড়ানোর জন্য এতসব পাগলামি করে। এগিয়ে যান অনন্ত ভাই।,0,0,0,0,0,0
"একবারেই উত্তর দিয়েছে,  ‘তুমি তো বলনি কে নার্স আর কে পাইলট... তার মানে আঙ্কেলটা নার্স... আর আন্টিটা পাইলট ছিল’",0,0,0,0,0,0
ভারত ছাড়া শুয়রের দল গুলর ইনকাম করার জায়গা নেই? যা না পাকিস্থান চীন এ যা গাড় মেরে বাড়ী পাঠাবে ভিকারি র দল,0,1,0,0,0,0
তোর এই নাকের নিচের বাল সহ ছবিখানা স্যেটেলাইটে করে পাঠানো হয়েছে। বিটিভিতে দেখাচ্ছে,1,0,0,0,0,1
পয়দা হওয়ার পর যত গালী শিখছি সব ওর স্পর্শীয়ার গুদে দিয়ে দেব।,1,0,0,0,0,0
ভারতীয় সৈনিকের মৃত্যু মানে বাংলাদেশের শহীদদের আত্বার শান্তী যারা ভারতীয় বিএসএফ এর গুলিতে বিনা দুষে মৃত্যু বরন করেছেন।,0,1,0,0,0,0
ওয়েট কর আরিপ্পা আজকে নাইজেরিয়ার কালা কালা প্লেয়ার দিয়া তোরে হোগা মাড়ামু।,1,0,0,0,0,1
মাবরুর রশিদ বান্নাহ ভাইয়ের কাজ গুলো সত্যি অসাধারন৷ভেতরটা পুরাই নাড়া দিয়ে উঠল৷ ইরফান সাজ্জাদ ও তানজিন তিশা হ্যাটস অব ইউ,0,0,0,0,0,0
নাটকটি খুব ভালো হইছেআর ভালো হওয়ার মূল কারণ হলো এই নাটকের মাধ্যমে নামাজের মেসেজ দেওয়া হয়েছেপরিচালক কে অনেক ধন্যবাদ এই ধরনের ভালো শিক্ষামূলক নাটক উপহার দেওয়ার জন্য,0,0,0,0,0,0
"...এই সাফল্য দেখে কয়েকদিন পর নোটিশ আসবে, ‘কর্ডলেস ফোন দিনে ৬ ঘণ্টা ব্যবহার করা যাবে না। নেটওয়ার্ক ডাউন করে দেয়া হবে’",0,0,0,0,0,0
“তুমি যে ছোটবেলা থেকে সারপ্রাইজ পছন্দ করো তাই তোমাকে সারপ্রাইজ দেয়ার জন্য এই মশাটাকে জীবিত রেখেছি... তুমি খুশি হয়েছ?”,0,0,0,0,0,0
ভালোবাসা প্রকাশ করতে করতে কখন জানি ভালো মানুষটাই হারিয়ে যায় আর বলাই হয় না সেটা অনলি মি থেকে যায়এটা কিছু কিছু মানুষের জীবনের সবচেয়ে বড় বাস্তবতাযাইহোক নাটকটা অসাধারণ হয়েছে আফরান নিশো বলে কথা,0,0,0,0,0,0
"কবির নাম ইয়াদ থাকে না... থাকলেও উনি আসলে কি বলতে চেয়েছেন, সেটা মাথায় ঢুকে না",0,0,0,0,0,0
তাই গতমাস থেকে ভেজিটেরিয়ানের গন্ডি শেষ করে এখন ফ্রুটেরিয়ান হয়ে গেছি ... টারজানের মতো শুধু ফলমূল খাই,0,0,0,0,0,0
আমার মনে হয় আমার থেকে বেশী কেউ অপুর্ব ভাইয়ের নাটক দেখেন নাআর মজিানুর রহমান আরিয়ান ভাইয়ের নাটক তো একটি ও মিস করি নাএগিয়ে যাও আমরা আছি,0,0,0,0,0,0
আমার এই রকম সহজ সরল মেয়ে এই রকম নম্র ভদ্র আচরণ করা নাটক গুলো ই ভালো লাগে যেখানে অন্য নাটক এ হাউ কাউ হয় সেসব থেকে এটা বেষ্টযদি ও মেহজাবিন এমন না ও বাস্তব এ রকম মেয়ে পাওয়া দুষ্কর,0,0,0,0,0,0
"আল্লাহ আপনার হেদায়েত দিক।ভূল করছেন আল্লাহার কাছে কেদে তওবা করেন,আল্লাহ আপনাকে মাফ করুন।মানুষ অনেক কিছু বলবে কিন্তু পরকালে হিসাব তো আপনাকেই দিতে হবে।",0,0,0,0,0,0
"সাথে সাথে আমার সামনে, অন্যের গরু কিনে নিয়ে আসছিল যে ২ জন, তারা পাশের খাম্বায় তাদের গরু বেঁধে, দিলো দৌড় আমার গরুর পিছে",0,0,0,0,0,0
তোর রেন্ডিয়ারে চোদবে চিন এবং পাকিস্তান আমার বাল ছিড়বে হিন্দু ধর্ম নামটারে দুনিয়ার মানচিত্র থেকে মুছে দিবে চিন পাকিস্তান হিজরাল দল চারাল নাপিত ফেতরা ঈত্যাদি কিছুই থাকবে না,0,0,1,1,0,0
"আমি বললাম, ‘ভাবি তো অর্ডার দিয়েছে আমাকে এটা নিয়ে লিখতে... কোন এঙ্গেলে লেখব এটা বুঝতে পারছি না... ভাবি কৈ? ফোনটা দে’",0,0,0,0,0,0
আমি নিজেই একজন ভক্তিভগী আজ প্রবাসে মাঝেমধ্যে মাথার চুলটা ছিরতে চায় সে অনেক ভালো আছে তার জন্য দোয়া করি আমার চাইতে ভালো থাকে সর্বক্ষণ,0,0,0,0,0,0
আরিয়ান ভাই প্লিজ এই নাটকটার সিকুয়েল বানাবেনএ বছরের শ্রেষ্ঠ নাটকঅপূর্ব ভাইয়ের অভিনয় সব সময় সবার মনে দাগ কেটে যায়এক কথায় অসাধারণ,0,0,0,0,0,0
একটা নাবালোক কে জামাতের চেয়ারে বসালেও সে রাজাকার । হি হি হি ভারপ্রাপ্ত দায়িত্ব পালন করলেন তিনি ছয় বছর কই তখন তো রাজাকার াহলো না,0,0,0,0,1,0
"এই কুকুরের বাচ্ছা পার্থ একটা বেয়াদব, এ কে জুতা দিয়ে পিটানো দরকার, শুয়োরের বাচ্ছা ।",1,0,0,0,0,1
একটা হরিন মারার জন্য ভারতের সেলিব্রেটি সালমান খান জেল খাটে আর কচি বাচ্চাকে মেরেও,0,0,0,0,0,0
"বুকে থাবা দিতে দিতে মুখে বড়বড় বুলি আউরাই, ‘চেতনা বুকে ধারন করতে হয়’",0,0,0,0,0,0
"বনানীর এক মাঠে, একটা গায়ে হলুদের অনুষ্ঠানে এসেছি... বিশাল ব্যাপার স্যাপার",0,0,0,0,0,0
পৃথিবীর সবচেয় অসভ্যজাত মালাউন মাল্লু মালু চির অভিশপ্ত এদের কারণে উপমহাদেশের কেউ শান্তিতে নেই,0,0,1,0,0,0
দয়া করে ভারতের যৌনতা এবং যৌন অপরাধবিষয়ক খবর এদেশে প্রচার করবেন না এসব প্রচারে এদেশের অপরাধপ্রবণ অমানুষগুলি উৎসাহিত হয় এবং অনুকরণের প্রতিযোগিতায় নামে প্রতিবেশি দেশ হওয়ায় সেখানকার সবকিছুই এদেশে সহজে চর্চা করা হয়।,0,1,0,0,0,0
"দ্যা ট্রিক ইজ সিম্পল; “বয়স বাড়িয়ে বা না কমিয়ে, আমার বয়সের সবচেয়ে পারফেক্ট মানুষটাই হতে চাওয়া উচিত আমাদের”",0,0,0,0,0,0
যেহেতু টেস্ট ও ভালো খেলছে না তাই টোয়েন্টি ম্যাচে টেস্ট প্রাকটিস করুন সাব্বির হার্ড হিটার ।,0,0,0,0,1,0
অনেকদিন পরে কোনো নাটক দেখে ভেতরটা নাড়া দিয়ে উঠলো বাংলাদেশে এত সুন্দর অভিনেতা অভিনেত্রী ডিরেক্টর আছে অথচ বাংলা সিনেমার কি হাল মানুষ এখনো হলে গিয়ে শাকিব খান পরিমনি বালছালের কোমড় দোলানো দেখে আমাদের রুচির পরিবর্তন আনা বাঞ্ছনীয়,0,0,0,0,0,0
আজকে ফুড পান্ডার জয়জয়কার... হাজারটা জয়নালকে নিয়ে একটা চরম সাকসেসফুল বিজনেস দাঁড়িয়ে গেছে,0,0,0,0,0,0
আসুন আমড়া সবাই নামাজ কায়েম করি হে আল্লাহ আমাদের সবাইকে হেদায়েত দান কর ধন্যবাদ পরিচালক ভাই এই রকম একটা সুন্দর নাটক আমাদের কে উপহার দেওয়ার জন্য লাভ ইউ নিশু ভাই ও তানজিন তিশা আপু,0,0,0,0,0,0
ভারতের মালাউনরা কোন দিন পাকিস্তান এর সাথে পারবে না । কারন পাকিস্তানিরা খায় গরুর মাংস আর মালাউনরা খায় গরুর মূত্র।,0,0,1,0,0,0
এত সুন্দর গল্প এত সুন্দর অভিনয় দিন দিন আপনারা দুইজন বাংলা নাটককে অনেক উচ্চতায় নিয়ে যাচ্চেন শেষটা মেনে নেওয়ার মতনা ভালোবাসার এমন পরিনতি মেনে নেওয়া যায়না,0,0,0,0,0,0
... আর আমি ভাবতে থাকি কাল কি গল্প বানাবো? “মৌমাছি এসেছে বাঁচাও বাঁচাও” বলে মশাকে মৌমাছি বানিয়ে কালকের দিনটা না হয় পার করতে পারব,0,0,0,0,0,0
অনেক বেশি ভাল অভিনয় খুব বেশি ভাল লাগল অনেক অনেক অনেক সুন্দর,0,0,0,0,0,0
"ভিক্ষা মানুষ মেয়েকে ভিক্ষা করতে দিলে ভালো হতো , কারণ আকাশে তারা মত জীবন উজ্জ্বল তা করে তবো অতিন্ধকে ভুলে যায়, অতিত কথাটা",0,1,0,0,0,0
ভারতের ইতিহাসের সবচেয়ে নির্লজ্জ প্লেয়ার সৌরভ।বারবার অপমানের পরেও খেলার শখ মেটেনি।,0,0,0,0,0,1
"অপু যে নিচ ফ্যামিলির মেয়ে, এটা সবাই যানে তার মা সেফালি নিজেই জানে",0,0,0,0,0,1
বহুদিন পর ভাল একটা নাটক দেখলামধন্যবাদ অমি ভাই এমন সুন্দর একটা উপহার দেওয়ার জন্য,0,0,0,0,0,0
ইন্ডিয়া মালাউনের গোষ্ঠী বেশি সে জন্য আহ কাম কুকাম করে মালাউন রা ইন্ডিয়া গেছে ঐ মালাউদের আমাদের কাছে দরি দে রাম দোলাই দিয়ে দিবো,0,0,1,0,0,0
আমি নিজে এক জন হিন্দু হয়ে কোরান পড়ছি মনে হচ্ছে আপনাদের করান মিথ্যা,0,0,1,0,0,0
একবার হলেও বাবা মা কে শেষের দিকে দেখালে ভালো হতো তারপরেও বস তোমাকে চাই আফরান নিশো ভা্ই,0,0,0,0,0,0
‘জ্বলে উঠুন আপন শক্তিতে’ থেকে শুরু করে ‘দিন বদলের চেষ্টা’... কোথা থেকে অফার পাইনি এড করার?,0,0,0,0,0,0
চোখের পানি আসার মতো নাটক সচরাচর এখনকার সময়ে দেখা খুবই বিরলতবে বৃন্দাবন দাশের নাটকগুলো খুবই বাস্তবসম্মত তার সাথে মরহুম হুমায়ুন আহমেদের নাটকগুলোও ঠিক একই রখম লাগতোভালবাসা অভিরাম বৃন্দাবন দাশ এবং শাহনাজ খুশীকেসাথে চঞ্চল চৌধুরীকেও,0,0,0,0,0,0
"আমরা ছেলেরাও কিন্তু বয়স কমাতে চাই... কিন্তু বেশী কমাতে গেলে চোখে পড়ে যায় যে থুতনি ঢিলা হয়ে গেছে বা, দাড়ির এক দুইটাতে পাকন ধরেছে",0,0,0,0,0,0
সত্যি বলতে কি আমাদের বাংলাদেশে যে পরিমাণ সুন্দর নাটক বানানো হয় তা এশিয়া মহাদেশে অন্য কোথাও দেখা যায়না,0,0,0,0,0,0
"তুই কী মাগির পুত নাকী হিজরার পুত,,
এতো গালি পাড়ে তাও স্টক কইরা মরস না",1,0,0,0,0,1
"প্রথমে সে হিন্দু ধর্মকে অপমান করেছে মুসলিম ছেলেকে বিয়ে করে, নামাজ পড়েছে, রোজা রেখেছে, সে মুসলিম সেজেছে, এখন সে আবার হিন্দু হয়ে গেছে, দু ধর্মকে অপু হেনস্তা করছে",0,0,1,0,0,0
নিশু ভাই আপ্নের নাটক যত দেখি তত ভাল লাগে সালাম তমায়,0,0,0,0,0,0
“তুমি যে ছোটবেলা থেকে সারপ্রাইজ পছন্দ করো তাই তোমাকে সারপ্রাইজ দেয়ার জন্য মশারীর একটা কোণা উঁচু গাছের ডালে লাগিয়েছি... তুমি খুশি হয়েছ?”,0,0,0,0,0,0
তুই তো টাকার কাছে তোর ধর্ম বিক্রি করছ। তুই তো মানুষ নামের জানোয়ার হারে নাস্তিক আল্লার ক্ষমা চা।,0,0,1,0,0,0
মুসলমানদের থেকে হিন্দুদের মাঝে অপরাধ হয় বেশি এটি আমি বল‌ছিনা এটি ইতিহাস বলছে,0,0,1,0,0,0
আপু আপনার কাছে একটি রিকুয়েস্ট রইল পিল্জ প্রোফাইল পিকচারটা চেন্জ করেন ।,0,0,0,0,1,0
যত দোষ নন্দ ঘোষ।দেশে দিনে যতটা শিশু জন্ম নে তাদের মাঝে যেগুলো ভবিষ্যত বাম রাম জারজরীগ হবে তাদের সবার জন্মের পিছনেও শিবির দায়ী।,0,1,0,0,0,0
নয়াদিগন্ত দেখছি উলোট পালোট নিউজ দেয়।।ভারতের ধারেকাছেও নেই পাকিস্তান।।শুধু নয়াদিগন্তের হৃদয়ে পাকিস্তান ছিঃ নয়াদিগন্ত ছিঃ রাজাকারের পেপার নয়াদিগন্ত।।,0,1,0,0,0,0
আমার একটা স্যান্ডেল হারিয়ে গিয়েছে এই মুভি দেখতে গিয়ে । মাননীয় স্পিকার আমার স্যান্ডেল দেওয়ার ব্যাবস্তা করেন,0,0,0,0,1,0
সত্তি সেরা মহিলা নাট্যকার সানাজ আপুবেঁচে থাকুনযার অভিনয় দেখে চোখ দিয়া পানি আজোরে পড়ে সেই তো অভিনেত্রী,0,0,0,0,0,0
ভাই শিখিয়ে দিলে যে পবিত্র ভালোবাসার জোর কত ভাই তুমিই সেরা,0,0,0,0,0,0
এতে ভারতে হাত আছে মনে কারণ তারা বাংলাদেশকে পোষাক শিল্পে পিছাতে চায়। তা হলে প্রতিদিনই আগুন কেন?,0,1,0,0,0,0
পৃথিবীতে সবচেয়ে বেশি নারী নির্যাতিত হচ্ছে ভারতে । কিন্তু কেন এই পরিস্থিতির সৃষ্টি হচ্ছে? ? তবে কি ভারতে নারীদের কোন মূল্য বা সম্মান নেই? নাকি? ?,0,1,0,0,0,0
"জেহাদের নামে ৭২ হুরের লোভে পৃথিবী জুড়ে সন্ত্রাস সৃষ্টিকরে নিরিহ নর, নারী ও শিশুদের হত‍্যাকরা এগুলোও খুব ভাল জিনিস তাইনা ?",0,0,1,0,0,0
পুজায় হিন্দুদের চেয়ে মুসলিম ছেলে মেয়েকেই নাচানাচি বেশি করতে দেখা যায়।,0,0,1,0,0,0
শরীরে একফোটা বিন্দুমাত্র রক্ত থাকতে শেখ মুজিবের মূর্তি বাংলাদেশে স্থাপন করতে দেওয়া হবেনা ।,0,1,0,0,0,0
"আগের দিনের জমিদারদের ছেলেরা রাজনীতি করে ফকির হয়ে যেতো,আর আজ ফকিন্নির পোলারা রাজনীতি করে বড়লোক হতে,ওদের দিয়ে ছাএ ছাএীর কি উপকার হয়",0,0,0,0,1,0
অসাধারণ অপূর্ব আপনাদের নাটক অসম্ভব রকমের প্রশংশার দাবি রাখেঅনেক অনেক ধন্যবাদঅপূর্ব ও তিসাকে ধন্যবাদ,0,0,0,0,0,0
"শয়তান যখন বলে তুই কি কি গালি পাড়স? আমি তখন বলি শয়তান তোর মারে চুদি, শয়তান বলে, এত খারাপ কথা ভাল না",1,0,0,0,1,0
"অাসলে এদের অামরা যে যাই বলি কোনো লাভ নাই এরা যে সমস্ত কাপুর চুপুর পরে, অামরাতো তাই দেখতে ভালো বাসি সে জন্যে তারা পরে",0,0,0,0,0,0
নিশো ভাই আমি তোমার নাটক অনেক পছন্দ করি আমি তোমার নাটক ছাড়া আর কারো নাটক দেখিনা,0,0,0,0,0,0
শুধু ছোট ছোট ড্রেস পড়ে শরীর দেখিয়ে পিক আপলোড দিলেই ভাল মানের সেলিব্রেটি বা নায়কা হওয়া যায় না আফা মুভিতে তো আবালনি আর ক্ষেত মার্কা অভিনয় করেন ।,0,0,0,0,0,1
রিয়াজ আপনার অনেক ভাল লাগচে মোট কথা হলো জুটিটা অনেক সুন্দর,0,0,0,0,0,0
"মরা বাকশাল জেগে ওঠো, জাগিয়ে দিলেন নেত্রী! চিরকাল ক্ষমতাসীন থাকতে চান বুঝি?",0,1,0,0,0,0
এমন একটা স্বামি পাওয়া সত্যি ভাগ্যের ব্যপার সত্যি এত্ত ভালো নাটকটা আমি এত্ত লেট করে কেন দেখলামঅসাধারণ ছিলকেদে ফেলছি,0,0,0,0,0,0
"বাংলাদেশের মন্ত্রী মিনিস্টার হচ্ছে মানুষ, জনগণ হচ্ছে গরু-ছাগল, তাই বাহিরে দাঁড়িয়ে আছে জনগণ।।",0,0,0,0,1,0
এক পক্ষ যদি ভাস্কর্য তৈরি করেছে বলতে পারে অন্যপক্ষ তা ভেঙ্গে ফেলতেও বলতে পারে। এটা গণতান্ত্রিক দেশ।।,0,1,0,0,0,0
অসাধারন একটা নাটকমাত্র ৫৩ মিনিটের নাটকে একটি পুরো জীবনকে ফুটিয়ে তোলা হইছেসত্তিই অসাধারন,0,0,0,0,0,0
কি বলবো ভাষা খুজে পাচ্ছিএক কথায় অসাধারণনাটক এতো সুন্দর হয়২ মাস অপেক্ষার ফল অনেক সুন্দর পাইলাম,0,0,0,0,0,0
"রুচি টেস্টের নিয়ম হলো, গরুর সামনে ঘাস ধরলে গরু যদি জিহ্বা দিয়ে টেনে নেয় এবং নাকের ওপরটা ভেজা ভেজা থাকে, তাহলে বুঝতে হবে গরু সুস্থ... অসুস্থ গরু খাবার খেতে চায় না কারণ ইঞ্জেকশান পুশ করার কারণে এদের পেট ভরা থাকে",0,0,0,0,0,0
নাটকটির দেওয়া অনুপ্রেরণা কাজে লাগিয়ে জীবন গড়তে চাই আমার দেখা সেরা নাটকগুলোর একটি,0,0,0,0,0,0
আমি নিজেই বাংলা নাটক আর সিনেমা নিয়া হাসাহাসি করতামকিন্তু এই নাটকের মাঝে একটি সময় আমি হারিয়ে যাচ্ছিলাম মনে হচ্ছিলো আমি নাটক না সত্যিকারের কোনো কাহানি দেখছি এগুলো সমাজের জন্য অনেক উপকৃত হবেএখন থেকে বাবা মা এর প্রতি শ্রদ্ধা বেরে গেলো,0,0,0,0,0,0
সত্যি পৃথিবীর শ্রেষ্ঠ নাটক এটা মনের অজান্তেই কখন যেন দু চোখের কোনা দিয়ে অঝোরধারায় জল জরে গেলো বোজতে পারিনি এই নাটকের সাথে যারা যারা জড়িত তাদের সবাইকে ধন্যবাদ,0,0,0,0,0,0
অনেক ধন্যবাদ মিজান ভাই কে এত সুন্দর সুন্দর গল্প উপহার দেয়ার জন্য দোয়া করি আরও ভাল কিছু দেয়ার জন্য ধন্যবাদ এনটিভি কেও,0,0,0,0,0,0
"লাইট জ্বালাই নেভাই... ফ্যানের রেগুলেটার ঘুরাই... বিছানার চাদর ফ্যানের বাতাসে উড়ে গেলে, সেটা ঠিক করি",0,0,0,0,0,0
"বাবার টাকা চুরি করতে গিয়ে ধরা পরে বাবার হাতে মাইর খাওয়ার পর, আমি খামোখা বুদ্ধির দোষে ধরা খাইছি",0,0,0,0,1,0
হৃদয় ছুঁয়ে গেল অসাধারণ অভিনয় এবং গল্প বাংলার সেরা জুটি,0,0,0,0,0,0
"পতিটি নেংটিরাই এক একটা পিয়াসাহা,তাই সবগুলোকে এখনই জুতাপিটা করতে হবে।",1,0,0,1,0,1
ইতিমধ্যেই মাত্র ১০ বছর বয়সে বিশ্ব দাবা ইতিহাসের সর্বকনিষ্ঠ ফিদে মাস্টারের খেতাব অর্জন সে করে ফেলেছে,0,0,0,0,0,0
যখন মনে করি স্কুলে পড়তে যাব তখন আমার অবস্থা আর যখন মনে করি স্কুলে মাগি বাজি করতে যাব তখন আমার অবস্থা,1,0,0,0,1,0
"কয়েকদিন আগে মশারী গুঁজার একটা নতুন পদ্ধতি আবিষ্কার করলাম... আঙুল দিয়ে না গুঁজে, চিরুনির পিছন দিয়ে খুঁচিয়ে গুঁজলে হাতে ব্যাথা লাগে না",0,0,0,0,0,0
"মামী দূর্গা যখন বলছে তখন আর কি আর করি, মামী র গুদের জ্বালা একটু মিটিয়ে দিয়ে যাই",1,0,1,0,0,0
আপুর্ব বস তোমার নাটক গুলো অসাধারণ হয়আর তানজিম তিশা আপু আমার ক্রাশ কিউট আপু,0,0,0,0,0,0
জাস্ট অসাধারন বস অসাধারন এর চেও বেশি কিছু থাকলে সেটা,0,0,0,0,0,0
। শিক্ষা দীক্ষা জলাঞ্জলি দিয়ে গুন্ডা র হাতে সিঁদুর পরার জন্য জীবনপণ করেছে । শ্রেষ্ঠ বিয়ে পাগলির পুরস্কার পাবেই । সিঁদুর পরার সময় বজ্রপাত কি দেবতাদের আশীর্বাদ ? । ওনারাই কি শঙ্খধ্বনি করলেন আর সিঁদুর মাথায় ঢেলে কৌটো নিয়ে চলে গেলেন ?,0,0,0,0,1,0
দারুন একটা ভিডিওরানুর অহংকার হয়ে গেছেআমরা উপরে তুলে ছিআমরাই আবার স্টেশন এ বাসাবো,0,0,0,0,0,1
মাগীর বাচ্চা খানকি কাংলাদেশির বাচ্চা। তোর আম্মির ভোদা দেশি লেলি কুত্তা দিয়া চোদাই মাগীর বাচ্চা।,1,0,0,0,0,1
বিধর্মী স্টাইলে পশু জবাই করে পদ্মায় ভাসিয়ে দিয়ে শুরু করা হলো পদ্মা সেতুর কাজ অসাম্প্রদায়িক বলে কথা,0,0,1,0,0,0
"আওয়ামীলীগের মহসিন আলীর বক্তব্য অনুযায়ী তার ২ মেয়ে খবিশ সাংবাদিক, এরা জমুনা টিভিতে কাজ করে",0,1,0,0,0,0
যে দোষ করেছে তার বিচার হওয়া উচিত। এরজন্য যেন সম্প্রদায় উপর দোষ দিয়া উচিত না তাহলে ভারত আর আমার মধ্যে পার্থক্য থাকবে না।,0,1,0,0,0,0
শামীম ভাই কি বলে বুজাবো আমি আপনার সাচ্চা ফ্যান আছি থাকবোআসলে বন্ধুত্বের স্বৃতি কখনো ভুলার নইঅসাধারন অভিনয় প্রতিবারের মতোইশেষ মূহুর্তের দৃশ্যে আবেগময় হয়ে পড়েছিলাম,0,0,0,0,0,0
এর গান শুনা বন্ধ করে দিলে ভালো হয় যে যেমন তার সাথে তেমন করতে হবে,0,1,0,0,0,0
ওদের কে ওদের মতো থাকতে দাওভিডিও টা করা উচিত হয় নিওদের ও তো ফ্যামিলি আছে,0,0,0,0,0,0
সব চাইতে বেশি ভালো লাগছে নামাজের জন্য দাওয়াত দেয়াটা আসুন আমরা সবাই বেস্তার মাঝেও একটু সময় বের করে সময় মতে নামাজ আদায় করি,0,0,0,0,0,0
সবার কমেন্ট পড়ে নাটক দেখা শুরু করলাম আশা করি ভালো হবে কারন নিশো এবং মেহেজাবিন আছে তাই৷ ধন্যবাদ সবাইকে,0,0,0,0,0,0
তুই শিব নুনু চুষা পাবলিক তুই কি বাল মনে করলি তাতে ইসলামের কিছু আসে যায় না,1,0,1,0,0,1
নির্মাতা ও লেখক হিসাবে আপনি অসাধারন মন ছুঁয়ে গেল কান্না ধরে রাখতে পারিনি,0,0,0,0,0,0
"বারান্দা থেকে দুই মেয়ের চিৎকার শুনছি, “বাবা প্লীজ বাবা প্লীজ”",0,0,0,0,0,0
উনাকে বাংগি এর সরবত খাওয়ানের জন্য জোর দাবি জানাচ্ছি । আশা করি মন ভালো হয়ে যাবে ।,0,0,0,0,1,0
৩ বার দেখলামবছরের শেরা নাটক সুদুর প্যারিস থেকে অসাধারণ এবং নতুনত্ব,0,0,0,0,0,0
জাতীয় পতাকাকে পবিত্র জায়নামায বানিয়ে মান বাড়িয়েছেন? নাকি জাতীয় পতাকাকে কুত্তার গায়ে জড়িয়ে মান বড়িয়েছেন,0,1,0,0,0,0
নিশো ভাই ভালোবাসা নিরন্তর আপনার মত গুনি অভিনেতা খুব কমএই দেশেহুমায়ুন ফরিদির ছায়া দেখতে পায় আপনার মাঝে বেশি ভালো লাগে ভাই,0,0,0,0,0,0
এই খানকির বাচ্চাটারে আসেপাসের মানুষ গনপিটানি দিয়া মেরে ফেললনা কেন। বেজন্মাটা আজকে মারসে একজনকে। ভবিস্যতে মারবে হাজার হাজার মানুষ। মানুষের উচিত ছিল এই বেস্যা মাগি খানকি নটি শুওরের পুটকি দিয়া পয়দা হওয়া চুদানির পুতটারে অইখানেই মাইরা ফেলা।,1,0,0,0,0,0
আখম হাসান নাটক দেখার মজাই আলাদা যাদের ভাল লাগছে তারা লাইক দিন,0,0,0,0,0,0
ভাগ্য ভাল ভিডিওটা করার সময় বুঝতে পারেনি ওরা না হলে তোমাকে ও চুদে দিতো,1,0,0,0,1,0
আমার দেখা নাটকের মধ্যে সর্বকালের সেরা একটা নাটক নাটকটা যতবার দেখি ততবারই নাটকের মধ্যে নিজেকে হারিয়ে ফেলি নাটকটার পুরোটাই আমার জীবনের সাথে মিলে যায়,0,0,0,0,0,0
নামাজের জন্য নাটকটা সবচেয়ে বেশি ভালো লাগছে আফরান নিশো এবং তাজরিন তিশা দুজনের অভিনয় ভালো হইছে ফ্রেন্ড এন্ড লাভ,0,0,0,0,0,0
নাটকটা সুপার খুব ভালো হয়ছে যার যার ভালো লেগেছে তারা লাইক দিন,0,0,0,0,0,0
"মানুষের নিরাপত্তা ব্যবস্থা  নিশ্চিত করতে সরকার ব্যর্থ হয়েছে। যে দেশের পুনিল মানুষকে হত্যা করতে পারে,সে দেশে সাধারণ মানুষের নিরাপত্তা কে দিবে। এই প্রশ্ন এখন সমস্ত জনগণের |",0,1,0,0,0,0
মোদী বিশ্বের দশ নাম্বার কুখ্যাত সন্ত্রাসি তার মুখে ঐ রকম নোংরা কথাই আসবে তোরা মুসলমান দের হিংসা করিছ অতছ লক্ষ লক্ষ মালাউন মুসলমান দেশ গুলাতে যাইয়া কাজ কাম করিয়া জীবন বাচাই একটু লজ্জা সরম থাকা উচিত,0,0,1,0,0,0
"তুমাকে গালাগালি জন্য আমি জুতা দিয়ে মারমু সেফুদাদা বাংলাদেশে পাইলে হালা হারামি,আর হিরু আমাদের মনে ভাই তুই কি বলা লাগব হারামি হিরু ভাই তুমাকে ভালবাসি।",0,0,0,1,0,1
বাংলাদেশী হিন্দুরা ভারতে এসে একথা বলে। কই এইসব খবর কোনদিনই ছাপেন না তো। অন্য দেশের মিথ্যা কথা ছেপে নিজের দেশের দোষ ঢাকেন? কি চমৎকার নিজের মুখে চুন কালি রেখে অন্যের মুখে চুন কালি মাখছেন?,0,1,0,0,0,0
প্রথম আলো তে যারা চাকরি করে তাদের সবার মায়ের গনোরিয়া ছিল যখন তারা তাদের মায়ের গর্ভে ছিল। সেলিম ওসমান এর কোথায় ঠিক এক নম্বর এর খানকির পোলা,1,0,0,0,0,1
"অস্ত্রের হিসাব, থানায় না থাকলেও এদের কাছে ছিল... তাও আপ টু ডেট",0,0,0,0,0,0
তানজিন তিশা আপুর সংগে আরফান নিশো ভাইয়াএই জুটি টা আমার কাছে অসাধারন লাগে দুই জনার সংগে মিলেও একদম পারফেক্ট নাটক টি সুন্দর হয়েছেবরাবরই তানজিন তিশা আপুর নিশো ভাইয়ের অভিনয় আমার কাছে সেরা অভিনয়ধন্যবাদ,0,0,0,0,0,0
ভজনবাবু ভোজন করতে গেছেন নেকামী করে করে হাফিয়ে গেছেন তাই এত ভাড়ামো দেখালে দর্শকরাও একদিন বিদেয় নেবে এক নম্বরের ভাড়ামো নেকা ষষ্ঠী সিরিয়াল,0,0,0,0,1,0
যে বছর টমেটোর ফলন কম হয়... সে বছরই কেন জানি আমাদের টমেটো প্রীতি বেড়ে যায়... সব তরকারিতেই টমেটো দিতে হবে তখন আমাদের,0,0,0,0,0,0
ভারতে যখন মুসলিমদের ওপর নির্যাতন হয় সেটা কি আপনার বাবায় লিখবে সেই আসায় থাকেন? এসব একতরফা লেখালেখি বন্ধ করেন পারলে সবার দোষ তুলে ধরেন। ধন্যবাদ,0,0,0,0,0,1
আমার দেখা জীবনের শ্রেষ্ঠ নাটক আজও ভুলতে পারিনি তোমাকে টা বছর ধরে শুধু তোর কথাই আমাকে বার বার কাদায়,0,0,0,0,0,0
কিছু বলার নাই গুরুদেব সেরা ছিল আছে আর থাকবে আমার মনে অপূর্ব ভাই সত্যি অপূর্ব,0,0,0,0,0,0
আসলে এই নাটকে নামাজের কথা গুলো তুলে দরার জন্য আপনাদের কে অনেক ধন্যবাদ আমি চাই সব গুলো নাটকে নামাজের বিষয় গুলি তুলে দরবেন নাটকটা অনেক ভালো লাগছে,0,0,0,0,0,0
ভিখারির হাতে এক টাকা দিয়ে ছেড়ে দেওয়াই ভালো এর থেকে বেশি কিছু করতে গেলে এই রকমই হবেআমিও ঠকে শিখেছি,0,1,0,0,0,0
ভারত যদি ভুটানের সাথে খেলে তারপরও আমি ভুটানের সাপোটার কার ভারত জিতলে একটি দেশ জিতে যায় আর ভারত হারলে ত্রিকেটের জয় হয়,0,1,0,0,0,0
"হিন্দু বলে কোন ধর্মই নেই ইসলামই একমাত্র পৃথিবীর মধ্যে ধর্ম,তাইতো ইসলাম ধর্ম গ্রহণ করছে।",0,0,1,0,0,0
"আমাদের সময়ের ফার্স্ট বয়... যারা বোর্ড স্ট্যান্ড করেছিল, তারা হয়তো ভালো চাকরি করছে... ২/৩ লাখ টাকা বেতন পেয়েই খুশি",0,0,0,0,0,0
অামি বুঝিনা ধর্মপ্রান মুসলিমরা কেনো অাপনাকে বাজে মনত্ব্য করছে অাপনি পরকালে বিশ্বাসী হন বা না হন সেটা অাপনার ব্যাপার পরকালে সব মানুষ কে বিশ্বাস করতেই হবে এমন তো নয় যাদের কোপালে হেদায়েত অাছে তারাই একমাত্র বিশ্বাস করবে পরকালে।,0,0,1,0,0,0
এরকম নাটক হলেদেখে আর আফসোস করতে হয় না যে সময়টা বেহুদা নষ্ট করলাম ছিলো অনেক ম্যাসেজ,0,0,0,0,0,0
কাজল আরেফিন অমি ভাই আপনার নাটকে নামাজ পরার সীন টা ভালো লাগছে আশা করি সব নাটকে যদি এরকম নামাজের সীন থাকে সবায় দেখতে আরো আগ্রহী হবে,0,0,0,0,0,0
নাটক টা অসাধারন ছিল কিন্তু আমি আসা করি নিসু ভাই আরো ভালো নাটক উপহার দিবে যাহা আরো মনোমুগ্ধকর,0,0,0,0,0,0
প্রথমআলো কয়েক দিন পর এরকম নিউজ দিবে যে কটকটি বেগম জোড়ে পাদ দিয়েছেন তার পাদের সুবাসে গোটা ভারত সুবাসিত।যত সব ফালতু নিউজ প্রথম আলোতে দেয়,0,1,0,0,0,0
ভাই আপনার লেখা হাললুম বই টি কিনতে গিয়েছিলা কিনতে পারিনি দুইশো শত টাকা চায় আমার কাছে একশো শত টাকা ছিলো এখন বই টি কি ভাবে পাবো আপনার বই বলে কথা আমার নিতেই হবে,0,0,0,0,1,0
"মেরে দে মামা! মেরে দে, ইনসেপ্টার ৩০ লাখ টাকা ত্রাণের ২৭ লাখই আত্মসাৎ",0,1,0,0,0,0
শত চেষ্টা করে তুমি ব্যাংক ডাকাত হতে পারবে তবে তারেক জিয়া হতে পারবে না।,0,0,0,0,1,0
তার মানে আপনাদের কাছে পইড়াই সেরা হইছে ? জয়কলির কোন অবদান নেই আপনাদের কয়েকটা এক্সাম দিলেই ছেরা হয়ে যায় ?,0,0,0,0,1,0
হিন্দু ভাইরা এই এই হিন্দু লোকের কথা শুনলে হিন্দু থেকে মুসলিম  হয়ে যাবে,0,0,1,0,0,0
"সে কিছুক্ষণ ভেবে বলবে, “খালি বয়ম কি আসে? নাকি কিনে নিয়ে যামু”",0,0,0,0,0,0
ওনার তো জন্ম মনে হয় ভারতে ভারতের জন্য কাঁদবেন না বার্মার জন্য কাঁদবে নাকি ।কপালের সিধুর ভুলে গেলেন নাকি ।,0,1,0,0,0,0
"সময়মতো সব খুলে দেওয়া হবে- তারানা হালিম, না না সব খুলতে হবে না আপনার লজ্জা নাও থাকতে পারে,শুধু ফেসবুক খুইল্লা দেন",0,0,0,0,1,0
গল্পটা ভিন্ন ভাবে প্রেজেন্টস করাই মুল বিষয়ঈদের দেখা সেরা নাটকআমরা আগামী ঈদেও এর সিকুয়েল চাই,0,0,0,0,0,0
"এইবার হিন্দুদের বিতারিত করার সময় হয়েছে, আদুরে রাখছি তাই ভাল লাগেনা যুদি ইন্ডিয়ান মুসলিমদের মত অত্যাচার করতাম বলায়তাম লা ইলাহা ইল্লাল্লাহু তাহলে ঠিক হত।",0,0,1,1,0,0
মিডিয়ার মুখে হক কথা সুনতে পাইলাম মুদি পুরা ভারতকে চোর বানালো।,0,1,0,0,0,0
শ্রীজিৎ হচ্ছেন হাতমারা কাশেম আর মিথিলা হচ্ছেন আংগুল মারা পার্বতী তাই দুজনে ঠিক করেছেন দূরদূরান্ত থেকেই হাত মেরে আর আংগুল মেরে তাদের জীবনটা কাটিয়ে দেবেন আর হোয়াটসঅ্যাপে সাইবার করবেন তাইতো এখন শ্রীজিৎ হচ্ছে কলকাতায় মিথিলা হচ্ছে সুইজারল্যান্ডে,1,0,0,0,0,1
ভারত ম্যাচ জাতার জন্য সব করতে পারে দুর্বল দল হলে চুরি শক্তিশালী দল হলে ভন্ডামি পূজা ৷,0,1,0,0,0,0
"“ম্যাডাম বললাম তো চিন্তা করবেন না... আমরা যা করা লাগে করছি... এখন মুখে অক্সিজেন দিচ্ছে, আর হাতে স্যালাইন দেয়া হচ্ছে... সে মোটামুটি সুস্থ”",0,0,0,0,0,0
"বাশডলা খেয়ে বলে আমি কি করছি, আমি কি করছি।,আবুইল্লা হালা",0,0,0,0,1,1
নামাযের যে বার্তা দেওয়া হয়েছে তা খুবই সুন্দর নাটকগুলোর মাধ্যমে এমন সুন্দর বার্তা দেওয়া উচিত ধন্যবাদ গল্পকারকে এজন্য,0,0,0,0,0,0
"মৃতপ্রায় খাদিজার সাথে নির্লজ্জ সেলফি, মানবতার সাথে আর কত উপহাস করবে এই বেহায়ালীগ নেত্রীরা",0,0,0,0,0,0
"ভারতের ঘটনা নিয়ে সমালোচনা করা ডাকসু ভিপির কাজ নয়, পা চাটা তথ্য মন্ত্রীর বক্তব্য",0,0,0,0,0,1
তসলিমা নাসরিন এর মতো ভারতে পাঠাতে হবে শুয়োরের বাচ্চারে অবশ্যই দেশদ্রোহী মামলা করা উচিৎ।,0,0,0,1,0,0
"... এই মাইন্ডসেট থেকে যতদিন না বের হতে পারব, ততদিন এই জেনারেশান ফ্লারিশ করবে না",0,0,0,0,0,0
"তুই তুর দেশের না, মা এর নয়, তুই নয় হিন্দুর নয় মোসলিমের, তুই হলি শয়তানের শুধু শয়তানের, হারামযাদা কুত্তার বাচ্ছা।",0,0,1,0,0,0
অলিম্পিক হয় ৪ বছরে এক বার... বাকি পনে ৪ বছর ওদের খোঁজ রাখি আমরা?,0,0,0,0,0,0
"এ নাস্তিককে জনসাধারণের সামনে ফাঁসি দেয়া হোক,,ওর ৯০%এই মুসলিম দেশে বেঁচে থাকার কোন অধিকার নাই",0,0,1,1,0,0
শাকিব ভাইয়া আমরা সকল শাকিবিয়ান চায় আপনি অপারেষণ অগ্নিপথ মুভিটা শেষ করুণ প্লিজ,0,0,0,0,0,0
এই পিচে এই রান অতিক্রম করা আর প্রশান্ত মহাসাগরের ভেলায় পাড়ি দেওয়া এক,0,0,0,0,1,0
বাংলাদেশ কি ইন্ডিয়ার অঙ্গরাজ্য? র এসে ছোঁ মেরে নিয়ে গেল অনুপ চেটিয়াকে,0,1,0,0,1,0
ভাই আপনি কেন ছয় মারতে কষ্ট হয় রাসিল্লা এগুনে যখন ছয় মারে তখন কষ্ট লাগে দরকার হলে খানা বাড়ায় দেন তারপরে ও মানইজ্জত রাখেন ।,0,0,0,0,1,0
এই সব পিশাচ শয়তানের দল একটা একটা করছে অঙ্গ কেটে হাসপাতালে নিয়ে মৃত্যু দিতে হবে তবেই বুঝবে আর কি ফাঁসি হলে তো সহজেই মরে যায় যন্ত্রণা অনুভব হলে কি করবে নরকের এই সব সব কীটরা,0,0,0,1,0,0
গান গুলো নাটকের সাথে মিলে গেছে তাই বেশী ভালো লাগলো,0,0,0,0,0,0
জুতা মারি গরুদান মারান!! আপনার আম্মা আব্বার খেলা দেখে কি সিউর হইছিলেন আপনি তাদেরই মেয়ে???,0,0,0,1,0,1
মাগি তর কি বড় ভাই নাই। তার সাথে ও ত খারাপ কাজ করতে পারিস,1,0,0,0,0,1
এই শালা মাদারচোদ তাকিয়ে দেখ ঐ লাল সবুজের পতাকার দিকে এখনো চিৎকার করে বলতেছে শহীদ ভাইদের কথা ৷,1,0,0,0,0,1
কোন লাভ নেই আগে দেশের অসহায় গরিব মানুষদের চিকিৎসার ব্যাবছথা করো আর যতই অসএ কিনেননা কেন পাকিসতানের সাথে যুদধ করে পারবেননা বরং যুদধ করলে ভারত খনডো বিখনডো হয়ে যাবে।,0,1,0,0,0,0
"লুইচ্চার বাল, বামে কি দেহস? রোযার মাসে ও মাগিবাজি বন্ধ করলি না",1,0,0,0,0,1
এখানে মালাউনদের আস্ফালন দেখা যাইতেছে। তোরা আগে গো মূত্র খাওয়া ছাড়,0,0,1,0,0,0
নাটকের শেষ সিন টা ধারুণ ছিলরিয়াজ ভাইয়ের জন্য শুভকামনা এন্ড ভালোবাসাওনার সব নাটকী দেখা হয়আরো নতুন কিছুর আশা রাখছি,0,0,0,0,0,0
নাটকটি যে কতবার দেখলামএত্তগুলা রোমান্টিক কাহিনী আমারও যদি প্রিয় মানুষ টা কাছে থাকত,0,0,0,0,0,0
ধর্মকে ভিত্তি করে কোন রাজনৈতিক দল হতে পারেনা- তারেক মাদরাসা ও মাদরাসা ছাত্র কমানোর কাজ শুরু করে দিয়েছি- জয় পার্থক্য নেই,0,0,1,0,0,0
নাটকটা অসাধারননামাজকে এতটা মূল্যায়ন করার জন্য পরিচালককে অনেক অনেক ধন্যবাদ,0,0,0,0,0,0
বাংলাদেশের সরকারের কাছে আমার একটা প্রশ্ন মুসলিম কেই জামাতের আমির হলেই কীসেই রাজাকার তাহলে শুনে রাখুন এর পরিনিতি বালো হবেনা ? আমার আরও একটা প্রশ্ন এখন যদি সালে জন্মগহন কারি কেই জামাতের আমির হয় তাহলেও কি সেও রাজাকার,0,1,0,0,0,0
অসাধারন একটা নাটক খুব ভাল লাগে অপূর্ব এর নাটক গুলো অপূর্ব এর সব নাটক গুলোই দারুন রোমান্টিক,0,0,0,0,0,0
যে কপালে নাই তাকে মনে হই পাওয়াই যাই না আর আরিয়ান আপনি শ্রেষ্ঠ,0,0,0,0,0,0
খানকির পুলারা তোরা কবেলা কজন মানুষ কে খাইয়েছিস মাদার চোদেরা,1,0,0,0,0,1
"“কোনও লাভ হবেন ভাইয়া ... শুধু নিজেরা একটু শিওর হতে চাই, সবাই যে বলে, ‘বাঙ্গালী একাই একশ কিন্তু একশো বাঙ্গালী কখনও এক হতে পারে না’... এটা আদতে ঠিক নাকি”",0,0,0,0,0,0
আসসালামুয়ালিকুম আরেফিন ভাই এই নাটকে নামাজের মেসেজটা সবাইকে পৌঁছে দেয়ার জন্য আপনাকে অনেক অনেক ধন্যবাদ,0,0,0,0,0,0
"সবাই ছেপ মুখে রাখুন, লোকসংখ্যা অধিক হ‌ওয়ায় বেশি সময় নষ্ট না করে সারিবদ্ধভাবে দাঁড়িয়ে সিরিয়াল আসলেই পাতেদেওয়া পুট্কিটা ছেপ দিয়ে মেরে অন্যকে মারার সুযোগ করে দিন।",1,0,0,0,0,1
যে নিজে চলতে সক্ষম নয় সে কিভাবে অন্যকে খুন করে? পুলিশের অত্যাচারেই আমার সন্তান মারা গেছে- হাফিজুরের বাবা,0,1,0,0,0,0
অসাধারণ নাটকধন্যবাদ বৃদাবন দাস স্যারকে অনেক ধন্যবাদ এইরকম নাটক উপহার দেওয়ার জন্য,0,0,0,0,0,0
আফরান ভাই আপনার অভিনয়ে আমি মুগ্ধ আর যদি পার্টনার হিসেবে তিসা আপু থাকে তাহলে তো কথায় থাকে না ভাই আশা করছি আরও ভালো নাটক উপহার দিবেন আমদের ভালো থাকবেন আল্লাহ হাফেজ,0,0,0,0,0,0
সত্যি খুব ভালো লাকছে এগিয়ে যাছে বাংলা নাটক এমন করে এগিয়ে যাক আছি সব সময়,0,0,0,0,0,0
নাটক দেখে আমার ভাষা হারিয়ে ফেলেছি আমি কি লেখবো অসাধারণ নাটকটি ভাইয়া ও আপুকে অনেক অনেক ধন্যবাদ,0,0,0,0,0,0
নাটক টা দেখলাম অসাধারন হইছে নিশু ভাই ত আমার পছন্দের একটি অসাধারন মানুষ আর তিশা আমি তুমার চেহেরাটাই ভুলতে পারিনা জানিনা তুমি কার ভাগ্যে আছু আমার খুব পছন্দের একটি বাগানের গোলাপ নাম তার তানজিনা তিশা গোলাপের মতোই অপরুপ,0,0,0,0,0,0
অসাধারন একটা নাটক দেখলামআমার দেখা নাটকের মধ্যে এটা সেরা নাটক এবং নাটক থেকে বাস্তব কিছু শিক্ষা গ্রহন করলাম ধন্যবাদ নাটকের কলাকৌশলি এবং অভিনেতাদের,0,0,0,0,0,0
বাংলাদেশের সবচাইতে বেস্ট ডিরেক্টর কেউ যদি থেকে থাকে সেটা হচ্ছেমিজানুর রহমান আরিয়ান সত্যিই সে অসাধারন নির্মাতা স্যালুট জানাই আরিয়ান ভাইকে,0,0,0,0,0,0
"আর খুনিদের বিচার হবে এই ঘটনা নিয়ে, আপনারা দুর্নীতি করছেন এবং আদালত ভুল বলেছেন, নুসরাত হত্যার ফাসি চাই",0,0,0,1,0,0
আসলো একটা খানকি মুসলমান মারো বাম্ সেখাবো কোন দূঃখ নাই ওর দুঃখো ভারতো মালাউন মরলো।,1,0,1,0,0,0
অসাধারণ খুবই ভালো লাগলো সুন্দর কিছু মেসেজ ছিলোলাভ ইউ বস আফরান নিশোলাভ ইউ তানজিন তিশা,0,0,0,0,0,0
এই সালার বোলিং এ্যাকশন অবৈধ। ওকে নিষিদ্ধ করা উচিত। মালাউন রেন্ডিয়ার খেলোয়ার না হলে অনেক আগে তারে আইসিসি নিষিদ্ধ করত,0,1,0,0,0,1
ভারতের কি হবে? ভারতের ঘুম হারাম ভারতের বাবা ছিল রাশিয়া।,0,1,0,0,0,0
তোরা দুই জনে অাসলে মাগি। কেমনে তুলনা করলি মারে মাগির সাথে। চুদির মাগি!,1,0,0,0,0,1
আমি বুড়া হয়ে গেছি তুমি বুড়ি হয়ে গেছ কিন্তু কাট এখনো বুড়া হয় নাই শুধু মাঝের মধ্যে ক্যাচ ক্যাচ করেকথাটা অনেক মজাদার ছিল,0,0,0,0,0,0
"যে স্টোরি মাথাতে আসে, সেটাই দেন... আমি দরকারে সেই স্টোরি গুছিয়ে নিব... কিন্তু রাফ আইডিয়াস দেন প্লীজ",0,0,0,0,0,0
অনেক ভালো লাগলো আল্লাহর কাছে প্রার্থনা করি আমি যেন নাটক এর স্বার্থপর চরিত্রের মতো না হয়,0,0,0,0,0,0
খুবই গুরুত্বপূর্ণ বিষয় হচ্ছে নামায পড়া নামাজ আমাদের জন্য ফরজ আমাদের সকল কাজের মধ্যে ও আল্লাহর হুকুম পালান করা এই নাটকের চরিত্র এখানে আমাদের উৎসাহিত করলো,0,0,0,0,0,0
আরফান নিশো ভাই সেই রখম নাটকটাএবং তানজিলা আপুকে অনেক অনেক ধন্যবাদকেমন হইছে নাটকটা বন্ধুরা,0,0,0,0,0,0
নিশো ভাই আর মেহজাবিন তার ওপর মিজানুর রহমান আরিয়ান ২০১৯এর সেরা টেলিফিল্ম নিশো ভাই তার কেরেক্টা টা যেই ভাবে ফুটিয়ে তুলেছে আমি চেলেন্জ করে বলেতে পারি তা আর কেউ পারবে না পারলেও এতো সুন্দর হবে নালাভইউ নিশো ভাই,0,0,0,0,0,0
আমার দেখা বেস্ট একটা নাটক ছিল অসাধারণ মিনিটে পুরো জীবনের বাস্তবতা টা দেখে নিলাম,0,0,0,0,0,0
নাটকের গল্পটা একদম সিম্পল কিন্তু এই সিম্পল গল্পটাকে অসাধারণ ও কলিজার মধ্যে লাগাতে ব্যকগ্রাউন্ড মিউজিক + প্রত্যেক টা ইমোশন কথাগুলো একদম মনে যেনো গেঁথে যায় ঠিক এই ভাবে ইউজ করছে আরিয়ান ভাই লাভ ইউ নিশো মেহজাবিন,0,0,0,0,0,0
"...""এদের সাথে আমাদের পার্থক্য হলো যে এদের খুশি করা যায় খুব সহজে""...আজকে আপনার বাসার দারোয়ানকে হাসি মুখে বলে দেখেন;",0,0,0,0,0,0
এতোদিন পর এই নাটক টা দেখে চোখের পানি ধরে রাখতে পারলাম না আর এদের কে দেখে মনে হচ্ছে আমি নিজেই বুড়া হয়ে গেছি সত্যিই অসাধারন একটা বাংলা নাটক,0,0,0,0,0,0
"মন খোলো, পৃথিবী খুলে যাবে আমি তো সব খুলে ফেলেছি, পৃথিবী খোলে না কেন?",0,0,0,0,1,0
"ঘরে ঘরে মানে লিটারালি ঘরে ঘরে... কোথায় যাওয়া হয়নি? কুড়িগ্রামের বন্যা পুনর্বাসন কেন্দ্র থেকে শুরু করে রহিঙ্গা ক্যাম্প, রাজশাহীর পদ্মার চরাঞ্চল, নারায়ণগঞ্জের জেলে পাড়া, ঢাকার রেলস্টেশনগুলো, পঙ্গু হাসপাতালের সুবিধাবঞ্ছিত ওয়ার্ড... নাম বলে শেষ করা যাবে না",0,0,0,0,0,0
ইতিহাস  আছে জয় চোরা রাম বলে মুসলিম মারে ভারত বর্ষে।,0,0,1,0,0,0
হায়রে আজব দুনিয়া মায়ানমারে মুসলিম মাইরা শেষ কিইরা ফালাইলো কোন কথা নাই ভারতে ট্রেন দূর্ঘটনায় দিদির শোক । এতই যদি দরদ ভারতের প্রতি দিদি ভারতে চইলা যান।,0,0,1,0,0,0
টেন্ডু গাঙ্গু ধনি কলি রহিত। পুরো ভারোত এসে পর তোদের সাথে খেলা হবে দেখি তোরা কতো করতে পারিস পরে দেখা জাবে শালা মালাউনের বাচ্চা মালাউন,0,0,1,0,0,0
বাংলা ছবির বদনাম তোরাই আমার মনে হয় না পরীমনি নায়িকা হওয়ার পরে সিনেমা হলে গিয়ে পরিমনির একটা ছবি দেখছি,0,1,0,0,0,0
"হিজরা মাগীর বিজ্রা শালা।
তোর ১৪ঘুষ্টিরে চুইদ্দা কই দিমু ফালা ফালা।",1,0,0,1,0,1
ভারতের মালাওনের বাচ্চা তদের কে বলিকি নিজেদের চিন্তা ভাবনা কর বাংলা দেশ মুসলমানদের দেশ এই খানে কোনো হিন্দুদের নাক গলানো লাভ নেই,0,0,1,0,0,0
এই সমস্ত পাগলের বিলাপ কইরা লাভ নাই। বন্ধুকের নল ভারতের দিকে কাত করে আছেন মানা করব না কিন্তু দয়া কইরা চীন থেকে যে যুদ্ধ বিমান নিছেন অইডারে একটু মিয়ানমারের দিকে ঘুরায় আনেন। রোহিঙ্গাদের জন্য কিছু করেন জনাব নওয়াজ শরীফ।,0,1,0,0,0,0
মেধাবী হলেও জামায়াত-শিবির সরকারি চাকরি পাবে না : শাজাহান খান,0,1,0,0,0,0
‘মুমির মামা আধা ঘণ্টা মাথা বানিয়ে দাও তো... বাসায় যেয়ে অংক করতে হবে... আধা ঘণ্টার বেশী না... ওকে?’,0,0,0,0,0,0
দালাল কোথাকার তর যদি লজ্জা থাকে ঐক্যের বেপারে একটা কথা বলবি না ।,0,0,0,0,0,0
সবথেকে ভালো লাগলো নামাজের বিষয়টি আপনি মুসলিম হলে অবশ্যই তা সাপোর্ট করবেন,0,0,0,0,0,0
শত নির্যাতিত মানুষের জায়গায় হয় না কিন্তু লক্ষ ভারতীয় অবৈধ ভাবে শুধু থাকলেই না কাজও করছে বিনা সুলকে,0,1,0,0,0,0
ভারতে যোদি মসোলমান দের উপর ধর্মিয় হস্তক্ষেপ বা অন্যায় হয় তাহলে কি আপনি বাংলার হিন্দুদের উপর হামলা করবেন প্রশ্ন রইলো সালে বাংলায় হিন্দু ছিলো দিনদিন বাংলায় যে হারে জনসংখ্যা বারছে না কমছে সুধু হিন্দুদের,0,0,1,0,0,0
"ভ্যালেন্টাইন ডে তে ঢাকায় প্রকাশ্যে চুমুর ঘোষণা, জুতা হাতে দলে দলে যোগ দিন",0,1,0,0,0,0
খুন করেই দেখ না একবার ভারতবর্ষের বুক থেকে বিরোধী আর মোল্লাদের নিকেশ করে দেব ।,0,0,0,1,0,0
"আলু দিলাম, তাও খেলো... লেবু চিপে দিয়ে ডাল দিয়ে ভাত দিলাম, তাও খেলো",0,0,0,0,0,0
তুমি তোমার ভুল বুঝতে পেরেছো এটা ভালো দিক। আল্লাহ তোমাকে ক্ষমা করুক এই প্রার্থনা করি। আমিন,0,0,0,0,0,0
কিন্তু ... কিন্তু চেক ইন দাওয়ার মতো আমাদেরও কিন্তু হাজারো গর্বের জায়গা আছে,0,0,0,0,0,0
"আরে ব্রাদার আপনি আপনার নিজ ধর্ম নিয়ে থাকুন না,হিন্দু ধর্ম সম্পর্কে আপনার জ্ঞান সীমিত বলেই মনে হচ্ছে ,হিন্দু ধর্ম  এর ভিতরে না ঢুকে সঠিক ব্যাখ্যা করতে পারছেন না",0,0,1,0,0,0
তার উত্তরাধিকারি যারাই বেঁচে  থাকবে তাদের কাউকে রেহাই দেয়া হবে না,0,0,0,1,0,0
বাংলা নাটক দেখে আত্মতৃপ্তি পাই ঝরে অশ্রু আনন্দের কিংবা বেদনার,0,0,0,0,0,0
অসাধারন আরফান নিশো ভাই এর অভিনয়অনেক দিন পর সালমান শাহ এর স্টাইলে নিশো ভাই এর অভিনয় দেখলাম,0,0,0,0,0,0
আমার জীবনের দেখা সেরা নাটক নাটকটা দেখতে চোখের কুনাই জল চলে আসল,0,0,0,0,0,0
"মেডাম আপনি কি সিঙ্গেল, হ্যাঁ তাও তোকে করতে দিব না, আরে পাগলচুঁদি ঐদিকে সইরা বস এটা ৪ জনের সিট",1,0,0,0,1,1
"যেমন কোনও ধর্ম বলে না, খারাপ কাজ করো... পাপ করো",0,0,0,0,0,0
মাল ব্যবসায়ীরা এখানে খেলে চুদলে মজা ই মজা হওয়া যাবে,1,0,0,0,0,0
বৃন্দাবন দাস আর সালাউদ্দিন লাভলু বাংলাদেশে নাট্য জগতের দুই মহারথী,0,0,0,0,0,0
সালমানের মতো এটাকেও সমর্থন করুন প্লীজ । সবাই একটু স্টার্ট নিন । যারা সালমান এর সাথে দেখা করলেন তাদেরও পাব্লিক লাথি দিয়া বয়কট করবে,0,0,0,1,0,0
দেশের মানুষ কি এতই মূর্খ।যেখানে মালাউনের বাচ্চারাআমরা সারাক্ষন নিজেদের নিরাপত্তা নিয়ে সংশয় সেখানে কিভাবে শিমুল গাছে গা চুলকাতে যাই যেখানে গা থেকে রক্ত বের হওয়ার সম্ভাবনা থাকে।না এটা ভন্ডবাদী ঐ ধর্মভিরুদের চক্রান্ত ছাড়া আর কিছুই নয়।,0,0,1,0,0,0
অনেক দিন পরে ভালো একটা নাটক দেখলাম আর কিছু শিক্ষতে পারলাম,0,0,0,0,0,0
উফ ভাই নাটক টা কি জে ভালো লাগতেছে বলে বুজাতে পারবো নাপ্রবাসে থাকি ভাই নাটক টা দেখে মন খারাপ থেকে ভালো হয়ে গেলোনিসো ভাই মানেই ভালোলাগাস্যালুট ভাইমিস উ অনেক,0,0,0,0,0,0
এত বেস্ট একটা নাটকআত নামাজ পড়াটা সেই ভাললাগছে ব্যাপারটা নিশোর সাথে মানাইছে ভালো নামাজ এর ব্যাপারটা,0,0,0,0,0,0
নিঃশ্বাস আটকে যাচ্ছিলো শেষমেশ বাঁচা গেল ধন্যবাদ পরিচালককেনিশোমেহেজাবিনের জন্য রইল অফুরন্ত ভালবাসা,0,0,0,0,0,0
"লীগ বললে সংখ্যায় একটু অল্প অল্প মনে হয়।দল বললে সংখ্যায় একটু বেশি বেশি লাগে।এই যেমন ধরুন, জারজ দল পাপিয়া দল,ইয়াবা দল",1,0,0,0,0,1
হাছিনার শিক্ষা বেশি তাই হাজার হাজার মানুষ খুন করেছেন এমন শিক্ষার দরকার নাই,0,1,0,0,0,0
আইন সবার জন্য সমান ভারতে পালিয়ে না যেয়ে দেশে আইনের মাধ্যমে জামিন নিয়ে মুক্ত জীবন যাপন করতে পারতেন। অনেক ভাল কাজ করেছেন সাথে থাকতে পারে কিছু মন্দ কাজ। আইনের মাধ্যমে লড়ে মুক্ত হওয়া উচিত ছিল।,0,1,0,0,0,0
তার পাশে বসে থাকা  দুই এসিস্টেন্ট  সমানে মাথা ডানে-বামে নাড়াতে থাকল এমন ভাবে যে তারা দুইজন আসলেই পুরো লন্ডন ঘুরে এরকম পাউরুটি খুঁজে পায়নি,0,0,0,0,0,0
আরিয়ান ভাইয়ের গল্প গুলো অসাধারণ সেই সাথে নিশোর অভিনয় খুব দারুণ,0,0,0,0,0,0
রেন্ডিয়ার দল এইবার পারলে দুই নাম্বারী কর মোগ সাথে পারলেও ঐ মামাগ লগে পারবানা দুই। নাম্বারী করতে।,0,1,0,0,0,0
বাপ নি সে দিন খেল তে পা রেন নি তাই ম নে অ নেক কস্ট পে য়ে ছি । দোয়া ক রি জল দি সুস্থ হউন ।,0,0,0,0,0,0
পৃথীবীতে শধু মুসলমান থাকবে। অন্য ধর্মের মানুষকে থাকলে কল্লা কাটা হবে।,0,0,1,1,0,0
যারা যে বিষয় নিয়ে সবসময় পেরেশানি থাকে আল্লাহ তাদের তাই দেন ! এতএব পরবর্তীতে কোথাও না কোথাও তো একটা যুদ্ধ বাধাতে হবে তা না হলে উনারা করবেন টা কি ? একটা কাজ শিখে ফেলেছেন শত কষ্ট হলেও তো করতে হবে না ?,0,0,0,0,1,0
শুধু মেডেল ছিনিয়ে নেয়া হলো না... ছিনিয়ে নেয়া হলো তার পুরুষত্বও :P,0,0,0,0,0,0
নাটকটা দেখতে দেখতে চোখ কখনযে ভিজে গেছে বুজতে পারিনাই খুশি আপা মনটাকে বেজায় অখুশি বানায় দিলো অসাধারণ অভিনয়,0,0,0,0,0,0
এই শালা হিরো আলম সবাই মিলে জুতা মারেন তো সঠিক ভাবে কথা বলতে পারেনা সে আবার হিরো হতে চাই,0,0,0,0,0,1
নাটকটা দেখতে দেখতে চোখে পানি চলে এলো আর এই ঈদে এই নাটকটা সবচেয়ে সুন্দর হয়েছে ধন্যবাদ শাহানাজ খুশিকে ধন্যবাদ দীপু হাজরাকে ধন্যবাদ সকল অভিনেতাকে আর ও এমন নাটক দেখতে চায়,0,0,0,0,0,0
প্রথম ভালবাসার মানুষকে যখন বুড়ো বয়সেও যদি দেখা যায় ঐ সময় ও ভাল লেগে থাকে একে বলে ভালবাসা,0,0,0,0,0,0
এখন বিল গেটস ভাই মদ খেয়ে ঘুরে বেড়াবে আর বিরহের স্ট্যাটাস দিবে ।,0,0,0,0,1,0
তোমার থেকে আরো বড় বড় নাস্তিক ও জুতার পিটানি খেয়ে বাংলার জমিন থেকে বিদায় নিতে হয়েছে। তুমি পড়ো কালকে বিশ্বাস করো না। এ কথা কেমনে বললে। কথা চিন্তা ভাবনা করা ছাড়াই বল। এজন্য তোমাদের উপর আল্লাহর গজব পড়ে যায়,0,0,0,1,0,1
সালমানের মতো এটাকেও বয়কট করুন সবাই। সবাই আনলাইক স্টার্ট করেন। যারা যারা এর সাথে অভিনয় করবে তাদেরও পাব্লিক লাথি মেরে বয়কট করবে ইংশাআল্লাহ।,0,0,0,1,0,0
"প্রতিটি নেশাখোর প্রেমের অতীত খুঁজে দেখুন, সেই খানকীর মিথ্যা ফাঁদ",1,0,0,0,0,0
গল্পটা যেমন ছিলো তাতে যদি ড্রামা আরেকটু কম হতো তাহলে হয়তো অন্যরকম লেভেলের একটা ভালোলাগা কাজ করতো তারপরেও যথেষ্ট ভালো হয়েছে হয়তো বছরের সেরা নাটকটা এটাই ছিলো আমার কাছে,0,0,0,0,0,0
"শিপিং কর্পোরেশনের বিরাট বিল্ডিং তোপখানা রোডে, পাট গবেষণা কেন্দ্র মানিক মিয়া এভিনিউতে, বর্ডার গার্ডের হেড অফিস সিটি সেন্টারের কাছে, নৌ-বাহিনী সদর দফতর ঢাকার প্রাণ কেন্দ্রে  ... না থাক আর্মির ব্যাপার স্যাপারে কথা না বলি 🙊",0,0,0,0,0,0
গল্পটা অনেক সুন্দর গতানুগতিক নায়ক নায়িকার মিল এটা দেখতে দেখতে ভরিং লাগে,0,0,0,0,0,0
বাংলাদেশের এত সুন্দর সুন্দর নাটক থাকতে কেন যে মানুষ ভারতের নাটক দেখে বুঝিনা আর বলবো নাটকটা দারুন হইছে,0,0,0,0,0,0
"সাফা' জন সম্মুখে ক্ষমা চেয়ে নে, না হয় তুই বুঝবি পাব্লিক কি জিনিস।",0,0,0,1,0,0
"দিদি যে বৃক্ষ ছায়া দেয়, তার এক একটা পাতা আদরনীয় হয়ে থাকে দিদিকে খুব ভালো বেসেছিলাম, শালি গুয়া মেরে দিলো",1,0,0,0,0,1
অভিযোগ দিছো ভালো লাগছে কিন্তু আজ এই তথ্য দিলি কেনো??,0,0,0,1,0,0
বড় ছেলে থেকে এই নাটক টা অসাধারন আমার জীবনের এই প্রথম একটা নাটক দেখলাম মনের মতো মন ছুয়ে গেছে,0,0,0,0,0,0
এইদিকে সালামির টাকা দিয়ে বান্দরবান ঘুরতে যাওয়ার প্ল্যান করা আমি কিন্তু মাত্র দুইশো উঠসে,0,0,0,0,1,0
তোদের ভোদার রস যখন শুকিয়ে যাবে তখন তোদের কুত্তাও চুদবেনা,1,0,0,0,0,1
ইনকাম করার জন্য আরও অনেক রাস্তা থাকতে পারে সমাজটাকে এভাবে নষ্ট করা ঠিক নয়,0,1,0,0,0,0
সত্যি অসাধারণ বললেও ভুল হবেশেষ দৃশ্য দেখে চোখে জল এসে গেছে,0,0,0,0,0,0
ব্রাঞ্চে যে ছবি দিয়ে আসছি আমার চান্স পাইলে ঐটা দিয়ে যেনো আগেই কিছু পাবলিশ করিয়েন না ঐ ছবিটা খুব একটা ভালো না,0,0,0,0,1,0
আয়নের চাকরী হবার পর জেরিনের সাথে এয়ারপোটে দেখা করানো হলে নাটকটি আরো ভাল লাগত,0,0,0,0,0,0
"আমাদের ঘরে যেমন ডাস্টবিন থাকে, অথবা আমাদের কম্পিউটারে যেমন রিসাইকেল বিন থাকে, তেমনি আমাদের শরীরের প্রতিটি কোষের মাঝেও একটি করে ডাস্টবিন আছে",0,0,0,0,0,0
"জাতিসংঘে রোহিঙ্গা ইস্যুতে ভোট দুর্দিনে ভারত মিয়ানমারের পক্ষে,, বাংলাদেশের পক্ষে দাঁড়ালো পাকিস্তান",0,1,0,0,0,0
কেয়ামত খুব নিটকে এইটা এই মুখোশধারী নাস্তিক এর কথায় প্রমাণিত হলো এইটা আসলে কেয়ামতের আলামত,0,0,1,0,0,0
কি জন্য ক্ষুধার্ত বুঝতে পারছি । জাতি ও জানে কেন । এত ঢালা ঢালির মাঝে । আমি শুধু কমেন্ট পর্যবেক্ষণ করতে আসছি ।,0,0,0,0,1,0
নুসরাত তুমি যদি এই পোষ্ট দেখে থাকো । তাহলে শুনে নাও আমি শুধু তোমাকেই ভালবাসি । নওশিন আমার জাস্টফ্রেন্ড । আমরা কক্সবাজার গেছিলাম ঠিকি কিন্তু আমাদের মাঝে কিছুই হয় নাই ! একসাথে গোসল করছিলাম শুধু আর কিছুনা,0,0,0,0,1,0
আফরান নিশো নাট্যজগতের সেরা অভিনেতা কে কে একমত এইরকম অভিনয় একমাত্র নিশো ভাই দ্বারা সম্ভব নিশো মেহজাবিন জুটি মিস করবেন না প্লিজ,0,0,0,0,0,0
"সৌভিক কি হিজড়া না কি যে,সৌভিকের বিয়ে নিয়ে প্রাঙ্ক হয়!?",0,0,0,0,0,1
অকেজো কিডনি নিয়ে রাস্তায় রাস্তায় মা ঘুরে বেড়ালেও এই মহিলা খবর নেন না কিন্তু ছাত্রীদের অধিকার আন্দোলনে তিনি সোচ্চার,0,1,0,0,0,1
অনেক গুলো কমেন্ট পরে মনে হলো মুসলিম দের কাছে এই সম্পর্ক টা স্বাভাবিক বলে মনে হলেও হিন্দু রা এই সম্পর্ক কোনো দিন মেনে নিবে না,0,1,0,0,0,0
অসাধারণ তবে পরিবারের সবার চেষ্টায় বিয়ে করে নামাজে আগ্রহী করলে আরও সুন্দর হতো বিশেষ করে হোটেলে যখন উনি নামাজ পড়ে নাস্তার জন্য বলেছিলেন,0,0,0,0,0,0
“পড়াশোনা জিনিসটায় মজা দিতে হয়... আমাকে আধা ঘণ্টা দাও... দেখো কি করি”,0,0,0,0,0,0
সব কথাগুলো সুন্দর কিন্তু এতো সব মেনে চলার জন্য যে টাকাগুলো প্রয়োজন সেটা কার কাছ থেকে পাওয়া যাবে তা বললে ভালো হতো ।,0,0,0,0,1,0
বাংলা নাটকে অল দ্যা বেস্ট অভিনেতা আখম হাসান যারা একমত তারা লাইক দিন,0,0,0,0,0,0
"তোরে কাছে পেলে জুতার মালা গলায় দিয়ে তিন রাস্তার মোড়ে দাড়করায় রাখতাম,,,,নাস্তিক কোথা কার।",0,0,1,1,0,1
বশ্য তের বছর খেলা বাইশ চব্বিশ গড়ের ব্যাটসম্যান যে দেশে লিজেন্ড সে দেশের পাবলিকের সেন্স নিয়া কিছু বলার নাই !,0,0,0,0,1,0
কোথায় এখন হাওয়া ভবন । মাজা ভাঙা তারেক জিয়া এখন লন্ডনে বসে বসে বাংলাদেশের বিরুদ্ধে নতুন নতুন চক্রান্ত করছে ।,0,1,0,0,0,0
শাহানাজ খুশি বিনদাবন দাস এদের অভিনয় এত সুন্দর সেটা বলে বোঝানো যাই না বিনদাবন দাসের নাটক গুলা যেমন ভালো তেমনই ভালো বিনদাবন দাসের অভিনয়,0,0,0,0,0,0
শহীদ খালেদা জিয়ার ক্ষয় নেই শহীদ তারেকের জয় হবেই শহীদ জিয়ার বাংলাদেশেই।,0,1,0,0,0,0
খুশি আপুর অভিনয় দেখে কান্না ধরে রাখতে পারিনি অসাধারণ একটা নাটক,0,0,0,0,0,0
আমার হিন্দি ছবি দেখা ছেড়ে দেওয়ার কারণ হচ্ছে এইসব নাটকদারুন হয়েছে অপুর্ব ভাই,0,0,0,0,0,0
অনেকদিন পরে চমৎকার একটি নাটক দেখলামফ্যামিলি সহ দেখার জন্য আদর্শধন্যবাদ,0,0,0,0,0,0
"শালা চদু এরাতো পাগল, তার চেয়েও বেশি পাগল মিডিয়া!এদের কি আর কোনো কাজ নেই",0,1,0,0,0,0
মঙ্গল শোভাযাত্রা সবার ওপর চাপিয়ে দেয়া হচ্ছে এটা ইসলাম ও বাঙালি সংস্কৃতির পরিপন্থি,0,0,1,0,0,0
নাটকের শেষ অংশটা ভালো লেগেছে নামাজের উপদেশ দেয়ার জন্যধন্যবাদ আরফান নিশো ভাই এন্ড পরিচালক কে,0,0,0,0,0,0
যে ছেলেটার চেহারায় ড্রাগ নেয় ভাব আছে দেখে আম্মা মিশতে মানা করত... সেই ছেলেটাও খামে করে হাজার বিশেক টাকা দিয়ে ‘আসি রে’ বলে ফায়ার এক্সিট দিয়ে বের হয়ে গেছে,0,0,0,0,0,0
ও আমাকে কি দেখাইলা বড় বড় দুইটা দুধ পুরাই মাথা নষ্ট।,1,0,0,0,0,0
এই সাজেদা তুই একটি মাগি বেশ্যা অপু মাগি নয়তুই একটি খানকি,1,0,0,0,0,1
এই সরকার কখনোই ছাত্রদের দাবি মেনে নেবে না দেশের সবচেয়ে বড় ক্ষমতার অধিকারী ছাত্রসমাজ,0,1,0,0,0,0
আমরা তো জানি তুমি কি তুমি হলে পৃথিবীর সবথেকে বড়ো পাগলি চুদি,1,0,0,0,0,1
আপু আপনার কথা ঠিক আছে।কিন্ত আমরা মানব তার বাদ ভেঙ্গে এখন জালিমের জুগে পৌছে গেছি। তাই দুনিয়া বর এমনটা হচ্ছে।।,0,0,0,0,0,0
নিশো ও তানজিন তিশা অসাধারণ অভিনয় করেছেনিশো ও অমি জুটি অসাম,0,0,0,0,0,0
নাটক দেকতে দেকতে নীজের জীবনের সবচেয়ে গুরুত্বপূর্ণ তথ্য পাওয়া গেছেনাটকের সমধে যেকথাই বলবো সেটাই কম,0,0,0,0,0,0
ভারতের সরকার নরেদ্র চোদি এক পাগলা চোদা না বুঝেই টাকা অচল করে প্রদেশ সরকার মমতা এক পাগলি চুদি না বুঝেই সরকারের বিরধদে কথা বলে,1,0,0,0,0,1
চুতমারানি একটা ... ইচ্ছা হইলে পর্ণ দেখব কিন্ত ওর গান না,1,0,0,0,0,1
যুদ্ধ নয় গোটা কাশ্মির স্বাধীন চাই।ভারতের কাছ থেকে স্বাধীন চাই,0,0,0,0,0,0
ভালো একটা ম্যাসেজ দিছে পরিচালক নামাজ আশা করি পরিচালক এই কাজটা নিয়মিত করে,0,0,0,0,0,0
ভারতে এই ধরণের কোনো নাটকই হয় না শুধুই সিরিয়াল হয় তাই আমি এই নাটক গুলি দেখি অপূর্ব ও মেহজাবিন অপূর্ব,0,0,0,0,0,0
পাকিস্তান ঠিক কথাই বলেছে জামায়াতের পিছনে বছর যে টাকা খরচ করেছে তাতে পেতেই পারে তবে সে টাকা বাংলাদেশের জনগন দিবে না জামায়াত ও বি এন পির কিছু রাজাকার তারা দিবে,0,1,0,0,0,0
"আমি বললাম, ‘বউয়ের সাথে আলাপ করে জানাই... এতদূর আসতে দিবে নাকি’",0,0,0,0,0,0
কিছু লিখতে চাই আর বলতে চাইভালবাসা এমনইতবে নাটকটা ভাল খুব ভাল হয়েছেঅসাধারণ অভিনয় নিশো ভাই এবং মেহজাবিন আপুভালবাসি তোমাদেরমিজান ভাই ধন্যবাদ আপনাকেও,0,0,0,0,0,0
"আরেহ
কিছুই তো বুঝছি না
এত্ত সেন্সরশিপ তো জাপানি ইয়ে মুভিতেও থাকে না",0,0,0,0,0,0
আমার দেখা শ্রেষ্ঠ নাটকের একটি এখন পর্যন্ত কত বার যে দেখেছি তা নিজেও জানি না,0,0,0,0,0,0
"কিন্তু মাঠে নেমে দেখা যায় ১১ টা আম ছাড়াও, তার কাছে দুইটা বড় হাত আছে",0,0,0,0,0,0
নামাজের ব্যাপারটা খুবই ভালো লেগেছে এইরকম কিছু ভালো দিক নাটকের মধ্যে কন্টিনিউ রাখলেমানুষ কিছুটা হলেও নামাজের প্রতি আগ্রহী হয়ে উঠবে,0,0,0,0,0,0
ভাই ভাল ছিল শেষে চোখে পানি এসেও আনতে দেইনি ভাই সেরা নাটক ভাই খুব ভালো ভাই,0,0,0,0,0,0
"ছিঃ নোংরা চরিত্রহীন মানুষ, ভালো হয়েছে মরে গেছে দু'জনেই,",0,1,0,0,0,0
অত্যাচার নির্যাতন এবং গণহত্যা মোটামুটি শিথিল হওয়ার পর ভারত প্রতিবেশি দেশের সাথে আলোচনা করবে বলে ঘোষনা দিল।তারপরও ভাল যে জায়গায় মুসলিম রাষ্ট্রগুলো নীরব ভূমিকা পালন করে সেখানে ভারত আলোচনায় বসবে,0,1,0,0,0,0
বললাম আমারে এখানে নিয়ে যা এ গ্রুপে আর কয়েকদিন থাকলে ডিপ্রেশনে যাব গা ।,0,0,0,0,1,0
পারতো কি পারতো না ব্যাটা একবার ভারতে খেলার সুযোগ দেয়া হোক নতুবা তুমরা এসো কেমন গো হারা তুমাদের হারাই,0,1,0,0,0,0
তোমরাইতো চেয়েছিলে যুদ্ধ হোক । ভারত তো তাই একটু সময় নিল কারন ওখানে বেশ কিছু ভারতীয় ছিল তাই।তোমাদের মত পিয়াজ খাওয়া মাথাতো আর ওদের না। এখন বুঝবে দারিকা হয়ে রুয়ের পিছনে লাগার মাজা।,0,1,0,0,0,0
এ-ই রকম মেয়ে রা জাতির জন্য কাল সাপ!! ওকে সবাই দরে আগে জুতা পিটা করা হোক তার পর আইনের আওতায় আনা হোক,0,0,0,1,0,1
যত্ন করা চুল গুলা ঝরে পড়ে যায় আর অযত্ন রাখা বাল গুলা টানলেও ছিড়ে যায় না ব্যাপার টা ঠিক এ রকম হয়ে গেছে,0,0,0,0,1,0
অবশ্যই গ্রীক দেশের সম্রাটের সাথে (আলেকজান্ডার) সাহাবিদের যুদ্ধ সংঘর্ষ  হয়েছিল।,0,0,0,0,0,0
অসাধারন এন্ডিং সত্যি খারাপ থাকা মনটা ও ভালো হয়ে গেলো অবশেষে 🤗,0,0,0,0,0,0
কি সব নাটক বানায় এতো ভালো নাটক বানাইয়া মানুষ কাদানোর কি দরকারএরপর থেকে একটু কম ভালো করবেন🙄,0,0,0,0,0,0
"দোকানদার যখন ৬ টাকার সিগারেট ৮ টাকা নেয় তখন দোকানদারকে মনে মনে বলি, শুয়োরের বাচ্চা",1,0,0,0,0,0
"“যে করল, তাকে ধরলাম”... মামলা শেষ না... উঁহু শেষ না",0,0,0,0,0,0
... আমার বন্ধু দৌড়ে যেয়ে মোড়ের দোকান থেকে ৮০০০ টাকা  বিকাশ করে দিলেন,0,0,0,0,0,0
"আমরা সেই দেশে বাস করি, যে দেশে গম চোরেরা চারিত্রিক সার্টিফিকেট প্রদান করে",0,0,0,0,1,0
"সাইকেলের চাকার মতই ঘুরে, আমাদের লাইফ-সাইকেলে আজ আবার ফিরে এসেছে সেই সাইকেল চালিয়ে এদিক ওদিক যাওয়ার কনসেপ্টটা",0,0,0,0,0,0
"দাদা গালাগাল ছাড়াও রোস্ট করা সম্ভব, বাবা মায়ের সামনে ভিডিও গুলো দেখা যায় না অশ্লীল কথাবার্তা গালিগালাজ, তোমাদের সাথে বং গাই এর এই একটাই পার্থক্য",0,1,0,0,0,0
আরিয়ান ভাইয়ার পরিচালিত তুমি আমারইটেলিফিল্মটি দেখার জন্যখুবেই কৌতুহল ছিলোঅবশেষে আজ ৭ই নভেম্বর শুভমুক্তিনিশো বসের প্রকৃত অভিনয় আর মেহেজাবিআপুর সাথে দুর্দান্ত জুটি সত্যি দেখার মতোবছরের সেরা টেলিফিল্ম তুমি আমারইনাম্বার ওয়ান আফরাননিশো,0,0,0,0,0,0
"আমি কেন এরকম একটা কাজের ছেলেকে ছাড়বো? সে যদি চলেও যেতে চায়, বা আমার কম্পিটেটর যদি ওকে দ্বিগুণ বেতনে নিতেও চায়, আমি কি তিনগুন বেতনে তাকে আঁটকে রাখতে চাইব না?",0,0,0,0,0,0
"তোর মারে চুদি সালি?খানকি মাগি, ভিকারির বাচচা, মাগিরে জুতা মারেন",1,0,0,0,0,1
"এরা... এরা কোনও ধর্মেরই না... কোনও গোত্রেরই না... এমন কি, মানুষই না",0,0,0,0,0,0
"এই মহিলা বেশীদূর এগিয়ে যেতে পারবে না, লতাজ্বী নিজে বলেছেন কপি করে বেশীদূর যাওয়া সম্ভব না, নিজের প্রতিভা দেখাতে হবে",0,0,0,0,0,1
"জয় বাংলা না বললে দেশে থাকতে দেয়া হবে না জনগনের জিজ্ঞাসা, দেশটা কি তোর বাপের?",0,1,0,0,0,0
"যে রানীর বিরহে তুমি টানছো গাঁজা, ঠাপাচ্ছে তাকে অন্য রাজা",1,0,0,0,1,0
"ফুড পান্ডা কনসেপ্ট, সেই ৯০ সাল থেকে আমাদের বাসায় জয়নাল করত",0,0,0,0,0,0
"হালার-পো হালা, আজ তোর একদিন, কি আমার একদিন ভোট না দিয়া যাবি কই?",0,0,0,1,0,0
ঘটকালির মতো ব্যাপার; আমার বাবা হারিয়ে গেছে আমি এই এপে  বাবার ছবি দিয়ে জানাবো... তেমনি আমি রাস্তায় কাউকে হারিয়ে গেছে দেখলে সেই এপে জানাব...,0,0,0,0,0,0
"বউ অপারেশান থিয়েটারে শুয়ে আছে ... ডাক্তার আমার দিকে আঙুল তুলে বউকে বললেন, “উনি আপনার হাজবেন্ড?”",0,0,0,0,0,0
"খানকির পুত,,,ভাবছিলাম আজ শান্তিতে আই পি এল খেলা দেখব,,,তুই দিলি শেষ করে",1,0,0,0,0,1
নাটক টা অসাধারণ হয়েছে আমি তো একজন ক্রেজি লাভার প্রেম করতে করতে বিতরে ডুকে গেছি,0,0,0,0,0,0
ফার্মেসির ভাই দেখি নিমিষেই বুঝে বলে ফেলে; ‘ওই মোটা ভাইরে ফ্রিজ থেকে ৫০০ মিলিগ্রামের একবক্স ঠাণ্ডা সাপোজিটরি দিয়া দে’,0,0,0,0,0,0
হয়তো খুব আহামরি কিছু না... যেটা হয়তো আমার-আপনার কাজে লাগবে জীবনে ১/২ বার...  কিন্তু এই এফর্টের পিছে তার চিন্তাটা কি স্যালুট করার মতো না?,0,0,0,0,0,0
“খেলতে গেসস পদক পাস না কেন ... পদক পাস না কেন” বলে গলা ফাটাই,0,0,0,0,0,0
নায়িকার ছোট বোনটা খুব ন্যাচারাল অভিনয় করেছে বোনটাকে খুব ভাল লাগসেআরিয়ান ভাই এরপর আপনার নাটকে বোনটাকে নায়িকা হিসেবে দেখতে চাই,0,0,0,0,0,0
"তোদের মানুষ এখন হিজলা বলে বেটা, দেশে আসো সাহস থাকলে",0,0,0,1,0,0
কোনো মেয়ে ইসলাম ধর্ম গ্রহণ করলে আমি তাকে বিয়ে করতে রাজি(আমি কুরআন হাফেজ)।,0,0,1,0,0,0
এখন বাংলাদেশী সাংবাদিক নিউজ করবেন যুক্তরাষ্ট্রে টাকার অভাবে মাটিতে বসে রুটি খাচ্ছেন সাকিবের পরিবার,0,0,0,0,1,0
"ভিডিও ছড়িয়ে পরার ৩ দিনের মাথায় সৌদি আরবের জেদ্দা থেকে কিছু বাংলাদেশী, ঝড়ের বেগে রুমে ঢুকে খাটের নিচের ট্রাঙ্ক থেকে দড়ি বের করে তুফানের বেগে দৌড়ে,  ধরে বেঁধে ফেললেন রাস্তার সামনে পান খেতে থাকা আসামীকে",0,0,0,0,0,0
তুর বাপ ছিলো শয়তান পয়দা ও করে গেছে আরেকটা শয়তান,0,0,0,0,0,1
নাটক টা মন ছুঁয়ে গেলোমিজানুর ভাই তুমি সেরাতোমার তুলনা হয় না,0,0,0,0,0,0
এখন কি করবো? পাবলিক তো দা কুড়াল নিয়া বইসা আছে সুন্দরবনের বাঘতো এখনো আসে নাই আর কিছুদিন থাকো,0,1,0,0,0,0
আমাদের বাংলা নাটক এ অনেক কিছু শেখার আছে এবং যারা এই বাংলা নাটক গুলা আমাদেরকে উপহার দিচ্ছেন আপনাদের সবাইকে আমার শুভকামনা ও শুভেচ্ছা আই লাভ ইউ বাংলা নাটক,0,0,0,0,0,0
বি এম পি কে তো জনগন চায়না তা হলে নিরপক্ষ সরকারের অদিনে নিরবাচন দেয়া হোক দেখি আওয়ামীলীগ  শতকরা কত ভোট পায়  শতকরা ১০ ভোট পাবেনা আওমীলীগ,0,1,0,0,0,0
কেউ আসবে না জেনেও তার জন্য অফেক্ষা করা হলো বিশ্বাস এসে চলে যাওয়া মানুষটা কোনো দিন ফিরবেনা জেনেও সারা জীবন তার জন্য অফেক্ষা করা টাইহলো ভালোবাসাশাহিন অসাধারন লাগলো নাটক টা,0,0,0,0,0,0
"তুমি তো বুড়া সেফু নাস্তিকের ও লালসা তোমার জন্য সেফু নাস্তিক কি না করলো ,,,,,, তোমাদের ২ জনেরই ফাঁসি চাই অবিলম্বে",0,0,1,1,0,1
যখন মনে হয় তুই এই দেশের নাগরিক। তখন ফাসি খাইরা মইরা যাইতে মন চায়।জিবনটা বেদনা,0,0,0,0,0,1
"স্কুলের সামনে শ্বেত পাথরে হয়তো আপনার নাম লেখা থাকবে না... কিন্তু ট্রাস্ট মি, একটা চাদরের মতো কাপড়ে প্রিন্ট করে হলেও সব শেয়ার হোল্ডারদের নাম লিখে স্কুলের সামনে টাঙ্গিয়ে দেয়ার ব্যবস্থা আমি করবো",0,0,0,0,0,0
ভাই তুই সেরা তোকে জা মানিয়েছে রে এক কথায় তুই সেরা অসাধারণনিশু ভাই শুভ কামনা,0,0,0,0,0,0
হিটলার একজন সত্যিকারের লোক যে ইহুদী সব শেষ করার প্রতিগ্গা করে,0,0,1,0,0,0
"ঢাকার পুলিশ ভদ্র আছে তো!!আমাগো কুমিল্লার পুলিশ হইলে এতক্ষণে গাড়ী জায়গায় থাকবো কিন্তু গাড়ীর দরজা থাকবে না,,ভাইঙ্গা বাইর কইরা আন্তো :-D :-D",0,0,0,0,0,0
মুসলমান রোহিঙ্গা দেশে আসলেই তোদের চুলকানি শুরু হয়আর এত এত অবৈধ ভারতীয় দেশে থাকে এতে তোদের কোন কিছু হয়নাআর কত দালালী করবি?রোহিঙ্গারা এদেশে না আসলে যাবে কোথায়?এখন মানবতা নেই?হিন্দুদের বেলায় দরদ উথলে পরেদালাল সব,0,1,0,0,0,0
খানকির পুলা দেখ তগো একটা একটা করে সব নায়িকাকে শেষ করতাছে ।ভুদার ভিতর যে রস আছে সেইটা সাকিব খাইতাছে ।,1,0,0,0,0,1
আগে ছোট বেলায় অনেক বাংলা ছবি দেখে চোখে পানি চলে আসতো আজ এই নাটক দেখে চোখে পানি চলে আসলো অসাধারণ অনেক শিক্ষনীয়,0,0,0,0,0,0
"যে মেসেঞ্জারে আমরা ২৪ ঘণ্টা কাটাই; এরকমই রক্ত-মাংসহীন একটা একাউন্ট বট, একাই ইনবক্সে কালকে আপনার প্রবলেম সল্ভ করে দিতে যথেষ্ট",0,0,0,0,0,0
আমার দেখা সব চেয়ে সুন্দর নাটক সুন্দর বললেও কম হয়ে যাবে হয়তো যত বার সময় পাই ততবার যেন একটু করে দেখে যায়,0,0,0,0,0,0
ইম্রুল ব্রো নিঃশ্বাস আটকায় কত কষ্ট করে পেট টা চিমাই রাখছে আমার ব্রো সব খানেই খুব কষ্ট করে শুধু মাঠেই না ঘাটেও !,0,0,0,0,1,0
ছিঃ মানুষের রুচি এইসব নাটক ফেলে সিরিয়াল দেখে পাবলিকে বিশ্বের সেরা নাটক বাংলাদেশেই হয়,0,0,0,0,0,0
"প্যাণ্টের নিচে অন্ডকোষ,
মুখে হাসির ছাপ,
ভচের হোগায় দুই নারী আজ,
দেবে রাম ঠাপ।",1,0,0,0,0,1
আফরান নিসুর নাটক মানেই সুপারহিট অসাধারণ একটা নাটক হয়েছে তার থেকেও আরো অনেক গুণ অসাধারণ হয়েছে নামাজের দৃশ্য টুকু,0,0,0,0,0,0
এক কথায় অসাধারণ একটা নাটক ছিলো চোখের পানি টাও পড়ছে বেষ্ট ছিলো নিশো ভাই,0,0,0,0,0,0
খানকির পুলা ভোদার বাল যে কয়টা তার সাথে ভুদার রস মিলা তর বোনরে প্রেগন্যান্ট বানামু।,1,0,0,0,0,1
জনে চার পাঁচ টি বিয়া কইরা সুকরের বাচ্চা পায়দা করার সময় মনে থাকে না ....শালার জাত পরে ভিক্ষার ঝুলি নিয়ে হিন্দুস্তানে,0,0,0,0,0,1
"কমেন্টে কিছু লিখলে যাতে ফ্রেন্ডলিস্টের অন্য কেউ সেটা দেখতে না পায়, সেটার একটা অপশন ফেসবুক কর্তৃপক্ষের রাখা উচিত। মান-সম্মানের ভয়ে মনের কথাগুলো না লিখতে লিখতে কবে যে দমবন্ধ হয়ে হার্ট ফেইল হবে জানি না",0,0,0,0,0,0
বাংলাদেশের একটি অসাধারন নাটক দেখলাম লেখক পরিচালক আর্টিস্ট দের ফ্যান হয়েগেলাম শেষ দৃশ্য টায় চোখে জল এনে দিল,0,0,0,0,0,0
ভারতে আর কি সিরিয়াল দেখাবে মানুশ দেরভারত পুরা বিশ্বকে কলংকিত করছেশালা ফালতু একটা দেশ,0,1,0,0,0,1
বাংলার মা বোনেরা নাটকটি দেখে কিছু শিখেনসংসার জীবনে কাজে দিবে সত্যি অসাধারণ একটি নাটক,0,0,0,0,0,0
সয়তানের কাজ ভালকে খারাপ করা আর ভারতের হিন্দু সয়তানেরা তাই শুরু করছে,0,0,0,0,0,1
হুম অনেক সুন্দর হইছে 😮😮মেহজাবিন আপুর নাটক কে কে দেখতে চাও লাইক দাও,0,0,0,0,0,0
"তর পাছাটা যদি একটু পাইতাম , আমার কুত্তাতাকে একতু সুখ দেয়ার ব্যবস্থা করতাম ।",1,0,0,1,0,1
নাটকটা দেখার মত হবে কেননা সাবিলা নুর আর শামিম হাসান সরকার আছে আর সাজ্জাদ তো আছেই নাটক টা আসলেই মজার হবে,0,0,0,0,0,0
"সেদিন আমি শ্বশুর বাড়ি গেলাম, হুট করে সেই বাসার কারেন্ট গেলো চলে... ফিউজ কেটে গেছে টাইপ কোনও মাইনর সমস্যাই হবে",0,0,0,0,0,0
"বন্ধুর সাথে রেস্টুরেন্টে গেছিলাম, কোন হালায় ফেস এ্যাপ দিয়ে এই আকাম টা করছে, এখন বাসায় ভূমিকম্প চলে",0,0,0,0,1,0
তোমারে ভাবিয়া সারারাত জাগিয়া ঘুম মোর হয়েছে নষ্ট বুকের বামপাশে চিনচিন ব্যাথা করে একি গ্যাস্ট্রিক না প্রেম হচ্ছে না স্পষ্ট ।,0,0,0,0,1,0
শুধু ভারতেই নয়? পৃথিবীর যে কোন দেশেই দাঙ্গার জন্য তো তোদের ভাই গুলাই দায়ী বিশ্বাস না হলে ওয়ার্ল্ড বিশ্বের ক্রাইম রিপোর্ট্স দেখ? তোরা অন্ধের মতো সন্ত্রাসী দের পক্ষ নিস কেনো?,0,1,0,0,0,1
প্রবাস থেকে দেখলামঅসাধারণ নাটকটিবৃন্দাবন দাস ও শাহনাজ খুশী ওদের দুই ছেলেও বেশ ভালো অভিনয় করছে,0,0,0,0,0,0
"অনুষ্ঠানের ভিড় ঠেলে অনেক কষ্টে তার পাশে যেয়ে ফিসফিস করে বললাম, “বড়ই সুন্দর লাগছে আজকে”",0,0,0,0,0,0
আর ভারতের বেলায় বর্ডার এলাকার মানুষ দেরকে নিরাপত্তা জায়গা সরিয়ে নিচ্ছে।,0,1,0,0,0,0
২ শার্ট সাড়া বছর জুড়ে পরেও যে পরিপাটী থাকা যায় এই মোটিভেশান আমি দিন শেষে আমার পিয়নের কাছ থেকে পেলাম,0,0,0,0,0,0
আমার ডিনার আছে পূর্ণিমার সাথে । আমি আসতে পারবো না । তুমি শাহরুখকে নিয়ে চালিয়ে নিও লাইব,0,0,0,0,1,0
বলার ভাষা নাই আমার লাইফে এই প্রযন্ত সবচাইতে বেস্ট নাটক মনে হলো,0,0,0,0,0,0
মাহি কোন চেটের বাল মেম্বার হোওআর জুগগোতা আসেনি সাউআর পুতের,1,0,0,0,0,1
পুলিশ যখন টিয়ারশেল আর লাঠি চার্জ করবো তখন এই মাটকার পোরে ঢাল বানামু তুই মরবি না বাজবি কেউ চুদবোও না,1,0,0,0,0,1
নিশো কোন অভিনেতাই না সব নাটক করবে আমার অপূর্ব ভাইয়া৷,0,0,0,0,0,0
"অপু ছবি কেউ দেখবেন না, আমরা যদি ছবি না দেখি তাহলে ওকে নিয়ে ছবি বানাবে না, ওকে দেখতে তো এখন বুড়ি লাগে, ও শাকিবকে বিয়ে করেছে টাকার লোভে",0,1,0,0,0,0
এই নাস্তিকের বাচ্চাকে আরেক নাস্তাক বিয়ের আগে ধরশন করেছে এই নাস্তিকে বাংলাদেশের মাটি থেকে বিতারিত করে যেন প্রধান মন্তীর কাছে এই অনুরুই রইল,0,0,1,1,0,0
একটা ভাল রিভিউ লেখার ক্ষমতা নেই যতসব আজাইরা কমেন্ট দিয়ে ভরা❎,0,0,0,0,0,0
কিছু না বললেই নয় নাটকের পুরোটা চিত্র আমার একবারও মনপ হয়নি যে এটা নাটক পুরাটা নাটক কল্পনাতে নিজেকে জড়িয়ে দেখেছি সবাইকে ধন্যবাদ,0,0,0,0,0,0
নাউজুবিললাহ এই কুকুরের বাছচা কে জবাই দেওয়ার মতাে কােন ইমান দার আছে কে। বাংলা দেশে,1,0,1,1,0,0
"যিনি শিক্ষার্থীকে পুলিশে ধরিয়ে দিয়েছেন, তার জন্যে মরার পরে জানাযা নয়",0,0,0,1,0,0
বইয়ে পড়েছি... থানার হেড কে ওসি বলে... কিন্তু মাঠে নেমে দেখা যায় দারোগাকে হাত করলেই ওসি হাত,0,0,0,0,0,0
"আর আরেকটা, একজনের বাচ্চার ৪০ দিন হয়েছে...  ৪০ দিন হলেই নাকি তবে শিশুকে আঁতুড়ঘর থেকে বের করার নিয়ম ...তাই অনুষ্ঠান করছে",0,0,0,0,0,0
ওমন অসহায়ের মত নিচের দিকে কার ল্যাওড়ার দিকে তাকায়া আছো আরিপ?,1,0,0,0,0,1
নিশো ভাই আপনি বস 🙏🙏আর আরিয়ান ভাই আপনার নাটক সবসময় ই সেরা এবং আরেকটি মাইলফলক,0,0,0,0,0,0
ভাগ্যবান ভাই এই দেশের পলিসি মেকাররা...পেয়েছেনও ভাই একটা ভালো জাতি,0,0,0,0,0,0
নুসরাত শিমুল ফুলের জন্য হৃদয় যারা নষ্ট করেছে তাদের ধৈর্য ধরার না সাথে শাস্তি দিলে তো এই বাংলার মাটিতে বিচার আছে,0,0,0,1,0,0
"সানাই এত পাওয়ার কোথায় থেকে পায়, কারণ পুলিশ সানাই  চুদে।",1,0,0,0,0,1
আরিয়ানের নাটক অনেকদিন পর আসলোআবহ মিউজিকটা প্রেম আমার নাটক এরঅসাধারন আরিয়াননিশোমেহজাবিন সেরা জুটিআরিয়ান সৃজনশীল নির্মাতা,0,0,0,0,0,0
আমার মনে হয় নাটকটির শেষের দৃশ্য দেখে চোখে জল আসেনি এমন দর্শক কমই আছে ভালোবাসা অবিরাম নিশো ভাই,0,0,0,0,0,0
নাটক টা খুব সুন্দর এইটাই আমাদের মুসলিম দেশের জন্য একটি নাটক যেখানে নামাজটাকে তুলে ধরা হয়েছে খুব ভালো লাগছে,0,0,0,0,0,0
মাহি যে একটা বড় মাপের টাউট তা তার ক্ষিপ্ত ভাষা থেকেই বুঝা যায় ।,0,1,0,0,0,0
ভারত সরকার হিন্দু হলেও মুসলিমদের জন্য একটা ভালো কাজ করেছে গুড বেরি গুড।,0,0,0,0,0,0
নাটকা অসাধারণ মেয়েটার ব্যবহারটাও ভালো কিন্তু মেয়েটার ওড়নাটা পড়া ভালো হয় নি হলে আরও ভালো লাগতো,0,0,0,0,0,0
"শালা শুয়োর 
আমি তোর বাপ মারে দোষ দেই না ।
দেই সরকাররে ঐ দিন রাতে কেন সরকার তোর বাপরে রাজা বেলুন আর তোর মারে সুখী বড়ি ফ্রীতে দিলো না ।।",1,0,0,0,0,1
ভাবতেও পারি নি নাটক টা এমন হবেযাক আমাদের সমাজের চরম বাস্তবতা নিয়ে নাটক টা করাখুব ভালো লাগলো নাটক টা,0,0,0,0,0,0
"আমরা খুবই কুৎসিত আর অসুস্থ প্রকৃতির জাতি,,কমেন্ট গুলা দেখলে বোঝাযায় যে সমাজের বেশিরভাগ মানুষই ভারসম্যহীন।",0,0,0,0,0,0
সরকার দলীয় ছাত্ররাজনীতি নিষিদ্ধ করলেই কেবল বিশ্ববিদ্যালয়ে শান্তির পরিবেশ বজায় হবে,0,1,0,0,0,0
বার্মার এত মুসলিমকে হত্যা করছে বাংলাদেশের একটা মালাউন একটু দুুংখ প্রকাশ ও করলনা। তাদের জন্য আমাদের দেশের সুশীল রা কাঁদিয়া মরে যাই।,0,0,1,0,0,0
নামাজ নিয়ে খুবই গুরুত্বপূর্ণ একটি বিষয় এটাই জীবন সংসার ধন্যবাদ নিশু ভাই,0,0,0,0,0,0
প্রথম প্রেমটা লুকিয়ে থাকে জীবনের কোথাওকৈশোরের কলেজ পালিয়ে একটু দেখা করাটা কিংবা ভার্সিটির ক্যাফেটেরিয়াতে প্রথম দেখাটাভাল থাকুক প্রথম ভালবাসা স্রষ্টা যা ভাল বুঝে তাই করেছেনকিন্তু সত্যিই ভাগ্যে না থাকলে কিছু করার নাইধন্যবাদ আরিয়ান স্যার চমত্কার কাজটা হয়েছে,0,0,0,0,0,0
রানু মন্ডল ভিখারি ছিল আবার সেই ভিখারি হয়ে যাবে মানুষের সুখের ভাত সয্য হয় না,0,0,0,0,0,1
আপনারা যে যার মত খারাপ মন্তব্য করছেন কেন বুঝলাম না একমাএ নিজের মায়ের পেটের ভাই বোন ছাড়া কিন্তু বিয়ে হয় তাহলে ভালবাসতে অপরাধ কোথায়,0,1,0,0,0,0
ইবলিশের বাচ্চা বাহির হ আমাদের দেশ থেকে না হলে জুতার মালা পরাইয়া তসলিমা নাসরিনের মতো কাহিনি হবে আবার,0,0,0,1,0,0
ভারতীয় রুপির উপর প্রশাব করি আমি চোখের সামনে কোনো ভারতীয় রেনডি পড়লে তাকে বুঝাবো মুসলিম কি।,0,0,1,1,0,0
মাশাআল্লাহ নামাজের দৃশ্য দেখে অনেক বেশি ভাল লেগেছে ধন্যবাদ জাজাকাল্লাহ খাইরান 🤲,0,0,0,0,0,0
সবই ঠিক আছে গল্পও সুন্দর লোকেশনও সুন্দর কিন্তু টাইটেল নামের সাথে গল্পের কোন মিল পেলাম না,0,0,0,0,0,0
সুন্দর একটা নাটক ভালবাসা বুজি এমন হয় টাকা জন্য মানুষ কি না পারে,0,0,0,0,0,0
এবারো সেইম ব্যাকগ্রাউড; একে তো জামাই মানুষ... তারপর আবার ইঞ্জিনিয়ার... কিছু একটা না করলে কেমনে হয়?,0,0,0,0,0,0
জামায়াতের রাজনীতি করার নৈতিক অধিকার নেই বলায় এই পুলিশ কে হাছান মাহমুদের দয়িত্ব দিবেন প্রধানমন্ত্রী,0,1,0,0,0,0
সত্যিই অনেক ভালো লাগছেহয়তো কারো জীবন এর সাথে মিলেও গেছেধন্যবাদ জানাইপরিচালক ভাই কেআপনার কাছ থেকে ভালো কিছু পাওয়ার অপেক্ষায় থাকলাম,0,0,0,0,0,0
অনেকদিন পরে একটা সেইরকম নাটক দেখলাম এটা নাটক ভেরি নাইস,0,0,0,0,0,0
ছেলে হতে হয় এমনই মা বাবা ছোট্ট থেকে চাওয়া না পাওয়া জিনিস গুলো দেয় তাদের এই প্রতিদান এর মর্ম দেয়াই ভালবাসা কিন্তু কিছু কিছু কারন এ তা ব্যার্থ হয় অবশেষ কষ্ট,0,0,0,0,0,0
সিরিয়া ইয়েমেন ইরাক পাকিস্তান আফগানিস্তানের মুসলিমরা মনে হয় আসল মুসলিম নয় এইসব দেশে তো মায়ানমার ফিলিস্তিন ভারতের থেকে কয়েকগুন বেশি মুসলিম মারা যায় কিন্তু কোনো বিক্ষোভ হয়না মুসলিমদের মধ্যে সবাই চুপ,0,0,1,0,0,0
আফরান নিশোমেহজাবিন চৌধুরীকে ধন্যবাদ আমাদেরকে এরকম একটি রোমান্টিক নাটক উপহার দেওরার জন্য,0,0,0,0,0,0
মিজানুর রহমান আরিয়ান ভাইয়ের ★ভালো থেকো তুমিও★ নাটক থেকে কপি করা,0,0,0,0,0,0
অসাধারণ নিশো ভাই নাটকটি মনোযোগ দিয়ে দেখছি সত্যি অসাধারণ হয়েছে লাভ ইউ ভাই,0,0,0,0,0,0
হাসতে হাসতে বুক বেতা হয়ে গেছে৷ আপনে একজন ক্রেজি লাভার প্রেম করতে করতে ওর ভিত্তে ডুকে গেছেন,0,0,0,0,0,0
ওর দলের ভিখারী গুলোও আর ওর পাশে থাকবে নারানু মন্ডলকে ভিক্ষা দেওয়ার লোকজনও কেউ থাকবে নাওর ভিখারী বন্ধুদের কাছ থেকে ভিক্ষা করে শেষ জীবন কাটাতে হবে,0,0,0,0,0,1
"তিন তালাকে বিচ্ছেদ নয় , মুছে যাক সংশয় একটি ধর্ম বিরোধী স্লোগান",0,0,1,0,0,0
আমার মতো কে কে আরফান নিশোর পাগলা ফ্যান আছো এবং নাটকটা ভেরি নাইস,0,0,0,0,0,0
নাটকের শেষ টা যে এই ভাবে শেষ হবে ভাবতে পারিনিসত্যি অসাধারণ একটা নাটক,0,0,0,0,0,0
ওই দিকে কি একটু শক্ত করে চোষ ঘষা হলে ব্যাথা বাড়বে চ্যাটের বালের মোছ পড়ে তোমার চোষা হবে আমি মুতবো এসে নেই কখন মাল খাবো আর কিছুই চাইনা,1,0,0,0,0,0
"খোদার কসম মন ডায় চায় তোরে জুতা মারতে মারতে কোর গাল দুটা লাল করে দেয়,,, মানুষের ভয়ে আল্লার কাছে ক্ষমা চাস,,ছি ছি,,",0,0,1,1,0,1
এই সালা একটা টাউট লোক অবাঙালি ভারতে পুরোটা হিসেব করলে এক কুটি বাঙালি পাবেনা আর সে দুই কুঠির হিসাব কষছে,0,1,0,0,0,0
নামাযের দাওয়াত দেওয়ার মাধ্যমে সত্যিই নাটাকটা অসাধারণ হইছেঅনেক ধন্যবাদ পরিচালক এবং নিশো ভাইকেএই ধরনের নাটক আরো চাই,0,0,0,0,0,0
এটাকেও জবাই করবে কেউ না কেউ। শুধু শুধু পরিচিত লাভ করার জন্য আজে বাজে কথা বলে এ সব নাস্তিক কুলাঙ্গার বাচ্চারা।,0,0,1,0,0,0
"তরে ধইরা জুতা দিয়া পিটটা কপালের চাডা পাডাইলান উচিৎ,অসিভ্য কোনহানকার",0,0,0,1,0,1
"দিবাকর পাগল যুক্তি নেই স্লোগানেই মন্ত্র নেই অতএব সে কিছুই জানেনা,",0,0,1,0,0,0
এটা যঘন্নো ঘৃনিত অপরাধ ।উপুযুক্ত তদন্তের মাধ্যমে বিচার হওয়া উচিত,0,0,0,1,0,0
এই তিন বদমাইশকে আগামীতে যারা জুতা দিয়ে পিটানোর আশা করেন শুধু তারাই লাইক মারেন,0,1,0,0,0,0
"আমার মতো যারা মনে করেন কালকেও মরে যেতে পারি, তারাই কেবল বাকিটা পড়বেন",0,0,0,0,0,0
পাকিস্তানের শহিদ হলে ভারতের মালু কুত্তা কে মারে পাকিস্তান।বাংলাদেশের বাঙালি কে শহিদ করলেও রাজাকার বাকশাল সরকার প্রতিবাদ টুকু করার সাহশ পায়না।,0,1,0,0,0,0
টিনের চালে ছুঁড়ে মারবো এক টুকরো ইট তোমার জন্য খালি আছে আমার পাশের সীট ।,0,0,0,0,1,0
"এমনকি এক বাদাময়ালাকে পেয়ে বলেছি, ‘আপনাকে ২০ টাকা দিবো... বাদাম দেয়া লাগবেনা... শুধু ডাক দেন’",0,0,0,0,0,0
লক্ষ করুন সাম্পদায়িক সমস্যা আমাদের দেশেও হয়। কিন্তু আমরা সেটার সমাধান করতে জানি আর ভারতের বেলায় ভিন্নতা প্রকাশ পায় ভারতীয়রা উসকানি দিতে জানে সমাধান নয়,0,0,0,0,0,0
ওয়ান অফ দ্যা বেস্ট ড্রামা অপূর্ব মিথিলামেহজাবিন জাস্ট লাভ ইউ,0,0,0,0,0,0
ভারতে ট্রেন দূর্ঘটনায় সবাই শোক প্রকাশ করতে পারেন ।কিন্তুু বার্মায় যে নির্মমভাবে কুত্তার বাচ্ছারা মুসলিম হত্যা করছে তখন তো কেউ নিন্দা ও প্রতিবাদ জানাননি? তাই বলছি,1,0,1,0,0,0
আল্লাহ বলে কিছু নেই। যে ধর্মে অন্যকে ছোটো করে সেটা কোনো ধর্ম হতে পারে না।,0,0,1,0,0,0
কোথায় কোয়েল মল্লিক রানু মন্ডলকে জুতো ছুঁড়ে মারলেন? ভূলভাল টাইটেল দিয়ে দর্শক টানতে চাইছেন? যত্তসব চিটিংবাজী কথাবার্তা৷,0,1,0,0,0,0
নামাজের দাওয়াত দেয়াটা অনেক ভাল লাগছে সুপার হইছে নাটক টা,0,0,0,0,0,0
"শুয়ার, জানোয়ার, কুকুরের চাইতে নিকৃস্ট তোরা,, কুকুরের বিস্টা তুরা সকলে",0,0,0,0,0,1
“মনোযোগ দিয়ে শুন... ‘কাট’ ‘মুন্ডু’ এই শব্দ দুইটা মনে রাখতে পারবে না? নেপালের কথা শুনলেই মনে করবে মুন্ডু কাটতে হবে? মনে থাকবে?”,0,0,0,0,0,0
ভালোবাসার দুটি মানুষ যখন এক সাথে তখন সেটা তো সেরা হবেই২০১৯ এর বেষ্ট নাটক👑👑👑👑💪💪,0,0,0,0,0,0
এরকম নাটক আমরা চাই যেখানে কোনো অশালীন চরিত্র নাই অসাধারণ গুনি লেখক এবং অপুর্ব এবং তিশা কে আমার বান্ধবীদের বিয়ে হয়ে গেছে বাচ্চা হয়েছে আমি আর ছোট নাইদুবছরের জন্য চটাং পটাং বন্ধ না করলে সজলের সংগে বিয়ে দেবো,0,0,0,0,0,0
"কোনও কোম্পানি যদি তাকে মাসে ২০ হাজার টাকাও স্টাইপেন্ড দেয়, এই ছেলে একদিন বড় হয়ে দেশের নাম উজ্জ্বল করবে",0,0,0,0,0,0
"রাত দুই টার সময় ফোন দিয়ে বন্ধু যখন তার ২৩৮ তম ব্রেকআপের কথা বলে, তখন আমি বলি, কুত্তার বাচ্চা টেলিফোন রাখ",1,0,0,0,1,0
এই সব নাটক দেখেই আজকালকার ছেলেমেয়েরা বাড়ি থেকে পালানোরসাহস পায়তবে নিশু ভাই ইস বেস্টএক কথায় অসাধারণ,0,0,0,0,0,0
শ্রীলেখা যদি কাঁচা কথায় ন্যাংটো হন বা কাপড় খুলে দেখান।তাহলে কি অবিশ্বাস্য কিছু দেখা যাবে বা আলাদা কিছু দেখা যাবে।,1,0,0,0,0,0
চাগল দিয়ে যেমন হালচাষ হয় না এদেরকে দিয়ে কখনোও দেশ চলবেনা,0,0,0,0,1,0
বন্ধু তো এমনি হয় যত দূরেই থাকুক না কেনো মনে হয় যেন খুব কাছে বেঁচে থাকুক সব ভালো বন্ধুত্বভালো থেকো তুমিও শম্পা,0,0,0,0,0,0
আপনাদের ভালোবাসা পেয়ে সত্যিই আমরা খুব আনন্দিত সবগুলো নাটকের মত এই নাটকটিতেও আপনাদের ভালোবাসা আশা করছি ভালো থাকুন সুস্হ থাকুন আর পাশেই থাকুন ভলোবাসা অবিরাম,0,0,0,0,0,0
এই জান্নাত ফান্নাত বেহেস্ত ফেহেস্ত বাজে কথা ভুল বানোয়াট ।মানুষকে ভুল শেখান হচ্ছে।,0,0,1,0,0,0
"কামরুলের আশঙ্কা, বিএনপি নির্মুল না হলে আওয়ামীলীগের অস্তিত্ব বিপন্ন হবে",0,1,0,0,0,0
আপনাগো মত ফকিন্নির পোলার নাম বাদশা বইলাই তো দেশের আইজ এই অবস্থা,0,0,0,0,1,1
নাটকের প্রথম দিক টা আমার জীবনের সাথে পুরো মিল নাটক টা খুব ভালো লাগলো,0,0,0,0,0,0
কমেন্ট গুলো পড়ে খুব ভালো লাগলো প্রায় সব কমেন্টেই নামাজের ডাক সুবহানাল্লাহ ★,0,0,0,0,0,0
"কিন্তু দিন শেষে ব্যাংক ব্যাল্যান্স বলেন আর ক্যারিয়ার ডেভেলপমেন্ট বলেন, কোনটাতেই এরা পিছিয়ে নেই",0,0,0,0,0,0
"কিরে তুই কি পাবলিকের কমেন্ট পড়স না,তোরে তো কেউ দেখতেই পারে না,",0,0,0,0,0,1
"সালার পুতেরা তোদের দৌড়ায় দৌড়ায় পিঠা, সব ঠিক হয়ে যাবে ।",1,0,0,1,0,0
আমাদের সকলের উচিত এইসব নাস্তিকের পাচায় লাথি মেরে বাংলা জমিন হতে বিতারিত করা। এরা বাংলা জমিনের জন্য সবচেয়ে বড় অভিশাব।,0,0,1,1,0,1
নাটকটা ৩ বার দেখলাম শামীম ভাই আপনি সেরা ভালোবাসা নিয়েন,0,0,0,0,0,0
ব্যাচ ২৭ কে আবার দেখে মন টা ভরে গেলো শান্তিতে,0,0,0,0,0,0
"অপেক্ষা করুন আপনার আইডিটা খাইতেছি, আইডি খাই তোমার আপলোড দেওয়া বুঝাবো।",0,0,0,1,0,0
এত বেশি ভালো লাগে জা বলতে পারবোনা জখুন ইউটিউবে ঢুকেই দেখি প্রথমেই ভাইয়ের নতুন নাটক তখুন সব ভুইলা জাইঅনেক বেশি ভালো বাসি নিশো ভাই তোমাকে,0,0,0,0,0,0
কিছু কিছু পোলারা আছে ধুদ বাইর করা ছবি পাইলে বলে নাইছ আর এ ওগো নাইছ মা বলে জুতা মার,1,0,0,1,0,1
এক কথায় অসাধারণ ছিলো ধন্যবাদ অসাধারণ একটা নাটক উপহার দেওয়ার জন্য স্যার আমি কামাল কাবিলা দ্যা বেস্ট,0,0,0,0,0,0
রাজাকার হোক আর জানোয়ার হোক তাতে কোন সমস্যা নাই সে যদি নেত্রীর আত্মীয় হয় কিংবা আওয়ামীলীগার হয়,0,1,0,0,0,0
আমার প্রিয় অভিনেতা হল আখম হাসান আখম হাসান এর অভিনয় গুলো আমার খুব ভালো ভালো লাগে আপনাদের কার কেমন লাগে অবশ্যই কমেন্ট করে জানাবেন,0,0,0,0,0,0
"ঠাণ্ডা পানি ছাড়া কিছুই দেই না... বা, মাঝে মাঝে ঠাণ্ডা বরফ",0,0,0,0,0,0
মাঠেই অবসর নেয়ার সম্মান টুকু দেয়ার জন্যই তাকে হুট করে দলে ঢোকানো !,0,0,0,0,1,0
খাইছে নয়া দিগন্ত মনে হচ্ছে ভারত আর চিন এর মধ্যে যুদ্ধ লাগায়া ছারবে।,0,1,0,0,0,0
"প্রকৃত রাজাকার তো তারাই, যারা স্কুল লাইফে জাতীয় সংগীত না গেয়ে শুধু ঠোঁট নাড়ে",0,1,0,0,1,0
ধন্যবাদ শাহানাজ খুশি কেউনার অসাধারণ অভিনয় দিয়ে সকলের চোখের পানি বের করে দেওয়ার জন্যধন্যবাদ দিপু হাজরা কে এই ধরনের সামাজিক নাটক উপহার দেওয়ার জন্য,0,0,0,0,0,0
এর থেকে ভালো গান গাইতে পারে এমন অনেকে আছে আচ্ছা গান করে ভালো কথা কিন্তু লতাকন্ঠী এটা শুনতেই বিরক্ত লাগে,0,1,0,0,0,0
"ভারত মুসলমাদের উপর জুলুম অত্যাচার করছ, উল্টা মিথ্যা অপবাদ দেছ, অহংকারেই একদিন পতন হবে ভারতের !!",0,1,0,0,0,0
খবর ভারতে অনুষ্টিত হতে যাওয়া ব্রিকস বিমসটেক সম্মেলনে যাচ্ছেন প্রধানমন্ত্রী।,0,0,0,0,0,0
নাটকটি দারুন হয়েছে পাশাপাশি শালীনতাও ছিলনাটক এমন হওয়া চাইসমাজ থেকে গতানুগতিক খারাপ নাটকের ভাইরাস দূর হবে,0,0,0,0,0,0
চোরের মায়ের বড় গলা যিনি নিজেই হাজারো খুনের দায়ে দেশের ও আন্তর্জাতিক আদালতের আসামী তিনি অন্যকে বলেন খুনি,0,0,0,0,1,0
শশুর বাড়িতে জামাই কে কেন আদর করে কেন? কারন তারা জানে এই ব্যক্তিই তাদের কাল বৈশাখীকে সামাল দিয়ে রেখেছে,0,0,0,0,1,0
নিজের অভ্যন্তরীণ মুক্তিযোদ্ধারা মানবেতর জীবন যাপন করতেছে পরের ঘরে অালো দেওয়া মানে হয়না।কৃতজ্ঞতার নামে একদিন বাংলাদেশেটা ভারতে কাছে দিয়ে দিবেন মনেহয়।,0,1,0,0,0,0
অপূর্ব মেহজাবিন তানজিন আপনাদের অভিনয় মনে দাগ কাটে চালিয়ে যান শুভেচ্ছা,0,0,0,0,0,0
ভুল বলছেন না সত্য কথা বলছেন আমি আগেও কমেন্ট দিয়েছি যে বেইমান রাণুর গান আমি শুনবনা,0,1,0,0,0,0
শুয়োর গুলো কাদা ময়লার সমান কোরান ছাড়া কিছুই বোঝে না।,0,0,1,0,0,0
ভারতের পানি থাকবে যখন ঠেকাতে পারবে না তখন বাংলাদেশে ছেড়ে দেবে এটাই তো তবুও পাকিস্তানে এক ফোটা জলও যাবে না মরলে বাংলাদেশ মরউক,0,1,0,0,0,0
বিএনপি খালেদা জিয়া কে দেখলাম হিলারির ইমেলে প্যচারে এখন দেখছি ট্যাম্পে সাথে গলামিলাচেছ এই ধরনের চরিএ্য একমাত্য বিএনপিকে মানাই,0,1,0,0,0,0
৯০% মুসলমানের দেশে মাহফিলে বাধা দিয়ে এদেশের আলম ওলামাদের সাথে বেয়াদবি করার চেষ্টা করলে আপনার নিজের ভাবমূর্তি বিনষ্ট হবে।,0,0,1,0,0,0
শামীম ভাই তোমাকে অনেক ভাল লাগেতোমমার অভিনয় টা ধারুন হইছে আর সাবিলা তো সাবিলা কি সাংগাতিক মেয়ে রে বাবা,0,0,0,0,0,0
এ নাটকটির কাহিনী পুরোপুরি আমার জীবনের সাথে মিলে যায় আমারও বছরের ছেলে কলেজে পড়ে,0,0,0,0,0,0
বর্তমান সমাজের একটি নাটকীয় সত্যিকারের চিত্র অসংখ্য ধন্যবাদ এমন একটি বাস্তবতা তুলে ধরার জন্য,0,0,0,0,0,0
"আরেকজন রিকশা চালক, সম্পূর্ণ ইগ্নর করেছে... তার হাতের অবস্থা এখন এটা",0,0,0,0,0,0
সাকিব ভাই মদিনাতে কবে আসলেন । ভাই যদি জানতাম যে আপনি সৌদিআরব মদিনাতে আইছেন তাইলে কসম আল্লাহ্ আমি আপনার সাথে দেখা করতে আসতাম । কারণ আমি সৌদিআরব ইয়ানবু শহুরে আছি । আমার এখান থেকে মদিনা মাত্র দুইশো কি মি । ভাই জান মিছ করলাম ।,0,0,0,0,1,0
দিবাকর দেবনাথ দেখি ধর্মে বিশ্বাসী নয় সে আসলেই ইতিহাস এ বিশ্বাসী। ইতিহাস কিভাবে ধর্ম হতে পারে আমি ভাবতেই পারিনা।,0,0,1,0,0,0
এই প্রথম আমার বৌ কইছে শামীম আফজাল কমেন্ট করো এত পাতলা কাপড় পরে আজ পরী আকাশে উড়ে ।,0,0,0,0,1,0
অনেক অনেক ভালো হয়েছে কাজটাধন্যবাদ নিশো তিশাএবংঅমিকেনাটকটির মধ্যে একটা পবিত্র পবিত্র ভাব ছিলএখানে সর্বশ্রেষ্ঠ উপদেশ ছিল নামাজ পড়াআবারও ধন্যবাদ অমি এবং নিশোকে,0,0,0,0,0,0
এ যেন ঠিক জুতা মেরে গরু দান।আসলে সেলিব্রিটি হলে সবাই এমনই হয়,0,0,0,0,0,1
৯৫% ধর্ষনের সাথে আওয়ামী লীগের কর্মীরা প্রত্যক্ষ এবং পরোক্ষভাবে জড়িত।,0,1,0,0,0,0
"তাবিজ ধনে লাগাইয়া
তর মামার উপর রাখিয়া তর নাকের চিদ্র দিয়া আমার মহা মুল্যবান ধন খানা ঢুকাইয়া
দিমু আমার বিজ্র তর তল পেঠে ফালাইয়া
বছর না জেতেই যাবি তুই আরিফা মাগী মা বনীয়া",1,0,0,0,0,1
"নতুন নতুন স্টাইল করে
চুদবো তোমায় সকাল ভোরে

আমার এই ঠাপের সোদন সইতে পারবা না
তোমায় সুদবো ভন্দু টেরও পাবা না",0,0,0,0,0,0
স্যলুট আরিয়ান স্যার কে এতো সুন্দর একটি টেলিফিল্ম কি কমেন্ট করবো ভাষা হারিয়ে ফেলেছিঅভিনয় থেকে সুরুকরেসবাই কে অনেক অনেক ধন্যবাদ,0,0,0,0,0,0
চোঁখের পানি যে অনাবরতো ঝড়েই চলছেএতাটাই বাস্তবতা নিয়ে লেখা নাটকখুবি হৃদয়ে লেগেছেহ্যা এমন হাজারো ফুলি এই পৃথিবীতে আছেহ্যা ফুলি আমাদের বাবা উপড়ে বসে দেখছে আমাদের এমন সুখ,0,0,0,0,0,0
"এখানে হিন্দু মুসলিম ধর্ম টা আসে অনেক পরে আগে যে অপরাধ করে সে অপরাধী, তাকে আইনের আওতায় এনে শাস্তি দেওয়া হোকআমি একজন বাউল সঙ্গীতের বক্তা হিসেবে তীব্র নিন্দা জানাই, অতিবিলম্বে অপরাধী চিহিন্ত করে শাস্তি দেওয়া হোক",0,0,1,1,0,0
"অবিলম্বে  এন আর সি চালু করে মুসলিমগুলোকে ঘাড়ধাক্কা দিয়ে বাংলাদেশে পাঠানো হোক, ওই অঞ্চলের ওদের দাপটে হিন্দুদের তটস্থ থাকতে হয়এখনো সন্ধ্যার পর কোন হিন্দু মেয়ে একা বাইরে বেরোয় না",0,0,1,0,0,0
এ নাটকের সবচেয়ে ভালো দিকটা হলো নামাজ আর নামাজের মাধ্যমে আল্লাহ তাআলা সবকিছু করে দেন আর পরিচালক কে ধন্যবাদ,0,0,0,0,0,0
মাদার ফাক তোরে মুখে জুতা মারিতোরে এমনিতেই দেখতে ইচ্ছে করে না...আর ও নাস্তিক গিরি মারাইলিআবাল,1,0,1,1,0,1
ভালবাসা কি আমি জানিনা হয়তোবা জানি তা না হলে চোখের কোণে অবিরাম জল ঝর্ণা হত না ভালবাসা যদি এমন হয় তবে ভালবাসি আমি ভালবাসি মিজানুর রহমান আরিয়ান ভাইকে ভালবাসি আফরান নিশুকে,0,0,0,0,0,0
"আমাদের দেশে এভাবে এভাবে পার্লার কালচার চলতে থাকলে, আমি শিওর কয়েকদিন পর বিয়ের অনুষ্ঠানে কোনটা আমার বোরহানির গ্লাসের মতো কোনটা আমার ফ্যামিলি মেম্বার, তা বুঝতে কষ্ট হয়ে যাবে",0,0,0,0,0,0
“বয়েসের কম বেশীতে অনেক সময় ওষুধের প্রভাব সরাসরি কিডনি তে পড়ে আর কিডনি ফেল হবার সম্ভাবনা বেড়ে যায়”,0,0,0,0,0,0
কোন অশ্লীলতা নেইঅামরা চাইলেই বিভিন্নভাবে অনেক ভাল কিছু করতে পারি ইসলাম ও সমাজের জন্যএত সুন্দর করে নামাজের দাওয়াত দেয়ার জন্য অানলিমিটেড দোয়া অামার পক্ষ থেকে অাল্লাহ অাপনার নেক হায়াত বাড়িয়ে দিক,0,0,0,0,0,0
"তোর মুখ দেখে তো মনে হচ্ছে তোর পুটকিতে কেউ শিল ভরে দিয়েছে, তাই এক্কেরে নাম্ব হইয়া গেসোস। আর রক্তপাত আটকাতে ওড়না দিয়া হোগা ঝাইপ্পা রাখসোস। মাদারচুদ কোনহাঙ্কার",1,0,0,0,1,1
নাটকের স্টরিলাইন দারুন ডিরেকশন সম্ভবত আরো ভালো দেয়া যেত এ ধরনের ইমোশনাল নাটক দেখতে ভালই লাগে,0,0,0,0,0,0
"আমি সেমিনারে বসে বসে ভাবছি, ভাগ্যিস আর কোনও বাংলাদেশী স্পিকার এখানে নেই... থাকলে শিওর বলে দিত, ‘মিস্টার আরিব্বাই মিসা কথা বলেছে আমি সাক্ষী’",0,0,0,0,0,0
আচ্ছা বুঝলাম তোর সৃস্টিকর্তা কে? তুই আর কি করবি তুই মুফার সাথে চু চু কর।মুফা বান্দরের জন্মদিনে গান শুনা,0,0,1,0,0,0
ভাই তুই তো বেশ্যার চাইতেও খারাপ মনে হচ্ছে ছাগলচোদা পোলাপান আর কিছু পাসনা ইউটিউবে ছাড়ার জন্য?,1,0,0,0,0,1
এত সুন্দর নাটক ডিজলাইক কমিউনিটিদের জন্য সমবেদনা সাবিলা নুর এই নাটকে ঠিক ছিল মানিয়েছে,0,0,0,0,0,0
"ইসলামবিরোধী প্রোপাগান্ডায় লিপ্ত ভারতীয় কুখ্যাত দালাল শ্রেণী, যাদের ইচ্ছা ভারত হবে মুসলিমবিহীন রাষ্ট্র",0,0,1,0,0,0
যতদিন কম বয়সে খানকিরা হয় ততদিন পর্যন্ত এগুলো হবে নাম পানি পানি কেল,1,0,0,0,0,0
আপনি বলেছেন একদম ঠিক কথা যে ভিখারী সে ভিখারী থাকে হিংসা পতনের মূল,0,0,0,0,0,1
প্রথম ভালোবাসা কখনোই ভোলা যায় নাএমনকি তা সম্ভব ও না নাটকটি তার জ্বলন্ত উদাহরণ,0,0,0,0,0,0
এবাভে কি মায়ার মায়ের দিকে একটু নজর পড়েনা কারন কি ওরা মুসলিম আর ভারত হিনদু এটাই তাদের অপরাধ তারা মুসলিম কেন,0,0,1,0,0,0
নিশো ভাইয়ের স্টাইলটা আমার দারুন লাগেগল্পটা আমার হুবহু আমার জীবনে ঘটছেকিন্তু আমি তাকে পাই নাইতবুও সে ভালো থাকুক আরভালোথাকুক ভালোবাসাগুলো,0,0,0,0,0,0
তোরা নিজেদের চরকায় তেল দে। তোর মতো ছুচো বা চিকা একটা মলের কিট শান্তির( ইসলামের) কথা না বললেও চলবে।,0,0,1,0,0,0
সনাতন চিরন্তন ধর্ম রিচাস কর  বেটা ইসকন প্রভুদের বক্তব্য মন দিয়ে শোন । ইসলাম ধর্ম হলো মানুষের বানানো  ধর্ম ।,0,0,1,0,0,0
"বুড়ি চুদি , ভিখারি দের সাথে থাকলে উকুন ঢুকে যাবে,  আর সব বলি ওই এক লাইন গান গিয়ে এই সব বুড়ি চুদি দের ফেমাস করা উচিৎ নয়, ও যেমন ভিখারি ছিলো তেমন করে দাও",1,0,0,0,0,1
এখন উচিত ঔ বেইমান অকৃতজ্ঞ রানুর সেই ফুট পথে রেললাইনে ফিরিয়ে দেয়া তা হলেই ঔই বেইমানের উচিত শিক্ষা হবেআসলে ছটোলকের বাচ্চারা যখন ২ পয়সার মুখ চোখে দেখে তখন আর ধরা কে সরা জ্ঞান করে না ঔ ভীকারির হয়ছে সেই অবশতা,0,0,0,0,0,1
"কেমন করতেছে প্রথম আইডিটা খাইতেছি, তাহলে খাই তোমার আপলোড দেওয়া বুঝাবো কিনা",0,0,0,1,0,0
আমি পশ্চিমবঙ্গে থাকি অসাধারণ গল্প বানিয়েছেনজীবনটা যে কত ছোট মধ্যবিত্ত পরিবারের জীবন দশা গুলি পুঙ্খানুপুঙ্খভাবে ফুটিয়ে তুলেছেন আমার দেখা সেরা ভিডিও তাই লাইক সেয়ার ও কমেন্টস করে পেলাম না তবে এরকম মিষ্টি প্রেমময় গল্প আরও বানাবেন,0,0,0,0,0,0
নিশো ভাই আমি আপনার অনেক বড় বক্ত আমি আপনার সব নাটক দেখিখুব ভালো লাগে আপনার সব নাটক কিন্তু এই নাটক টা আমার অনেক বেশি ভালো লাগছে,0,0,0,0,0,0
ওয়েট... তারা শুরু করেছে আগেই... টুকটুক করে প্রতি বছর নভেম্বরে রবীন্দ্র সরোবরে ‘ফুচকা বিলাশ’ করে আসছে,0,0,0,0,0,0
"হাঙ্গির জি তুই তারাতারি দেশের তেন বিদাই হ, দেশের মানুষ না খাইয়া মরতাছে তুই আছত তুর অয়েভ সিরিজ নিয়া",1,0,0,1,0,1
কাংলা দেশি হিন্দু দের আমরা অলরেডি ভারতীয় নাগরিকত্ব দিয়েছি কিন্তু যে সব কোটি মুসলিম এদেশে অবৈধ ভাবে আছে তাদের কুত্তার মত তাড়াব। আর কয়েক টা দিন।,0,0,0,1,0,0
নামাজের বিষয় টা খুবই ভালো লাগলো ধন্যবাদ জানাই পরিচালক কে,0,0,0,0,0,0
অনেক ভিডিও দেখলাম রানু দি কে নিয়ে কিন্তু এটা সেরা ছিল  চরম দিয়েছ বস,0,1,0,0,0,0
নাটকের মধ্যে সবচেয়ে সুন্দর এবং ভালো একটি কথা হল নামাজের গুরুত্ব ধন্যবাদ পরিচালক নাট্যকারদের সবাই এভাবে নাটকের মধ্যে নামাজের কথা তুলে ধরলে মুসলমানরা তাদের নামাজকে মনে রাখবে,0,0,0,0,0,0
অনেক দেশে যেতে পারবেন তার মধ্যে আফ্রিকার দেশ গুলি বেসি ভ্রমন করতে পারবেন ।,0,0,0,0,1,0
"আলেমদের কথা অগ্রাহ্য করে ভাস্কর্য স্থাপন করলে সরকারের সামনে বিপদ আসবে , ক্ষমতায় টিকে চ্যালেঞ্জিং হই যাবে ইনশাআল্লাহ",0,0,0,1,0,0
নাটকের কাহিনী টা বাস্তবতার সাথে মিল রেখে হলেও অনেক ফাস্ট হয়ে গিয়েছে আর দেখলাম বাচ্চা কান্না করছে তারপর ১০ বছর পর হেডলাইন দিয়ে পরে দেখালেন বাচ্চা কলেজে পড়ে এটা কিভাবে সম্ভব,0,0,0,0,0,0
"গা শিউরে উঠলোবোন, দিদি, কাছের মানুষদের জন্য সবসময় ভয়ে ভয়ে থাকি এই রকম জানোয়ারগুলোর জন্য",0,1,0,0,0,0
খুবই চমৎকার একটা নাটক অসাধারণ আর বিশেষ করে পুরো নাটকে নামায এর একটা মেসেজ ছিলো এই ব্যাপার দারুণ ছিলো পুরো নাটকে একটা মাধুর্য দিয়েছেধন্যবাদ প্রিয় অভিনেতাকেধন্যবাদ পরিচালককে এতো সুন্দর একটি চিত্রনাট্য উপহার দেওয়ার জন্যে,0,0,0,0,0,0
আমি নাটকটি ৫ বার দেখেছি আমার দেখা সবচেয়ে সেরা নাটক এটি আশা করি আরো সুদর নাটক পাবো আমি রিপন,0,0,0,0,0,0
আমেরিকা ভারত অনেক এগিয়ে তাদের নিয়ে ভেবে তোদের কি লাভ,0,1,0,0,0,0
নাটক টা সেরা বর্তমানের প্রেমগুলো এমন ই হয় প্রথমে ইউজ করে পরে যেকোন একটা সাবটারফিউজ দেখিয়ে সম্পর্ক নষ্ট করে দেয় বর্তমানের প্রেম গুলো ই ইউজ করার প্রেম,0,0,0,0,0,0
এখন এ বিপদে রেন্ডিয়া পড়তো আমাগো সরকার পারতো না তাদের মেহমানদারি করতে। এখন মুসলিমরা বিপদে পড়ছেতো তাই আমাগো সরকার আন্ধা হয়েগেছে।,0,0,1,0,0,0
"প্রত্যেক দেশেই কিছু সুপার হিরো থাকে; সুপার-ম্যান, স্পাইডার-ম্যান, ব্যাট-ম্যান, আইরন-ম্যান, ইনভিজিবল-ম্যান, প্লাস্টিক-ম্যান... এরকম হাজারো সুপার হিরো... যাদের দেখে বা যাদের গল্প পড়ে সেই দেশের পিচ্চিরা ইন্সপায়ারড হয়",0,0,0,0,0,0
বাস্তবমুখি একটি নাটকশাহানাজ খুশি বৃন্দবন দাস সাথে বস চঞ্চল চৌধুরূঅসাধারন হয়েছে,0,0,0,0,0,0
তোদের দেইনি বলে বলছিস দিলে বলতিস না।কাংলাদেশী খানকির ছেলেরা ।,1,0,0,0,0,1
দুঃখ লাগে য়খন একজন ইসলামি সৈনিক হয়েও দেশের মানুষের কাছে রাজাকার  সি সি ঘূনা লাগে,0,0,1,0,0,0
"একসময় কেউ মারা গেলে, তার ব্যাপারে ভালো কথাগুলোর মধ্যে একটা হয়ে থাকত “লোকটা খুব হাসিখুশি মানুষ ছিলেন...”",0,0,0,0,0,0
"কেউ হয়ত বিড শুরু করলো, ‘তাসকিন আমার বাসায় এসে ভাত খাবে’... ১০০ কম্বল দিব",0,0,0,0,0,0
জোস একটা নাটক ওমি ভাই আপনার নাটক আমার খুব ভাল লাগেনাটকে নামাজের দাওয়াত দেওয়া হইছে এই জিনিস টা ভাল লাকছেজোস,0,0,0,0,0,0
অনেক অনেক অনেক ভালো লাগার মতো নাটক বিশেষ করে নামাজের কথাটা বলায় অনেক ভালো ছিলো,0,0,0,0,0,0
চোখের পানি ধরে রাখতে পারিনি নাটকটি অসাধারন হয়েছে আমাদের এখানে আছে তার কাহিনী সাথে অনেক মিল আছে,0,0,0,0,0,0
এক কথায় অন্যরকমবলার ভাষা হারিয়ে ফেলেছিঅনেক ভালো লাগছেশেষটা যে এভাবে হবে বা কাহিনী এভাবে মোর নিবেকল্পনার বাহিরেসত্যিই অনেক ভালো লাগছে,0,0,0,0,0,0
এমন কোন চরিত্রের নাটক নাই যে যেখানে সাধারন মেয়ে গল্প থাকবে ফাউল সব কাহিনি বাস্তবতা নাই,0,0,0,0,1,0
অনেক ভাল লাগছে আবার তেমন কষ্টও লাগছে অনেক ভাল হইছে অপূর্ব ভাই,0,0,0,0,0,0
"যখন আমি মিম খুঁজে পাইনা, জনগন বলে এইটা কি মানা যায়?",0,0,0,0,1,0
"হলুদ গোল মার্ক করা ছেলেটি হলো কথিত জুতা নিক্ষেপকারী বাধন, আর লাল মার্ক করা লোকটি হলো ৯ বছর ধরে শিশু পর্ণ তৈরী করা টিপু",0,1,0,0,0,0
যখন অপূর্ব ভাই মিথিলা আপুকে প্রপোজ করে তখন কান্না ধরে রাখতে পারিনি,0,0,0,0,0,0
অসম্ভব সুন্দর হয়েছে আবারো প্রমানিত হলো গ্রামের কাহিনী নিয়ে তৈরী যেকোনো নাটক বা সিনেমা সবসময় বেস্ট,0,0,0,0,0,0
আফরান নিশো মানেই অসাধারণ নাটকএই নাটকটা আমার কাছে অনেক ভালো লেগেছে বছ,0,0,0,0,0,0
তারা তো আপন ভাই বোন ছিল না তাড়াতাড়ি ভালোবাসা হওয়াটাই স্বাভাবিক,0,0,0,0,0,0
গদির লোভে দেশকে জঙ্গি রাষ্ট্রের কাতারে দাঁড় করিয়েছে সরকার -সভাপতি শফিউল আলম প্রধান,0,1,0,0,0,0
"মেয়েটা আসলেই একটা মাতারী, লেসবু পার্টনার বাছাই করবি ভালো কথা কিন্তু আগে খেয়াল করবি না যে মোছ আছে???",1,0,0,0,0,0
আসা কবরো ব্যাচ ২৭ এর ব্যানারে আরো নাটক আসবে এত সুন্দর একটা নাটক উপহার দেয়ার জন্য নাটকের সাথে জড়িত সদস্যদের ধন্যবাদ,0,0,0,0,0,0
নটি গিরি করে আবার বড় বড় কথা সেটা মেরে দাও টাকা ছারা,1,0,0,0,0,0
চোর বাটপাররা যেই দল ক্ষমতায় থাকে তার সাথেই থাকে এটা বোকা না হইলে বুঝার কথা।বিএনপি ক্ষমতায় থাকলে তাদের সাথেই দেখতেন,0,1,0,0,0,0
আমার জীবনে যত নাটক দেখছি তার মধ্যে এটাই সেরা ধন্যবাদ নিশু ভাই আমাদেরকে এত সুন্দর নাটক উপহার দেওয়ার জন্য,0,0,0,0,0,0
জুতা মারো তালে তালে শ্রেষ্ঠার গালে গালে শ্রেষ্ঠা হটাও শ্রেষ্ঠা হটাও মোহর বাঁচাও মোহর বাঁচাও !,0,0,0,0,0,1
নিজের প্রিয় মানুষটা যদি সাথে থাকেসবকিছুই কেমন জানি সহজ লাগেভালোবাসা যেন অদ্ভুত এক ভালোলাগা,0,0,0,0,0,0
এই ডির বোদার মদেদ বর কালা বেগুন দিয়া এক বার ডুকান জেত আরেক বা বাহির করন জেত তখন এই ডি ঠানডা হলো নে,1,0,0,0,0,1
আমার মনে হয় আগের আওয়ামী লীগ আর বর্তমান আওয়ামীলীগের মধ্যে অনেক তফাত রয়েছে।।,0,0,0,0,0,0
"গয়েশ^রকে দেখতে নয়াপল্টনে বিদ্যুৎ প্রতিমন্ত্রী, এ যেনো সর্প হইয়া দংশন করো ওঁঝা হইয়া ঝাড়ো অবস্থা",0,0,0,0,1,0
"ইসলাম অনুসারে, ৭২টি হুরের সঙ্গে চব্বিশঘন্টা সেক্স করার জন্য জান্নাতি পুরুষদের লিঙ্গ সব-সময় শক্ত ও খাড়া হয়ে থাকবে",0,0,1,0,0,0
মিজানুর রহমান আরিয়ান স্যার কে অনেক অনেক ধন্যাবাদ বার বার এমন সুন্দর সুন্দর নাটক উপহার দিওয়ার জন্য আর অনেক অনেক ভালবাসা রইল নিশো ভাইয়া এবং মেহেরজাবীন আপুর জন্য,0,0,0,0,0,0
শাটডাউনে সরকার থেকে ত্রান নেওয়ার আশায় পোলার প্রো লেভেলের তেল বাজি,0,0,0,0,1,0
এ কাফের আরবে যৌন দাসী ভারতীয় যদি বিশ্বাস না হয় আরব দেশ গুলোর খবর নিয়ে দেখ কত জন ভারতীয় আর পুরো দুনিয়াতে কত কোটি ভারতীয় যৌন দাসী হবে?,0,1,0,0,0,0
অসাধারণ চোখে পানি চলে এলধন্যবাদ মিজানুর রহমান আরিয়ানা ভাই ধন্যবাদ বস নিশোওমেহজাবীন,0,0,0,0,0,0
কয়েকদিন আগে মেয়ের স্কুলের বইয়ের কাভার ময়লা হয়ে গেছে সব বইগুলো নিয়ে মলাট লাগাতে বসলাম,0,0,0,0,0,0
ভন্ডু এখনো ড্যান্ডি(জুতার গাম দিয়ে নেশা করা) খাওয়া ছাড়লে না? বুকে একটা লাথি মেরে দিব বুঝলে?,0,0,0,1,0,1
রাবন সিতাকে নিয়ে গিয়ে চুদে মুদে শেষ করে যখন সিতাকে ফিরিয়ে দেয় শালা রাম নিজ দেশে ফিরে গিয়ে রাবন বধের বিরাট কাহিনি বানিয়ে মানুষকে কোনভেন্স করে যে তার সিতা ভার্জিন।,1,0,1,0,0,0
"২০০ টাকার কথা বলে ১০০০ টাকা নিয়ে যায়, মোবাইল ফোন নিয়ে যায়যার নিয়ে যায় সেই বোঝে কেমন লাগে ধরেন আপনার থেকে নিলো এখন পড়ছেন বিপদে, কিছু করতে পারবেন ?সবার আগে যেই কথাটা আসবে সেটা হচ্ছে ওখানে গেছেন কী করতে",0,1,0,0,0,0
আপনি আমাদের হিন্দু সমাজকে নিচে নামিয়ে দিলেন দিবাকরদা আপনাকে বলছিআপনি আমাদের ধর্মের ব্যাপারে কিছুই জানেন না,0,0,1,0,0,0
চিকিৎসার ব্যয় কে বহন করছে সেটা আমরা দেখতে চাইনা আমরা শুধু ছাত্রলীগ নেতা বদরুলের ফাসি চাই আর উনার নেতা দুষ করছে তো উনি ব্যয় বহন করবেনা তো কে করবে??,0,1,0,0,0,0
খানকির পুলা জারজের বাচ্চারা বাংলাদেশে তোদের কি চুদা দিতে আসো। বাংলাদেশে ডুকলে তর মায়রে চুদমু। তোরা রক্ত চুষা যে দেশকে দরছ তাদের রক্ত শেষ না হয়া পর্যন্ত ছাড়ছ না।,1,0,0,0,0,1
আপু আপনি এতো মোটা আপনাকে খুব খারাপ লাগে। আর তার সাথে আপনার চরিএ খারাপ। আর কত বিয়ে করবেন। পরকালের চিনতা করেন,0,0,0,0,0,1
"আমার কথা হলো, সামনের গাড়ি হয়তো ঠিক ভাবেই যাচ্ছে... কিন্তু আমার-আপনার কি মেধা নেই আরেকটু ঠিক ভাবে যাওয়ার?",0,0,0,0,0,0
"আপনার মুখেই যদি হাসি না থাকে,  বা হাসলেও সেই হাসিতে যদি প্রাণ না থাকে",0,0,0,0,0,0
তোমাদের দলের রাজাকার গুলো আগে বের করো তারপর অন্য কিছু,0,1,0,0,0,0
এইধরনের নাটক সত্যি মন মোহিত করে তোলে দারুন আর তানজিন খুব দারুন নাটক করে,0,0,0,0,0,0
এরা মুজিব আদর্শের সৈনিক।মুক্তিযুদ্ধের স্বপক্ষের শক্তি।পুলিশ এদের ধরে ঠিক কাজ করেনি।এর পিছনে জামায়েত শিবিরের হাত আছে।বাণীতে হাসান মাহমুদ।,0,1,0,0,0,0
বাংলা নাটকে খুব কমই আছে যে নামাজের তাগিদ দেওয়াএককথায় এই নাটকটা সবকিছু মিলিয়ে অসাধারণ লাগছে,0,0,0,0,0,0
পাক জামায়াত্যা রাজাকারের ভয়ে গাছের পুকুরে লাফাইসনা না আয় ঠেং বেঙ্গে ফাঁসি ধরিয়ে দিবো,0,0,0,1,0,0
ভাগ মুসলিমের দেশ বাংলাদেশ। এখানেই জাকির নায়কের কার্জকম বন্ধ হয়ে গেল আর ভারত। তার কার্জকম বন্ধ করতের ভারতের এত নংরা রাজনীতি।তা আমরা ভাল ভাবেই জানি।,0,1,0,0,0,0
জানি এখানে কমেন্ড করলে আমার বউ ঘড়ে যায়গা দিবেনা তারপরেও কমেন্ড করবো তুমাকে একদম মোরগির বাচ্চার মত সুন্দর লাগছে সোনা আমার,0,0,0,0,1,0
এতবড় সাহস! বাপ দাদার কোটার বিরুদ্ধে আন্দোলন এক্কেরে লাল ঘোড়া দাবড়াইয়া দিমু,0,0,0,1,0,0
ওর মত জানোয়ারের বেচে থাকার কোনো অধিকারই নাই।ওকে ফাসির দড়িতে ঘনটা ঝুলিয়ে রাখলে আমাদের শানতি হবে।,0,0,0,1,0,0
আমার জীবনের দেখা শ্রেষ্ঠ নাটক পুরো একটা জীবনকে উপলব্ধি করলাম চোখের কোনে একফোঁটা জল এনে দিল শেষের অংশটুকু,0,0,0,0,0,0
এদের মত নরপশু বাংলার মাটিতে বেছে থাকার কোন অধিকার নাই তাই তাকে প্রকাশ্যে ফাসি দেওয়া হক এটাই আমাদের দাবি।।,0,1,0,0,0,0
এক সময় তাই ও গতরে গু মেকে ভিক্ষা করতেন সে সময় তিনি একজন নাফর মান,0,0,0,0,0,1
"এই মহিলার মাথায় সমস্যা আছে যা আমরা সবাই জানি, কিছু ব্যাক্তি উল্টা-পাল্টা কমেন্ট করে মহিলা কোথাও ভুল বাল বলেছে সেই বিষয়কে ভাইরাল করে মহিলাকে আরো বিপদে ফেলতে চাচ্ছে",0,1,0,0,0,0
"জংলি হাতি, সববুর মাগির গুর দুধ জত পারিস তত চোদ",1,0,0,0,0,0
"“আপনার কথাবার্তা তো সন্দেহজনক... এই নার্স, উনাকে এপ্রন পরায়ে ডেলিভারি রুমে নিয়ে আসো”",0,0,0,0,0,0
আরিয়ান আসলেই অসাধারন নির্মাতা ও রচয়িতা সেটা তিনি বারবার প্রমাণ রেখে চলেছেন,0,0,0,0,0,0
ঈদের আগের দিন বাজার করতে বের হবো মেয়েদের নিয়ে... গেটের কাছে জুতা পড়তে এসে দেখি ছাগল করুন দৃষ্টিতে তাকিয়ে আছে,0,0,0,0,0,0
ভারতের দালালি যারা করে এরা ভারত চলেযাক এদের বাংলাদেশের দরকার নাই,0,1,0,0,0,0
তুরে চুদতে হলে শিবিরের পুলা লাগবে মাগি শালি রাজাকারের গোলাম,1,0,0,0,0,1
এই ছবি খানা দেইখা আমার সাত রমজান মনে হয় নষ্ট হয়া যায় আল্লাহ এদের হেদায়েত দেও,0,0,1,0,1,0
শামীম ভাল অভিনয় করেছেতবে বাস্তবেও এমন প্যারাবাজ বড় ভাই ও ড্রাইভার আছে,0,0,0,0,0,0
আরিয়ান ভাই আপনাকে অসংখ্য ধন্যবাদএত সুন্দর একটা গল্প উপহারর দেয়ার জন্যধন্যবাদ আরফান নিশো ভাই,0,0,0,0,0,0
শাহনাজ খুশি অসাধারন অভিনয় করছেআমার কোন বোন নাই তবুও চোখের পানি ধরে রাখতে পারলাম না,0,0,0,0,0,0
অনেক দিন পর একটা ভালো নাটক দেখলামএক কথায় নাটক টা দেখে ভিতর থেকে নাড়া দিছে ধন্যবাদ জানিয়ে ছোট করবো না তুমাদের তুমরা ২ জনেই অনেক ভালো অভিনয় করেচ লাভ ইউ,0,0,0,0,0,0
এটাকি কোন ভারতীয় পেজ নাকি।হেডিং দেখে তো তাই মনে হচ্ছে।,0,0,0,0,0,0
তোর লগের দুইটা তো বোরকা পরা অই খাঙ্কি তোর বোরকা কই?,1,0,0,0,0,1
"ওরা কুকুরের গলায় আর আমরা বুকে, তারপরেও তার দেশপ্রেমী আর আমরা দেশবিরোধী",0,0,0,0,1,0
সারা দেশের কুত্তায় মুখ দিয়েছে। তাই তার সামনের দুইটা এত বড়,1,0,0,0,0,1
এতটুকু মেয়ে প্রেমের স্বাদ বুঝে গেলকি অবাক করা বিষয় আরে বাবা এই বয়সে তো উভয় লিংগের অনুভূতি কখনোই বুঝার কথা না,0,0,0,0,0,1
মাসুমভাই। খানকির পুলারা আমগো ভাই মারে আবার আমগো পোষ্টে কেমন্ট করে ঐ খানকির পুলাগর লগে কি ভালো ব্যবহার করলে আমগো মরা ভাই কষ্ট পাইবো। এখন থেকে ঔই খানকির পুলাগরে চুদার ওপর রাখমু তাইলেই ঠিক হইবো,1,0,0,0,0,1
এটাকে নাটক বলবো কিনা জানিনা কারন এটা আমাদের সমাজের বাস্তব চিত্রের প্রতিচ্ছবি নাটকের প্রত্যেকটা চরিত্র ছিলো পারফেক্ট ধন্যবাদ অনেক ভালো লাগলো,0,0,0,0,0,0
আমার এই নাটক টি আপনাদের সবার কাছে কেমন লেগেছে তা আমাকে অবশ্যই জানাতে ভুল বেন না সবাইকে অনেক অনেক এবং ভালোবা,0,0,0,0,0,0
তোকে পাইলে আমি জুতা পিঠা করতাম বেশ্যা মাগি তোদের মতো নাস্তিক দের জন্য আজকে আমার বাংলাদেশ এ করেনা এসেছ,1,0,1,1,0,1
আফগানিস্থানের রাজধানী: 'আবুল' (হ্যা 'কাবুল' মুখস্ত করাতে যেয়ে আমাদের উপরের তলার বাবুল চাচার এক্সাম্পল এনেছিলাম... বাট আবুল?),0,0,0,0,0,0
পাকিস্তান চায় ভারতের সাথে ভালো সম্পর্ক কিন্তু বাংলাদেশের লোক চায় ভারত কে শেষ করে দিক পাকিস্তান তাই বাংলাদেশের কিছু লোভীদের পাচায় বাশঁ দিয়ে পাকিস্তান ভালো সম্পর্কের আঁশায় ভারতের মুখের দিকে চেয়ে আছে,0,1,0,0,0,0
"ফেরদৌস ভাই প্রকৃত পক্ষে একজন ধর্মন্ধ প্রকৃত মূর্খ মানুষ,ও নিজে আত্ততুষ্টিতে ভোগা লোক।",0,0,1,0,0,0
"এই শীতে আপনি একটা ভেসলিনের পেট্রোলিয়াম জেলি কিনলে, আরেকটা ভেসলিন চলে যাবে উত্তরবঙ্গের সব ডাক্তারদের কাছে",0,0,0,0,0,0
অপুর্ব হলো নাটকের রাজাআর নাটক পরিচালকের মধ্যে সিহাব সাহীন অসাধারনমেহজাবিন হলে আরো ভালো হতো তবে তিশাও অসাধারন কে কে আমার মতো অপুর্বতানজিন তিশা আর সিহাব শাহীন ভই এর ফ্যান তারা লাইক কমেন্ট করে সাথে থাকোআশা করি নাটকটি বেস্ট হবে,0,0,0,0,0,0
আমি যতো অপূর্বরে নাটক দেখি ততো ভালো লাগে আমি যখনি সময় পাই তখনি নাটক থেখি,0,0,0,0,0,0
"আবরার মুসলমান,ওকে যারা মেরেছে,যাদের ইশারায়,যারা জরিত।তাদের উপর আল্লার গজব পরুক।",0,0,1,1,0,0
তিনি তো দেশনেত্রী বেগম খালেদা জিয়া । যদি জীবনের বয় থাকতো তাহলে ফখরুদ্দীনের আমলে আপনার মত যদি বয় পেতো তাহলে দেশ ছেড়ে বিদেশে যেতো । খালেদা জিয়া বলেছিলেন মরলে নিজের দেশে মরবো তাও দেশে ছেড়ে যায়নি আর আপনি মামলার বয় দেখান ।,0,1,0,0,0,0
গনজাগরণ মঞ্চে ইসলামের বিরুদ্ধে কোনো আন্দোলন হয় নাই। উগ্রবাদী হেফাজত ইসলাম খমাখা এইসব আন্দোলোন করেছে এবং কুকুরের মত মাইর খাইছে।,0,0,1,0,0,0
এই খবর ভারতীয়রাও জানে কিন্তু পাকি দালাল নয়া দিগন্ত জেনে গেছে ।তাই লুঙ্গি দিয়ে প্যারাসূট বানিয়ে হাওয়ায় উড়ছে,0,1,0,0,0,0
"মিডিয়া তুমি আর হলুদ নাইগো, বেশি হলুদ হতে হতে কুচকুচে কালো হয়ে গেছো",0,0,0,0,1,0
ইসব রেপাররা গঞ্জিকা শেবন করে গান গাই তাই এই অবস্থা।,0,0,0,0,0,1
নামাজ টা কে উপস্থাপন করেছেন খুব ভালো লেগেছে নামাজ দিয়ে নাটক টা কে ইউটার্ন করিয়েছে নিশো ভাইয়ের ভক্তরা কোথায়,0,0,0,0,0,0
"ঘুম ভেঙ্গে শাপলা খালে লাশ, কোন সাহসে ছবি তুলতে চাস?",0,0,0,1,0,0
কাওলা এরিয়া কে টাঙ্গাইল বলে দিলো তাই তো বলি এত সুন্দর রাস্তা পাইছে কই,0,0,0,0,0,0
মুসলমানের দেশে ইসলাম নিয়ে বাজে মন্তব্য করলে ও সরকারের কিছু যায় আসে না,0,0,1,0,1,0
আমার ভাষা হারিয়ে ফেলছি নাটক সম্পর্কে কী আর বলবএককথায় অসাধরণ নাটক দুইটিআশা করি যেন আরিয়ান ভাই যেন এই নাটকের তূতীয় প্রেজ নির্মাণ করেন২০১৭৬ সেপ্টেম্বর,0,0,0,0,0,0
মিজানুর রহমান আরিয়ান এর নিশু মেহজাবিন অভিনয়ে নাটক মানেই ফাটাফাটি ধন্যবাদ এতো সুন্দর একটা নাটক উপহার দেয়ার জন্য সবল টিম কে নিশুমেহজাবিন,0,0,0,0,0,0
বেতন বন্ধ করে দিলে মাষ্টারমশায়রা এতদিন স্কুল খোলার জন্য আন্দোলন করত । ফ্রি বেতন পাচ্ছে তাই চুপচাপ আছে ।,0,0,0,0,1,0
এমন কোনদিন হয়নি আমার নিজেরই পাসওয়ার্ড আমি একবারে টাইপ করার পরই কারেক্ট হয়েছে,0,0,0,0,0,0
এ বছর অপূর্ব অভিনীত সেরা নাটক কত বার দেখলাম হিসেব নেই,0,0,0,0,0,0
ইমরুল আমার ছাগল মার্কা প্লেয়ার ওকে চির দিনের জন্য বাদ দেয়া হোক ইমরুল দলের জন্য অভিশাপ,0,0,0,0,0,1
এত ভালো নাটক ধন্যবাদ পরিচালকে নামাজের চিনগুলা দারুণ ছিল ভালো লাগলে লাইক দিন,0,0,0,0,0,0
এই প্রেম গুলো খুব মিষ্টি হয় বুকের মধ্যে চিন চিন করে ব্যাথা করার উপক্রম যাইহোক ভালো ছিলো আর ছিলো ভালো এন্ডিংটা,0,0,0,0,0,0
"দুই দিনের বইরাগী ভাতেরে কয় অন্ন,,,,জুতা মার নাস্তিকটারে।ফ্যাশনের তালে পইরা সব ভুইলা গেছে।",0,0,1,1,0,1
বন্ধ হলে সব কিছু হউয়া উচিৎ যেমন ভারতীয় সব চ্যানেল হিন্দী বাংলা ইংলিশ নাটক এবং ভারতের কোন নায়ক নায়িকার ফ্লিম চবি ড্রামা ছলতে দেওয়া হবেনা বন্ধ হলে সব কিছু বন্ধ হউয়া ধরকার,0,1,0,0,0,0
‘যেদিন মধু দিয়ে খাই সেদিন ৩/৪ টার বেশী খাই না”,0,0,0,0,0,0
এটা অন্যায়। অমানবিক। এরা শরনারথী। মুক্তিযুদ্ধের সময় আমরাও আশ্রয় নিয়েছিলাম ভারতে এত সহজে ভুলে গেলে চলবে না।,0,1,0,0,0,0
অনেক সুন্দর একটা নাটক পেলেম প্রথমে যেমন মজা পেলাম আবার শেষটায় অনেক ইমোশনাল চোখে পানি চলে এলো সব মিলিয়ে অনেক সুন্দর অনেক,0,0,0,0,0,0
আপা আন্নেরে সামনে পাইলে জুতা দিয়া বাইরাইয়া মাথার চারা ফাটাইয়া ফালাইতামনাস্তিক,0,0,1,1,0,1
"দূরো মাগি তোরে দেখলে জুতা পেটা করতে ইচ্ছা করে তোরে কে বলছে এডভাইস করতে তুই এই জাতির অভিশাপ । এই মাগি বলছিলো ও নাকি আখিরাত বিশ্বাস করেনা , এখন মাগি আসছে সাধু সাজতে ।",1,0,1,1,0,1
গতকাল অফিস থেকে বাসায় আসার পথে দেখি গুলশানে ২ গাড়ি টোকাটুকি লেগেছে,0,0,0,0,0,0
ঢেঁকি স্বর্গে গেলেও ধান ভাঙে|ভাই ছাগলকে লাঙ্গল টানতে দেখেছো?,0,0,0,0,1,0
আমার দেখা নাটক এর মদ্ধে সেরা নাটক অনেক ভালো লাগলো,0,0,0,0,0,0
এই বিশ টি নাটক এবং টেলিছবি দেখার জন্য দেশের মানুষ পাগল হয়ে আছে । বর্তমান এই সংকটময় মূহুর্তে ঠিক এমনই এক সংবাদ এর জন্য দেশের মানুষ অধীর আগ্রহে অপেক্ষায় ছিল । ধন্যবাদ ।,0,0,0,0,1,0
সবার আগে আমাকে বলেন চুমকি আর আর্য্যর কি বিয়ে হয়েছে ? আর চারুরও কি নতুন ওই বুড়ো লোকটার সাথে বিয়ে হয়েছে ? খালি বিয়ে বিয়ে আর বিয়ে,0,0,0,0,1,0
বইয়ে পড়েছি...  বৃত্তের কোনও সাইড থাকে না... কিন্তু মাঠে নেমে দেখা যায় বৃত্তেরও আদতে দুইটা সাইড আছে... ইন্সাইড আর আউটসাইড,0,0,0,0,0,0
কাবিলা যে অভিনয়ের পাশাপাশি এত সুন্দর নাটক বানাতে পারেএই নাটক টা না দেখলে হয়তো বুঝতাম নাধন্যবাদ জানায় পুরো টিমকে যারা এতো পরিশ্রম করে নাটকটা বানিয়েছে,0,0,0,0,0,0
আমি তো ঘুমাচ্ছিলাম শুধুমাত্র এই পোস্ট টা দেখার জন্য এলার্ম বাজিয়ে মাত্র উঠলাম । খুবই উপকারী পোস্ট জীবন পালটে দিলো একদ্ম,0,0,0,0,1,0
অসাধারণ নাটক হয়েছে নিশু মেহ্জাবিন এর নাটক সবসময় সবসময়ই অসাধারণ খুবই ভালো পরিচালনা,0,0,0,0,0,0
অসাধারণ গল্প চমৎকার অভিনয় আর শামীম ভাই আমার প্রিয় অভিনেতা ওনার অভিনয় আমার হৃদয় ছোঁয়ে যায় শামীম ভাইয়ের জন্য শুভ কামনা রইল,0,0,0,0,0,0
নাটকে তিশা খুব সম্ভ্রান্ত লেভেলের খানকির পরিচয় দিছেভালোই লাগছে খানকিগিরি অভিনয় দেখে,0,0,0,0,0,0
এরা বিয়ে করতে পারে আসলে তোমাদের হিন্দুত্ববাদের কিছু নিয়ম জীবন কে বেশি কঠিন করে ফেলেছে,0,0,1,0,0,0
রানুমন্ডল হা করলে মুখের ভেতরের জন্ত্র পাতি দেখে কার কেমন ফিল হয়,0,0,0,0,1,0
জুলু সোনা বড্ড পাজি কখন থেকে অপেক্ষা করছি দেয়না স্লট দেয়না সময় বলতো জুলুকে কি করি সব,0,0,0,0,1,0
এক কথায় অসাধারণ একটি নাটকবস নিশো ধারাই এতো নিখুঁত অভিনয় সম্ভব লাভ ইউ বস,0,0,0,0,0,0
নাটকটি দেখতে দেখতে কখন যে চোখের কোনে পানি চলে এলো বর্তমান অনেক জয়েন ফ্যামিলিতে এরকম ঘটনা হয়ে থাকে এরকম সচেতনমূলোক সময়পোযোগী সুন্দর একটা নাটকের জন্য রচয়িতা ও পরিচালক এবং অভিনীত শিল্পীদের অশেষ ধন্যবাদ জ্ঞাপন করছি,0,0,0,0,0,0
"দুইটার একটাও তেমন প্রমিজিং কিছু না, কানাডায় আরও ভাল বিজনেস স্কুল আছে। ডিপেন্ড করে অবশ্য পাশ করে আপনি কি করতে চান তার উপর।",0,0,0,0,0,0
তানজিন তিশা আমার ক্রাশ আর তার হাসি তো কথাই নাই মাথা ঘুরে জায়,0,0,0,0,0,0
"উনার মত একজন বীর যোদ্ধার মৃতকতে জাতি শোকাহত, উনার আত্মার মাগফেরাত কামনা করছি",0,0,0,0,0,0
তোরা যখন অন্য ধর্মের দেবদেবী নিয়ে মজা করস। প্রতিটি ওয়াজে হিন্দুদের গালাগলি করস তখন তোদের মজা লাগে আরে কাংগাল ভালো হয়ে যা  আলেম নামের জালেম সমাজ নষ্ট করছে দেশটা ।,0,0,1,0,0,0
বৃন্দাবন দাসের নাটক মানে কিছু শিখে নেওয়া অনেক ভাল লাগল,0,0,0,0,0,0
এই তিন সালারা খারাপ মাদারচুদ না হয় মায়ানমার এ মুসলিম জবাই করে এই খানকির পুলারা কোনো কথা বলেনা সালারা মুসলিম হয় কিভাবে?,1,0,1,0,0,1
"আইজগা আর লাইন চুদানের টাইম নাই। এডভেঞ্চার ওয়ার লাইন ভাংসে আমিও গালির লাইন ভাংমু।
নদীর পুত শাওয়ার পুত... জাপানী চুদ.... কি অদভদ কি অদভদ",1,0,0,0,0,0
"পাগলি টা কে আমরা ভাইরাল করে ভুল করছি, অহংকার পতনের মুল, যেই তার অতিত ভুলে যায়, সেই মানুষ থাকে না",0,0,0,0,0,1
"কাংলাদেশের মুসলিম দম আছে তো ভারতে করে দেখা, তোদের গাড় ফাটিয়ে দেব।",0,0,1,1,0,0
হিন্দুরা আবার মানুষ নাকি ! এদের এসব বুঝায় লাভ নাই এমনেও জাহান্নামে যাবে অমনেও যাবে,0,1,0,0,0,1
ভাই অনেক ভালো লাখছে নামাজ পড়ার কথা টা শুনে দোয়া করি ভাই আপনে অনেক ভাল থাকেন আমিন,0,0,0,0,0,0
পরের দিন দেখা গেলো আমি আর সে ফার্মগেট হলিক্রসের সামনের ওভারব্রিজের উপরে হাসিহাসি মুখ করে বসে আছি,0,0,0,0,0,0
আপনারাও পাগলের সাথে পাগল হইছে আপনার যা বলছেন উনি কি এই কথার মানে গুলো বুঝে?,0,0,0,0,0,1
সেই বিশ্বাস ঘাতক লেন্দুপ দর্জি যে সিকিমের স্বাধীনতা ভারতের হাতে তুলে দিয়েছিল,0,1,0,0,0,0
ফ্যামিলির সবচেয়ে বড় ছেলে হওয়ায় আমার এক কাজিন সিস্টারের বিয়ের ব্যাপারে পাত্র দেখতে গিয়েছি একটা কফিশপে,0,0,0,0,0,0
এই নাটকটি অামার জীবনের সাথে জড়িয়ে অাছেসত্যি কিছু কিছু স্মৃতি থেকে যায় যা কখনো ভুলা যায় নাএই নাটকটি অামার ভীষণ ভালো লেগেছে সবাই ভালো থাকবেন,0,0,0,0,0,0
এই খানকির বাচ্চাটারে আসেপাসের মানুষ গনপিটানি দিয়া মেরে ফেললনা কেন। বেজন্মাটা আজকে মারসে একজনকে। ভবিস্যতে মারবে হাজার হাজার মানুষ। মানুষের উচিত ছিল এই বেস্যা মাগি খানকি নটি শুওরের পুটকি দিয়া পয়দা হওয়া চুদানির পুতটারে অইখানেই মাইরা ফেলা।,1,0,0,0,0,1
তুমি আমারই নাটক টা এক কথায় অসাধারণ হয়েছে নাটক টা দেখার পরে চোখে পানি চলে আসলো,0,0,0,0,0,0
সত্যি নাটকটা এত ভাল হয়েছে যে কমেন্ট না করে পারলাম না ধন্যবাদ নাটকটির পিছনের মানুষজন দের,0,0,0,0,0,0
খানকির পোলারা হুশিয়ারি মারাও আগামী কাল বাছবি কিনা সেকতা বলতো পারনা।,1,0,0,1,0,1
মুসলিম দের হাত করার দরকার হিন্দুদের হয় না আপনার কাছে হজরত মহম্মদ মহা নবী হতে পারে কিন্তুু আমাদের কাছে নরকের কীট,0,0,1,0,0,0
"এর প্রকৃত বিচার তো আজও হল না, প্রত্যেক বাঙালি কে একটাই আমার আবেদন পরের নির্বাচনে এমন একটি সরকার নিয়ে আসুন যাতে এই সমস্ত দিন আর বাংলার কোনো মানুষকে দেখতে না হয়ছি: ছি: ছি:,",0,1,0,0,0,0
আলহামদুলিল্লাহ অনেক অনেক ভালো লাগলো নামাজ এর ব্যপারে এতো ভালো ভাবে নিশো ভাই বোঝানোর জন্য অসংখ্য ধন্যবাদ ভাই,0,0,0,0,0,0
"আই হায় কি ভাব চুদায়, তুই আমার লাওরার ভিজা বাল।",1,0,0,0,0,1
এই সমস্ত কুলাংগার মন্ত্রীর কারণে আওয়ামী লীগের বদনাম এবং পতন হবে,0,1,0,0,0,0
আপনার সন্তানকে কোরআন শিক্ষা দিনকাল কিয়ামতের মাঠে তা কাজে লাগবে,0,0,0,0,0,0
"আজ রাইতে যদি আর্জেন্টিনা হারে কাইল তোর চোদ্দ গুষ্টি উদ্বার করুম, হালার পো, বকচুদ আরিপ্পা। মন ডা চাইতাছে পিছনের লম্বা বিল্ডিং টা তোর গোয়ার মধ্যে দিয়া। তা ও যদি একটু শান্তি পাই আর কি।",1,0,0,1,0,0
এতটুকু সময়ের মধ্যেএকটা মানুষের অর্ধেকটা জীবন কাহিনী পুংখানুপুংখরূপে তুলে ধরার জন্য ধন্যবাদ বান্নাহ ভাই,0,0,0,0,0,0
বাংলাদেশ থেকে এই ইন্ডিয়ান দালাল গুলোকে লাথিমেরে বের করা উচিৎ!,0,0,0,1,0,0
রাহুল ভাই আপনি এই সব পাগলের সাথে কেন কথা বলেন। এরা নিজেরা ঠাকুর বানাই আবার তার সামনে মদ খেয়ে নাচা নাচি করে।,0,0,1,0,0,0
"মাদারচোদ,রোজার আগে জোড়া ঠাপের পর তোর অনুভুতি কি বে? কালা হোগা লাল হইয়া গেসে গা",1,0,0,0,0,1
বলে বোঝানোর মতো না এক কথায় অসাধারণ এভাবেই শেষ হয়ে যাবে জীবনের গল্প,0,0,0,0,0,0
ওয়াও অসাধারন হয়েছে আর বিষেশ করে আরো ভালো লেগেছে নামাজের বেপারটা,0,0,0,0,0,0
"অপেক্ষা করুন ফেক আইডিটা নিয়ে, কি খাই আপনাকে মেসেজ দেওয়া বুঝাবো ।",0,0,0,1,0,0
আরিপ্পার মুখ দেইখখা মনে হইতেছে অর গোয়া ফাডাই দিছে এহন ব্যথা,1,0,0,0,1,1
রেন্ডিয়ার লাক সইন্ন টয়লেট সমসসায় ভুগতেচে। কিসের যুদ্ধ করবে রেন্ডিয়ার চড়ই পাখিরা পাকিস্থানি বিরদের সাথে।,0,0,0,0,1,0
"সালা আবাল তুই,,
জামা কিনস,,,তুই ত কনডম ও কিনস না",1,0,0,0,0,1
আপনার খুরা যুক্তিটা রাজাকারদের যুক্তির মতো মনে হয়। একাত্তরে ভারত যদি এমন যুক্তি দিত তাহলে কেমন হতো? ভেবেচেন কি?,0,1,0,0,0,1
নাটকের অভিনয় সুন্দর হইছেকিন্তু কাহিনী পুরানোএমন অনেক নাটক আগেই বানানো হইছে যেই গুলা নায়ক বা নাইকার বড় রোগ থাকে তাই তারা তাদের ভালবাসার মানুষকে দূরে সরাইয়া দেয় লাস্টে তারা জানতে পারে,0,0,0,0,0,0
এক হাতে বিচ্ছিন্ন গোড়ালি আর আরেক হাতে নিথর দেহ নির্মমতা কতদূর হলে জাতি হবে নির্লজ্জ,0,1,0,0,0,0
বানইঞ্চোদ দিলি তো ভাষা টারে ধর্ষন করে। সালা রাজাকারের বাইচ্চা। আজ যদি রফিক জব্বার বেছে থাকতো তোর পোং মেরে ভাষা উদ্ধার করতো,1,0,0,0,0,1
বাংলাদেশের কিছু নামধারী তাগুতের উত্তর সূরী কুলাঙ্গার আলেম ডাঃ জাকির নায়েক এর বিরুদ্ধে কথা বলে এবং কাফের বলে ফতুয়া দেয়।,0,0,1,0,0,0
"আমি ও হাঁটা দিলাম...প্রায় এক ঘণ্টা হাট ঘুরে, বাসায় যাওয়ার পথে দেখি ঐ ব্যাপারীর হাতে আরেকটা লাল গরু... বিক্রি হয়ে গেছে, হাসিলের লাইনে দাড়িয়ে আছে",0,0,0,0,0,0
"ঠিকভাবে সংসদে কথাই বলতে পারেনা যে,সেনাকি আবার হয়ছিল বা হবে সংসদ নেতা",0,0,0,0,1,0
"বিয়া একটা ধর্মিও সামাযিক প্রথা যাকে আমরা পরিবার বলি আর আসিফ রা বলে সেক্স,যা তারা সম্মতো ভাবে মা বনের সাথে করতে পারে।",1,0,0,0,0,1
"বাল ফালা মালাউনের বাচ্চা, সামনে পাইলে মাথা আলগা কইরা হাতে দিতাম।",1,0,1,1,0,1
"উনি বললেন, ‘ওকে এখন থেকে আপনি ৫০ দিন লিফট ব্যবহার করবেন না... এটাই হলো আপনার চ্যালেঞ্জ’",0,0,0,0,0,0
"কুত্তি মস্তবড় নাস্তিক, কুত্তিরে জুতাপিটা করে দেশ ত্যাগ করা জরুরি,",1,0,1,1,0,1
"২৩ বছর ধরে একটা প্রাণ, তার চোখের ভিতরে আটকে আছে",0,0,0,0,0,0
"তোমার সাথে মামা এই জিনিসি পারফেক্ট মানাইছে,,তোমারে একটি ভারের জন্য যদি সামনে পাইতাম তাহলে জিজ্ঞেস করতাম তুমি কয় বিচি ওয়ালা প্রানী",1,0,0,0,0,1
"আমি একটু প্লেবয় কৃষ্ণ টাইপের,তোদের সবসময় সেজে গুজে থাকা দেবিদের মতো দুধ বের করে রাখা মা বোনদের সেই হট লাগে।",1,0,1,0,0,0
"মালায়াওন কা বাচ্চা কাবি নেহি আচ্ছা, যবি আচ্ছা ওহ শুয়োর কা বাচ্চা।",0,0,1,0,0,0
"হালারপুতে মাইয়াগো ব্লাউজ পইরা আইছে তাও আবার লাল রংয়ের হালারে পোলা তো কওয়া যায় না,মাইয়া ও না, আবার হিজরা কওয়া যায় না,তুই মালটা কি এইডাই বুজলাম না।",1,0,0,0,0,1
"‘ভাই, আমার অরিজিনালটাই ঠিক মতো নাই... fill in the gaps এর মতো গ্যাপে গ্যাপে দাড়ি উঠে’",0,0,0,0,0,0
এই ফকির নটির মুখে থু থু দিলাম সালা মাগি নেমক হারাম,1,0,0,0,0,1
"আব্বে আরিপ্পা মাদার্চুদ, তুই ভাবছোস রোজা রমজানে কেও তর ফটোতে গালাগালি করবো না। কিন্তু আরে বলদা চোদা, ইফতারের পর যে সবাই কমেন্ট করবো এইটা মাথায় ছিলো না???",1,0,0,0,0,1
"এই শালা চুত্ম্রানী মাদারচুদের জন্যে প্রতিবন্ধী কোটা, হিজলা কোটা,মাগি কোটা, চুত্ম্রানী কোটা, মাদারচোদ কোটা, ছাগলের বাচ্চা কোটা, হোগামারানি কোটা, ঠাপ কোটা, বলদ কোটা, খানকি কোটা, বিচিছিলা কোটা,
আরও প্রচুর কোটা চাই, এই খানকিরপুতের জন্যে, মাদারচুদ",1,0,0,0,0,1
"বিবি হাওয়া মাগি ছিল,তদের মা ফাতেমা নডি ভোদার রস বেশি কুত্তা দিয়া চুদি ফাতেমা রে।",1,0,1,0,0,1
খুবই সময়োপযোগী এবং বাস্তব ঘটনা কেন্দ্রীক একটি নাটক এই নাটকের মূলচরিত্রাভিনেতা নেত্রীর অভিনয় এত বাস্তব যে নাটকটি দেখতে দেখতে নিজেক হারিয়ে ফেলছি বিশেষ করে নায়িকার অভিনয় ও বাচনভঙ্গি নাটকটি অন্য মাত্রা পেয়েছে,0,0,0,0,0,0
মনকে কুরুচি অস্লীল পর্নগ্রফী এবং বিসন্যতা থেকে মুক্ত রাখতে বাংলা নাটক দেখুনসবসময়,0,0,0,0,0,0
মোবাইলের দাম কমানো টা ঠিক হয়নাই এই কারনে গরু ছাগলরা মোবাইল কিনে এমন ভাবে বাংলা লেখে,0,1,0,0,0,0
নাটকটা নিঃসন্দেহে খুবই সুন্দর তবে যেহেতু অনেক অল্প বয়সী বাচ্চারাও নাটকটা দেখে থাকবে সেহেতু ডায়ালগের শব্দ ব্যবহারে আরও যত্নবান হওয়া উচিৎ ছিল ধন্যবাদ,0,0,0,0,0,0
নাটকটা দেখে ২০০৭ এর কথা মনে পরে গেল যারা এক্সফেক্টর১ নাটকটা দেখেছেন তারাই বুঝবেন অপুর্ব মিথিলার সেই কেমিস্টি বার বার দেখলেও মন ভরে না যারা এক্সফেক্টর১ নাটকটা যারা দেখেননি তাদের দেখার আম্নত্রন রইল,0,0,0,0,0,0
“ডোন্ট বি দ্যা ডাম্বেস্ট দুলাভাই অন দ্যা ব্লক... জানেন না এই বৈশাখ হলো ইলিশের ঘোর প্রজনন মৌসুমের সময় ... এই মৌসুমেই ইলিশ মাছ না খেলে আমাদের উৎসব মাটি হয়ে যাবে কেন?”,0,0,0,0,0,0
পুরোটাই বাস্তবতার সাক্ষী বানিয়ে দিলেন ভাই অনেক ভাল ছিলসত্যি অনেক ভাল লাগল,0,0,0,0,0,0
"এই চান্সে আমি আরও একটু শুনিয়ে দিলাম, ‘মাঝে মাঝে মধু দিয়ে রুটির উপর নাম লিখেও খাই... এটার নাম দিয়েছি আমি সিগনেচার রুটি’",0,0,0,0,0,0
জুতা মাইরা গুরদান এমন বিচার আমরা মানি না আপনি অবুঝ শিশু আপনি ১টা নাস্তিক তাই এরম কথা বলছেন আল্লাহ আপনার বিচার করবে সেই পরকালেই দেখে নিয়েন আল্লাহর কুদরত ধোপা কবির,0,0,1,0,0,1
অসাধারন ভাই এক কথাই অসাধারন আরিয়ান ভাইয়া অপূর্ব ভাই মিথিলা আপু অসাধারন কাজ করেছেন আপনারা অনেক অনেক ধন্যবাদ এমন সুন্দর নাটক আমাদের উপহার দেয়ার জন্য,0,0,0,0,0,0
কিছুই বলার নাইশেষাংশে চোখের জল ধরে রাখতে পারলাম নাবৃন্দাবন দা আপনার রচনা সত্যিই অসাধারণ,0,0,0,0,0,0
পাবনা আর কুষ্টিয়ার ভাষার নাটক গুলো অসাধারণ হয় আরো বেশি বেশি চাই পাবনা কুষ্টিয়ার ভাষার নাটক,0,0,0,0,0,0
ভারতের সাহায্য নেওয়াটাই বাংলাদেশের ইতিহাসের সবচাইতে বড় ভুল ছিলো যার খেসারত বছর ধরে দিয়ে যাচ্ছে বাংলাদেশ। জানিনা এর শেষ কবে হবে,0,1,0,0,0,0
সাকিব হাসান কুফরি করেছে। তার অতি দ্রুত তওবা করে মহান আল্লাহর ক্ষমা চাওয়া দরকার।,0,0,1,0,0,0
“তোর মায়ে কি ভাবসে ঢাকায় আরাম করে বইসে হিদল মিদল খাওনের টাইম আসে??”,0,0,0,0,0,0
ভাইজান পশ্চিমবঙ্গ থেকে বলছি আমিআজকে নিয়ে আমি বার দেখে ফেললাম এই নাটকটি টো পার্ট ই খুব ভালো এরকম আরও সুন্দর নাটকের অপেক্ষায় রইলাম ধন্যবাদ,0,0,0,0,0,0
আল্লাহ তো ঘরে ঘরে চুদানোর কথা বলেছে নবী তো বড়ো মাদারচোদ আল্লা চুদিরা তোরা তো নীজের বোনরে চুদিস,1,0,1,0,0,1
তুই কিসের জাঙ্গিয়া পড়স? রুপার তাইলে রূপা কি পড়ে? হারামজাদা রূপা কোম্পানির নাম,0,0,0,0,1,0
"সালা,মাতারের বাচ্চা,ভালো একটা কাজে যাইতে ছিলাম
তর মুখ দেইখা সব নষ্ট হইয়া গেলো..",1,0,0,0,0,1
আরফান নিশু আর তানজিন তিশা জুটি সবসময়ের জন্য সেরাআপনাদের মতামত কিউনাদের নাটক আরো কে কে দেখতে চান,0,0,0,0,0,0
একটা ছেলের সাথে প্রেম করতে তার টাকা পয়সা কে না তার মন টা কে দেখা দরকার তেমনি একটা মেয়ের সাথে প্রেম করতে হলে তার সুন্দর মন দেখা উচিত তার রুপ না,0,0,0,0,0,0
শুনেছি এই নেতার পিতা ছিলেন নামকরা রাজাকার তাহলে এরা কি বাংলাদেশের বনধু,0,1,0,0,0,0
টার্গেট ইংলিশদের জন্যে এতো সহজ নয় ভারতের বোলারদের সামনে । দেখবেন ছলে বলে কৌশলে এই ম্যাচ ভারতীয়রা তাদের হাতের মুঠোয় নিয়ে আসবে ।,0,1,0,0,0,0
আমাদের দেশের এসব কি যে কাজে যান সুস্থ মাথায় সুস্থ মনে দশকের তো বলতে হবে ছেলে টার চেহারা টা ভালো অপরিষ্কার চুল দাড়ি ঘূনা লাগছে,0,1,0,0,0,0
খানকির পোলার জন্ম পতিতালয়ে । জাত খানকির বাচ্চা তো । সারাদিন পুটকি মারা খায়।,1,0,0,0,0,1
ভারতের মোট সম্পতির ভাগ ধনীদের দখলে।এজন্য ভারতে শতকরা ভাগ মানুষকে না খেয়ে থাকতে হয়।বাংলাদেশে চাল এখন টাকা কেজি।হা হা,0,1,0,0,0,0
ছাত্রলীগ চাঁদাবাজি করে টাকা নেয় । কিন্তু ভিপি নুরুল হক নুরের চাঁদাবাজি লাগে না মানুষ এমনিতেই দিতে চায়,0,1,0,0,0,0
আমাদের সাহিদ কাপুর নাই কিন্তু আমাদের আছে আফরান নিশোযদি আমাদের দেশে ভাল মানের কোনো ফিল্ম ডিরেক্টর থাকতো তাহলে নিশ্বন্দেহে আমরাও কাবির সিংয়ের থেকে ভাল সিনেমা পেতাম মেহজাবিনমিজানুর আরিয়ারস্বমেশ্বর অলি সবাই আমাদের অনেক প্রিয় মানুষ,0,0,0,0,0,0
কি বর্বর হায়েনা মালাউন ওরে ঔসধ দিয়ে ভালা করে আবার ধর্ষন করব। ওর মরাই উচিত।কারন ওটা মালু দ্যাশ,0,0,1,0,0,0
আপনি হচ্ছেন মাকাল ফলের মতো । এত দিন উপর দিয়ে ভালো ছিলেন কিন্তু ভিতরে দুর্গন্ধে ভরা ছিল ।,0,0,0,0,0,1
এত দিন রাজাকার ছিল না।আমির হইছে এখন জোর করে রাজাকার বানাতে হবে।,0,0,0,0,1,0
"... কোনদিন রাস্তায় লেখা দেখলাম না “এখানে ময়লা ফেলিতে পারবেন... বা, এখানে প্রস্রাব করিতে পারবেন”",0,0,0,0,0,0
ভাইয়া কেউ গালি দিবেন না আসলে দোষ টা আমার আমি পাবনার দারোয়ান ছিলাম । আমি একটু চা খেতে গিয়েছিলাম আর সেই মুহুর্তে ও পালিয়ে গেল,0,0,0,0,1,0
আমি একটা রানুদির ভাইরাল ভিডিও দেখেছিলাম যে একটা অফিসে একটা মেয়ে তার হাত ধরে ছিল তাকে রানুদি বললেন আমার হাত ধরলেন কেন,0,1,0,0,0,0
"“না, দরকার নেই কসাইয়ের, আমরাই পারবো, আমরাই প্রসেস করবো মাংসের”",0,0,0,0,0,0
"আমি আজ সকালে, মেয়েকে স্কুলে ড্রপ করতে যাওয়ার সময় যা দেখেছি... তাই বললাম; দেখেছি রামপুরা থেকে মানুষ হেঁটে তুরাগ পাড়ে যাচ্ছে... জোরে জোরে হাঁটছে",0,0,0,0,0,0
জিয়াউল হক পলাশকাবিলা ডাইরেকশন দিবে আর নিশো ভাই অভিনয় করবে সেটা কি আর ভাল না হয়ে থাকেঅনেক ভাল হয়েছে,0,0,0,0,0,0
"ভক্তরা এই জুতা চারখানাতে মুরগীর গু লাগিয়ে মঠেল আড়িপ্পার মুখে মারুন,",0,0,0,1,0,1
তোগ মতো দুই আনার বালের এক্টার গোরে জুতার মধ্য মানুষের মল লাগিয়ে পিডানো উচিত।,1,0,0,1,0,1
এই স্লটে প্রথমা কাদম্বিনী শেষ তো কি হইছে প্রথমা কাদ্মবিনীর হাফ গ্যাং এখন বাতিতে টান্সফার হইছে দেখা এবার টি আরপি কতো দেই,0,0,0,0,1,0
নাটকের সব মুহুর্তই অনেক মজাদার এবং অানন্দদায়ক ছিল কিন্তু সব কিছুর উর্দ্ধে ছিল নামাজের জন্য দাওয়াত দেয়া,0,0,0,0,0,0
ভাই নাটকটা আমার দেখা সেরা একটাআর রিসোর্ট টা খুব সুন্দর ছিল কোন রিসোর্ট এইটা বলবেন প্লিজm,0,0,0,0,0,0
"শেষমেশ সাংবাদিক ভাইটি, ফার্মেসীর এক লোককে ডেকে এনে বলল, “এটা পড়ে বলেন তো, কি নিয়ে আজকে তাদের প্রতিবাদ?”",0,0,0,0,0,0
ঐ শালা মালাউন।তোদের বাপ ইউরোপ আমেরিকাতে ঈদের কোন ছুটি নাই।আর সৌদিআরব কিছু করলেই চুলকানি উঠে।,0,0,1,0,0,0
"এই যে নতুন নাস্তিক সাফা জনগনের মাইর কি খাইসো,,, খাওয়ার জন্য রেডি হও, তোরে যেখানে পামু সেখানে জুতা দিয়ে পিটামু,,, সরকার এই সব নাস্তিকদের যাবজ্জীবন কারাদণ্ডাদেশ দেওয়া দরকার।",0,0,1,1,0,0
"আম জনতা দিয়া তোরে গুয়া মারাইয়া তোর গুয়ার রগ ছিড়ে দেয়া হবে 
নষ্ট মাগির ভ্রষ্ট পোলা",1,0,0,0,0,1
"ও জানত ও বড় ভিখারী, সেলেব্রেটি আমার হাসি পাচ্ছে , এমন গায়ক ঘোড়ার ডিম",0,0,0,0,0,1
"লাইটার ফাউন্ডেশন নামের একটা ইয়ুথ গ্রুপ, এই কাজে হেল্প করছে",0,0,0,0,0,0
ভাইসাবের কথা হুইন্না মনে হয় গরুর গোস্ত খাইয়া নিজের জীবন টারে শেষ করে দেই ।,0,0,0,0,1,0
সবার অভিনয় জোস হয়েছেশামীম মানেই একটু অন্যরকমমনটা ভালো হয়ে গেল,0,0,0,0,0,0
"ইফতার ডা করলাম মাত্র, শালা তোর ছবি এখনই আসা লাগলো! পায়খানা যে আজকে কষা হবে তা আগেভাগে টের পাচ্ছি",0,0,0,0,0,1
এখানে পতাকার অবমাননা হয়নি! পতাকাকে জায়নামাজ বানিয়ে নামাজ পড়লেই কেবল পতাকার ইজ্জত যায়,0,1,0,0,0,0
"আজ প্রধানমন্ত্রী লোগো সম্বলিত পতাকা ব্যবহার করেন নি তবে কি বুঝতে পারছেন যে, তিনি অবৈধ প্রধানমন্ত্রী",0,1,0,0,0,0
আমিও ভুল করে পানি খেয়ে ফেলেছি তারপর কলা গাছে কামড় দিয়ে সহি করেছি । তুমিও চাইলি দিত পার ।,0,0,0,0,1,0
"এর ক্ষমা হয়না,,,, চাপে পরে ক্ষমা চাওয়া আর না চাওয়া একই কথা",0,0,0,1,0,0
অমি ভাই এর নাটকে এই প্রথম নামাজের জন্য বলা হয়েছেএই একটা মেসেজকতটা যে গুরুত্বপূর্ণ অনেক ভালো লাগছে ভাই,0,0,0,0,0,0
এটা নাটক হলেও অনেক শিক্ষানীয় বিষয় রয়েছেঅনেক মোটিভেটেড হলাম ধন্যবাদ স্যার আল্লাহ আমাদের ৫ ওয়াক্ত নামাজ কায়েম করার তৌফিক দান করুনআমিন,0,0,0,0,0,0
এতো সুন্দর ডিরেকশন কেমনে হয় এক কথায় অসাধারণ চোখ থেকে পানি বাহির হয়ে গেছে,0,0,0,0,0,0
স্মার্ট স্মার্ট ছেলে-মেয়েরা সাইকেল চালিয়ে কলেজ ইউনিভার্সিটি বা অফিসে যাচ্ছে,0,0,0,0,0,0
১ থেকে ১০০ এর মধ্যে আপনার প্রিয় নম্বর কি? এর উত্তর মার্চে হয় এক রকম... এপ্রিলে হয় আরেকরকম,0,0,0,0,0,0
তারা প্রতি বছর ফেব্রুয়ারির প্রথম শনিবার (যেমন আজ ৪ঠা ফেব্রুয়ারি) ‘দেশটাকে পরিষ্কার করি দিবস’ পালন করে,0,0,0,0,0,0
"খোঁজ নিয়ে দেখা গেলো, সরকারী মোবাইল বাথরুমগুলোর যে কয়টা ভালো আছে, সেগুলো সিটি কর্পোরেশনের সোশ্যাল ওয়েলফেয়ারের ব্যবস্থাপকের বাসার নিচে রাখা আছে",0,0,0,0,0,0
"ছোটবেলা থেকে আমার মনটা খারাপ ছিল, আমাদের দেশে কোনও সুপার হিরো ক্যারেক্টার নেই ভেবে",0,0,0,0,0,0
শিরক হলো সবচেয়ে বড় পাপ.....। সাকিব আল হাসান কেন সেটা করতে সাহায্য  করলো,0,0,1,0,0,0
এই ক্লাস এইটে পড়ুয়া পিচ্চি না পারছে দ্বারে দ্বারে  ঘুরে ফাইনান্সিয়াল হেল্প নিতে... আবার না পারছে বাইরের দেশের প্রতিযোগিতাগুলোতে তার চাকুরীজীবী বাবার টাকায় যেতে,0,0,0,0,0,0
"ভাই আপনারা  মূর্তি পূজা ছেড়ে, সত্য ধর্মে ইসলামে ফিরে আসেন।",0,0,1,0,0,0
"ভারত খুড়িয়ে খুড়িয়ে ড্র করল। আর বাংলদেশ জিতে যেত অনায়েশে, শালার",0,0,0,0,1,0
চাইলে অনকের মতো অনেক ভুল খুজে বের করতে পারব কিন্তু আমি ভুলে খুজব না ইসলামিক নাটক বানানোর এই চেস্টা টা আরো অনুপ্রানিত করবে পরিচালকদেরকেসবাইয়ের কাছে আনুরোধ আপ্নারা ভুল ধরার পাশাপাশি ধন্যবাদ জানাইতে ভুলবেন নাধন্যবাদ,0,0,0,0,0,0
বিএনপি শুরু করছে আর হাসিনা দিদি শেষ করে দিল। যারা দেশের প্রধান তাদের দিকেই সবার নজর থাকে সব সময় । এই বার আওয়ামী লীগের পালা ।,0,1,0,0,0,0
"না ওয়েট, মেডিক্যাল সাইন্স নিজের গোস্ত নিজেকে খেতে বলে না... শরীরের কোষগুলো বাহির থেকে কোনো খাবার না পেয়ে নিজেই যখন নিজের অসুস্থ কোষগুলো খেতে শুরু করে, তখন মেডিক্যাল সাইন্সের ভাষায় তাকে অটোফেজি বলা হয়",0,0,0,0,0,0
চোখের পানি ধরে রাখতে পারলাম না ধন্যবাদ দাদাসার্ভিস হোল্ডারের পরবৃন্দাবন দাসের এই নাটকটা খুব ভাল হয়ছেকিন্তুু ভাষাটা কোন জেলার জানাবেন,0,0,0,0,0,0
তানজিন তিশাকে আন্নরূপে দেখে স্যতি খুব ভালো লাগলো তিশা আপু সেই তোমার বিগ ফেন আমি তোমাকে এইরূপে আবার দেখতে চাই কুতার বাচ্চা তুই আমার ফোন ধরছ না কেন সেই ছিলো,0,0,0,0,0,0
নাটকটা অসম্ভব ভালো লাগছেএভাবে যদি একটা ছেলেকে ভালো করার জন্য যদি একটা মেয়ে ভালো করতে পারেতাহলে সত্যিই সেই ছেলেটা বড়ই ভাগ্যবানতবে আফসোস যে আমাদের সমাজে এমন মেয়ের অনেক অনেক অভাব আছে,0,0,0,0,0,0
"দুইটা লেসবো একসাথে দেইখ্যা সোনাতা নেতাইয়া গেলো,
কিজানি আর খাড়াইবো কিনা।",1,0,0,0,0,0
ইসলামী চেতনা দেশে ব্যাপক সাম্প্রদায়িকতার জোন বাড়ানো হয়েছে । মিথ্যা অভিযোগ করে অশ্লীল ভাব মূর্তি নির্মাণের মতো নাশকতার অভিযোগে এই মহিলাকে গ্রেপ্তারের দাবি জানাচ্ছি ।,0,0,0,1,0,0
"প্রজাপতি পাচ্ছে না ফুল, কাক এসে খেয়ে যাচ্ছে কি সুন্দর ফুলটাকে",0,0,0,0,1,1
অনেক চেষ্টা করলাম কিন্তু তবুও চোখের জল ধরে রাখতে পারলাম নাঅসাধারণ বাস্তব একটা নাটকসত্যি বাংলাদেশ এর এই নাটকগুলোর এবং অভিনেতা নেত্রীর গুলোর কোনো তুলনা হয় না,0,0,0,0,0,0
কিছু আপত্তি ছাড়া মোটের উপর নাটকটা অনেকটাই জীবনধর্মী সুস্থ ও সুন্দর জীবনধারার প্রতি আমাদের সবার আগ্রহ বাড়ুক এটাই কাম্য,0,0,0,0,0,0
নাস্তিকরা হিজাব ওয়ালা মেয়ে ধর্ষিত হলে বলে এসব বিচ্ছিন্ন ঘটনা আর হিন্দু কেউ আক্রান্ত হলে বলে রাষ্ট্র ধর্ম ইসলাম নিষিদ্ধ কর,0,0,1,0,0,0
মালুদের ঘুম এইবার হারাম করে ছাড়ব পাকিস্তান৷ বাংলাদেশি অামার ভাইয়েরা মালু রেন্ডিয়াদের এত অপমান করি ফেসবুকে তারপর কোন লাজ শরম নেই চলে অাসে অামাদের পেইজে অথাৎ বিয়ে বাড়িতে দাওয়াত না দিলেও খাইতে চলে অসভ্য জাতি,0,0,1,0,0,0
নিসো ভাই সব ধরনের অভিনয় করতে জানেতার সাথে মেহজাবিন আপুনাটক টি এত রুমান্টিক হওয়ার কারনমিজানুর রহমান আরিয়ান পরিছালিতঅনেক ধন্যবাদ ভাই এত সুন্দর নাটক উপহার দেওয়ার জন্য,0,0,0,0,0,0
"যেমন আমি আজকে আমি আমার পিওন থেকে মোটিভেশান নিলাম দেখে যে সে সপ্তাহে ঘুরিয়ে ফিরিয়ে ২ টা শার্টই পরে, কিন্তু আজ পর্যন্ত কোনদিন তাকে সেই শার্টগুলো আইরন ছাড়া পড়তে দেখিনি",0,0,0,0,0,0
‘মনে হচ্ছে না আমি আপনার বাচ্চা?’ থিওরিটা দেয়ার আগেই সে মট করে ঘাড়ে মোচড় দিলো,0,0,0,0,0,0
অসাধারণ গল্প লেখার জন্য আপনাকে ধন্যবাদ জানাই এন্ড সালাম ভাই আপনি কেমন আছেন,0,0,0,0,0,0
... স্কুলের টিচার আমার দিকে তাকিয়ে আছে... আমিও উনার দিকে তাকিয়ে আছি,0,0,0,0,0,0
এই দেশেতে জন্ম যেন এই দেশেতে মরি লাইনটা আজ মন থেকে গাইতে ইচ্ছে করছে,0,0,0,0,0,0
এক আমেরিকান মহিলা জাপানী বিয়ে করে জাপান গিয়েছেন ঘুরতে।  এয়ারপোর্ট থেকে বের হয়ে উনি জামাইকে হারিয়ে ফেলেন,0,0,0,0,0,0
"আল্লাহ সকল অহংকারীকে উচিৎ শিক্ষা দিয়েছেন, দিচ্ছেন এবং ভবিষ্যতেও দিবেন।",0,0,1,0,0,0
নামাজ পরতে দেখে অনেক বেশি ভালো লাগেছেধন্যবাদ সবাইকে যারা এই নাটকের অভিনয় করেছেন,0,0,0,0,0,0
মন জুড়ানো একটা নাটক অসাধারন দিল খুস হয়ে গেলো দারুন দারুন,0,0,0,0,0,0
দুনিয়াতে এমন ভাইও আছে কথা সত্য অনেক ছবি নাটক দেখে কান্না করেছি বাট আজকের মত নাঅসাধারণ অভিনয়,0,0,0,0,0,0
আসলে অনেক বেস্ততার মাজে নাটক টা দেখছিদেখে অনেকে ভালো লাগলো সবাইকে অনেক ধন্যবাদ,0,0,0,0,0,0
কিছু কথা সত্যিই থেকে যায় মনের গহীনে যা কখনোই বলা হয় না থাক না কিছু ভালোবাসা গোপনে একান্তে নিজের কাছে নিজের হয়ে,0,0,0,0,0,0
"মুফতি সেলিমের অভিযোগ, এবার আন্দোলন করলে হাত - পা ছিঁড়ে যাবে",0,0,0,1,0,0
এই ধাম্রা বয়স এ কলেজ না দেখিয়া এম বি এ এর স্টুডেন্ট হিসেবে দেখালে ভালো হতো,0,0,0,0,0,0
"এই দিনে নাকি অনেক বিখ্যাত মানুষের জন্মদিন... যেমন নিক ডবস, রবিন গিগ",0,0,0,0,0,0
কিরে হ্লা গুজা হইয়া আছস কেন? হ্লার চোখ দেইখা মনে হয় লাসা খাইয়া আইছে। বান্দির পোলা নাকের বাল কাটছ না কেন? পাঞ্জাবি পরছে হ্লা টোকাই এর মতো।,1,0,0,0,0,1
আরিয়ান ভাই প্লিজ এই নাটকটার সিকুয়েল বানাবেনএ বছরের শ্রেষ্ঠ নাটকঅপূর্ব ভাইয়ের অভিনয় সব সময় সবার মনে দাগ কেটে যায়এক কথায় অসাধারণ,0,0,0,0,0,0
"আর সে, এই সব ছোটমোটো সারপ্রাইজেই খুশি হয়ে সারাজীবন আমার সাথে কাটিয়ে দিতে পারে",0,0,0,0,0,0
আমার ধারণা হাতির সুর দিলেও তের পাবেনা । তার আবার ধর্ষনের ভয় । বাহ অভিনয় ভাহ্ । অভিনয়টা ভালো ছিল ।,0,0,0,0,1,1
"ভারত কখনো বাংলাদেশের বন্দু না, ভারতকে বন্দু বলা আর বিসাত্ত সাপকে চুমু দিবার মত",0,1,0,0,0,0
যতো দিন হিন্দু একজোট হয়ে বিরোধিতা করবে না ততোদিন হিন্দু দের ওপর অতাচারিত হবে মুসলিম দুনিয়ার,0,0,1,0,0,0
ফেসবুকে ছোট একটি ক্যাপশন দিয়ে শেয়ার দিলাম ইচ্ছা করছে অনেক কিছু বলি বান্নাহ ভাই অসাধারণ বানিয়েছেন ইরফান সাজ্জাদ ভাই সেরাটা দিয়েছেন এক নাটকে অনেক মেসেজ,0,0,0,0,0,0
"... তা না হলে; মাত্র ৯ মাসেই দেশ স্বাধীন করে ফেলতে পারলে ... দেশের এই সিম্পল জিনিসটা গুছাতে, ৪৭ বছর লাগার কথা না",0,0,0,0,0,0
খানকির পোলা রোযার মাসে পিক আপলোড দিবিনা।তোরে গালি দিলে রোযা হাল্কা হইয়া যাইবো,1,0,0,0,0,1
তুরো আবালচোদা এইটা আমাদের বাংলাদেশে না এইটা কোলকাতায় জত্যসব পাগল এর দল না বুজেই কমেন্ট করে,1,0,0,0,0,1
এখন আওয়ামিলীগ যাকে ইচ্ছা তাকেই রাজাকার বানাতে পারবে কারন রাজাকারের টিকিটের এখন তাদের হাতে,0,1,0,0,1,1
অনেক ভালো লাগলো নিশোর নাটক মানে অন্যরকম কিছু আর গান টা ও অনেক সুন্দর২০১৯ সালের বেস্ট নাটক,0,0,0,0,0,0
"এখানের ছাত্রদের প্রথমে জিজ্ঞেস করলে বলত, ‘বড় হয়ে সিএনজি চালামু’",0,0,0,0,0,0
সত্যি অসাধারণসবসময় মিলন দিয়েই যে সব গল্প শেষ হয় তেমনটা নাঅনেক অনেক ভাল ছিল কাহিনীটা,0,0,0,0,0,0
আগেই জানতাম আরিয়ান ভাইয়ের নাটকে নতুন চমক থাকবেই অসাধারণ গল্প সাথে অসাধারণ অভিনয় সবার,0,0,0,0,0,0
আরিয়ান ভাই আপনি আবারো প্রমান করলেন আপনি সবার সেরাআপনি সবার থেকে আলাদাঅসাধারন কাহিনী আর অপূর্ব ভাই এর অসাধারন অভিনয়রোমান্টিক নাটকের বস ইনি♠♠,0,0,0,0,0,0
অনেক সুন্দর একটা পরিষ্কার নাটক দেখলাম আর সবার অভিনয় অসাধারণ হয়েছেসব মিলিয়ে অনেক গুছানো এবং অসাধারণ একটি নাটক,0,0,0,0,0,0
বেয়াদব জুতা মেরে গরুদান তুই কি ভার দিবি আল্লাহ্ কাছে তুইতো তো যা চোখে দেখোস না তা বিশ্বাস করোস না তুই আল্লাহ্কে কি বিশ্বাস করবি ???? ফাজিল অসভ্য,0,0,1,0,0,1
সালা তুই মালাউন। তোদের হাতথেকে বাংলাকে পুনরুদ্ধার নাকরা পর্যন্ত তোদের বাড়াবাড়ি কমবেও না হিন্দু নির্যাতনও বন্ধ হবেনা,0,0,1,0,0,0
মিজানুর রহমান আরিয়ান ভাই আপনার নাটক সব সময় অসাধারণ হয়এটাও ব্যতিকম হয় নি নিশো ভাই এবং মেহজাবিন আপু দুজনকেই ধন্যবাদ অনেক ভাল হয়েছে,0,0,0,0,0,0
পরিচালক কে অসংখ্য ধন্যবাদ নামাজ কে প্রাধান্য দেওয়া হয়েছে এ নাটকে নামাজের দৃশ্য টা খুবই ভালো লাগলো,0,0,0,0,0,0
হ্যাঁ বছরে একটা দিন এলাকা পরিষ্কার করে কিছু হবে না জানি... কিন্তু কিছু মানুষের মন তো অন্তত পরিষ্কার হবে এতে,0,0,0,0,0,0
ভাই তোমাকে অনেক ধন্যবাদ ওদের মা মেয়ের কথা গুলো তুলে ধরার জন্য মেয়েকেও এক জায়গাতে ভাঙ্গা প্লেট দিয়ে বসিয়ে দাও,0,0,0,0,0,1
ধন্যবাদ আরিয়ান সাহেব আমাদের এত সুন্দর একটি নাটক উপহার দেওয়ার জন্য 🇲🇾,0,0,0,0,0,0
নাটক টা অনেক ভাল লাগছে আর চোখে পানি চলে আসলো অসাধারণ হয়েছে নাটকটা,0,0,0,0,0,0
পুরো বোতলই যখন শেষ করতে হবে তখন এত গ্লাসে ঢালার দরকার কি নাটকটা বেশ ভাল হয়েছে,0,0,0,0,0,0
"এ তোর মার চুদি, তোর চোদবো আর আওয়ামীলীগের সমস্ত নেতা দিয়ে চোদাবো।",1,0,0,0,0,1
"যেমন, আরিফ নামটা অনেক কমন... এই নামে বিখ্যাত কেউ নেই",0,0,0,0,0,0
বাংলাদেশে ভারতের কয়কুটি আছে?দুষ্টরা এটা বলতে পারছনা ধরাখাবি তাই একথা না বলে যত দুষ নন্দ গুষ।আল্লাহ একদিন বিচার নিশ্চিত করবেন।,0,0,1,0,0,0
আবরাহকে হত্যা খুশি হয়েছে  আওয়ামী লীগের নেতা রা   জংগী  হছে ছাত্র লীগ,0,1,0,0,0,0
চুপ বেয়াদব। তোদের মতো এসব মহিলাদের ফাসি হওয়া উচিত।মাননীয় প্রধানমন্ত্রী সরকার এসব দেখে না!,0,0,0,1,0,0
এই গরমে পানিতে নামা ছাড়া আরো উপায় বের করতে চাইলে আজই কিনে ফেলুন কাকলী ফার্ণিচারের চেয়ার । তারপর সেখানে শুয়ে শুয়ে উপায় বের করুন,0,0,0,0,1,0
গল্পটি অসাধারণ এই নাটকটিতে আমার সবচেয়ে বেশি ভালো লেগেছে নামাজ ও মিতব্যয়ী হওয়ার বিষয়টাসত্যিই অসাধারণ এমন নাটক বর্তমান সমাজের জন্য দরকার যা থেকে মানুষ শিক্ষা নিতে পারবে,0,0,0,0,0,0
দাদা জবা কে যদি বলতেন করোনার ভ্যাক্সিন আবিষ্কার করতে তাহলে ভালো হতো । আমাদের বিশ্বাস একমাত্র সেই পারবে এই কাজ করতে ।,0,0,0,0,1,0
"কে কি করল তা জানি না, আমি অন্তত আজ থেকে বিদেশীদের বলা শুরু করব",0,0,0,0,0,0
শুধু সুন্দর বললে ভুল হবেএতই যে ভাল লেগেছে বলেও বুজাতে পারব না অনেক অনেক সুন্দর হয়েছে ধন্যবাদ অপূর্ব ভাইয়া আর মিথিলা আপুকে কে আর পরিচালক কে,0,0,0,0,0,0
"একটি বিখ্যাত, আবিষ্কারক মুসলমানের নাম কেউ শুনেছে কখনো, ধর্ম ইসলাম.",0,0,1,0,0,0
হিরো আলমকে অনেক ধন্যবাদ জাইনা তুমি এগিয়েজাও আমরা আছিতোমার সাতে,0,0,0,0,0,0
মাশরাফি ভাই তুমি আওয়ামী লীগের দালালি কর আমি কল্পনা করতে পারিনি,0,1,0,0,0,0
"আরিপ চুদির পোলা , তোর একটু ও বই করেনা? 
তুই জে হাতিপুর দুদের দিকে তাকাই রইচোচ , এক বার যদি দুদের চিপাই পরিস, আর কি ওখান থেকে উটতে পারবি",1,0,0,0,0,1
ঢাকা উত্তর সিটি কর্পোরেশনে ৩৬টি ওয়ার্ড... আর দক্ষিনে ৫৭টি ওয়ার্ড,0,0,0,0,0,0
খন্দকার মোশাররফ এর বক্তব্য খুবই লজ্জা জনক। এখন বিএনপির উপর গ্রেনেড মেরে এধরনের কথা বললে কেমন লাগবে।,0,1,0,0,0,0
"যা করেন-করেন,মাদ্রাসায় শিশু  বলাৎকার  ও শিশু  ধর্ষন বন্ধ করতে হবে। এ ব্যপারে ছোটখাটো একটা জেহাদের খুবই দরকার।",0,0,1,0,0,0
আমার দ্যেখা বেষ্ট টেলিফ্লিম এটাই ছিলোএবং এটাই বেষ্ট হয়ে থাকবে,0,0,0,0,0,0
এটা বসুন্ধরা গ্রুপেরই কোনো চক্রান্ত۔۔۔ মানুষের দৃষ্টি ঘুরিয়ে দেওয়ার জন্য,0,0,0,0,1,0
হাজার হাজার মুসলিম মরছে সেই দিকে নজর নাই ভারতের জন্য ব্যথা প্রকাশ বাংলাদেশে রোহিঙ্গাদের পূর্নবাসনের ব্যবস্তা করা হোক অামরা মানবতার পাশে দাড়াতে চাই ।,0,0,0,0,0,0
"রেণ্ডিয়া তে চায়ে ওয়ালে মন্ত্রি হয়, ফকির জাতীয় শিল্পী হয়, মার্ডারার হনুমান সররাস্ট্রমন্ত্রি হয়, গরু এদের মা হয় বাপ কেউ নয় কারন এইগুলা জারজ (সব না এখানে আসবে কিছু জারজ দেখতে পারবেন),  চোদানী গুলার পোঁদ মেরে ফেটে দাও",1,0,0,1,0,1
এককথায় সুপার অসাধারণ নাটকের ছোট ছোট দিক গুলো এত ক্লিন এত ভালো লাগছে প্রত্যেকটা মানুষের সাথে মিল খুঁজে যাওয়াই অবশ্যক,0,0,0,0,0,0
প্রচন্ড ডিপ্রেশনে ছিলাম এখন আলহামদুলিল্লাহ একদম সুস্থ হয়ে গেছি । ধন্যবাদ ষাঁড়,0,0,0,0,1,0
পোলাপান যাইয়া তোর গায়ে মুইতা দিবে সেই মুতের সাগরে তুই ডুইবা মরবি,1,0,0,0,0,1
ভারত এমন একটি দেশ যার চার পাশের প্রতিটা দেশের নাগরিক রা গৃনা করে। এবং কি সংখা ঘনিস্ট হিন্দু দেশ নেপাল ও।,0,1,0,0,0,0
আমি যে তোদের সাজানো গুজানো হট সেক্সি দুর্গা স্বরসতি আর আফ্রিকান নিগ্রো কালীকে দেখে হাত মেরেছি হিসাব নেই।,0,0,1,0,0,0
রান্না করছে স্বেচ্ছাসেবকেরা... ফাইনান্সিয়াল সচ্ছতার জন্য এক্সটারনাল অডিট করানো হচ্ছে ঢাকার টপ অডিট ফার্মকে দিয়ে। ভলান্টারেলি পুরো অপারেশানের পিছে আছে টপ কিছু কোম্পানির সেরা এক্সিকইউটিভস,0,0,0,0,0,0
জুডিসিয়াল হত্যার পুরস্কার এবং ধর্মনিরপেক্ষ রাষ্ট্র প্রমান করতে বাংলাদেশের কুলাঙ্গার এস কে সিনহা,0,0,1,0,0,0
"একটু পরে সেই প্রিন্ট আনতে যেয়ে বললাম, থাইল্যান্ডের ভিসার সাইজে ছবি তুলে দিবেন প্লীজ?",0,0,0,0,0,0
"আওয়ামী লীগ কখনো ইসলামের ভালো চায়না, যার কারণে পিস টিভি বন্ধ করে দিয়ে, স্টার জলসা চালু করে দিয়েছে",0,1,0,0,0,0
নাস্তিকদের কবর হয়ে গেছে।তারা রাহুলের সাথে আর কেউ পারছে না,0,0,1,0,0,0
ছি আর কতো নোংরা হবে সমাজের মানুষ!! বমি করি এদের মুখে যারা ভাই বোনের মতো পরি গাঁজা খাইছে সাথের টা ইয়াবা মদ সেক্স একটু পরে চলবে লাথি মার,1,0,0,0,0,1
বড় ছেলে বুকের পা পাশে এপারমেন্ট লেটার নাটক গুলো ছিল সেরা নাকট কিন্তু তুমি আমারই বর্তামানে সেরা নাটক লাভ ইউ নিশো মেহেজাবিন ক্রাশ,0,0,0,0,0,0
"হায়রে কপাল। দেশভাগের গল্প দিচ্ছে। হাস্যকর। মানুষের কথা বাদ দিলাম, আমার পরিচিত বহু হিন্দু ছোট ভাই বোন পরিবার সমেত আমেরিকা পাড়ি দিয়েছে গত কয়েক বছরে। তারা কি বিতারিত না নির্যাতিত কোনটা?",0,0,1,1,0,0
"আজকে এই দুষ্টু সংখ্যালঘুদের বা তাদের পিছনের মদদদাতাদের একত্রে না উৎপাটন করতে পারলে, ভবিষ্যতে তারা সংখ্যাগরিষ্ঠ হয়ে, আপনার-আমার মতো সেন্সিবল জেনারেশানকেই সংখ্যালঘু বানিয়ে দিবে",0,0,0,0,0,0
"ঝড় হোক, ভূমিকম্প হোক, নির্বাচন হোক, জঙ্গি হামলা হোক... চুলা জ্বলেনি এরকম একটা দিন নেই",0,0,0,0,0,0
একদিন হয়তো শুনবো বাংলাদেশে জন্মগ্রহণ করার জন্য খালেদা জিয়ার বিরুদ্ধে গ্রেফতারি পরোয়ানা জারি হয়েছে ।,0,1,0,0,1,0
"চাবুক দিয়ে পিটায়া তোর পাছা লাল করমু, তরপর ওমর সানিরে দিয়া তোরে চোদামু। কুত্তার বাচ্চা লিচু গুলা খুইলা তোর চোখের ওপর বসামু।",1,0,0,0,0,1
আবরার শিবিরের সাথে যুক্ত এমন ধারণা পেয়ে এরা আবরারকে পিটিয়েছে।,0,1,0,0,0,0
আগে মরে দেখ পরকাল আছে কিনা সেটা বুঝতে পারবে? তোরাই তো সব নাস্তিক পরিবার? তোদের বলেও তো কিছু করা যায় না? আগুন যখন তোর স্পর্শ করবে তখন বুঝবি পরকাল আ,0,0,1,1,0,0
আশাকরি এই রকম ভাল নাটক আরো উপভোগ করতে পারবএক কথাই অসাধারন,0,0,0,0,0,0
খুন করার পর তারে গলায় রশি ঝুলিয়ে রাখিস যেন মনে করে গলায় দড়ি দিয়ে মরছে,0,1,0,0,0,0
নিউজ দেখে কিছুই বলার নাই শুধু হতবাক হই।আমাদের নিরীহ মুসলিমদের মেরে শেষ করে দিচ্ছে তাতে কোন শোক নাই মাথা ব্যথা নাই।অথচ মালাউনদের জন্য উনার শোক হয় আবার উনি নিজেকে মুসলিম দাবি করে। ছিঃ ছিঃ ছিঃ হাসিনা,0,0,1,0,0,0
অনেক দিন পর এত ভালো একটা নাটক দেখলাম কোনো ন্যাকামি নাই সস্তা ইমোশন নাই ভুং ভাং নাই অসাধারণ,0,0,0,0,0,0
"তবে অন্তত বাদল ভাইয়ের ক্ষেত্রে ""উনার নামে একটা স্টেশানের নামকরণ চাই""",0,0,0,0,0,0
আপনার জ্ঞানের কমতি আছে তোমার ধর্মগ্রন্থ থেকে তুমি বলো মুখ বাজি  চলবে না ওকে,0,0,1,0,0,0
"খমা তো দুরে থাক, তোকে আল্লাহ জাহান্নামে জায়গা দিবে কিনা সন্দেহ আছে,,,,এক দিন আগেও যারা তোকে পছন্দ করতো খোজ নিয়ে দেখ আজ তারা তোকে সামনে পাইলে তোর মুখে জুতা পেটা করবে।",0,0,1,1,0,1
"এই কবিকে বাংলাদেশ থেকে বিতারিত করে রাখি, সানি ভাইয়ের পাসপোর্ট ফেরত দেওয়া হোক ॥",0,0,0,1,0,0
"একটু পরে এই পাগল ছেলে আমার, আমার বউয়ের আর আমার দুই মেয়ের রিটার্ন টিকেটসহ হোটেল রিজারভেশানের কাগজ পাঠিয়ে দিলো অফিসে",0,0,0,0,0,0
এখনও ঠিক সেভাবেই রিং ঘুরায় আঙ্গুলে… আসছে শীতে সেই লেদারের জ্যাকেট্টাই পরে থাকবে… ‘বাচু পান কে দিল ভুলা না দে না’ এই গানটাও এখনও গলির মুখে বাজে,0,0,0,0,0,0
পাঞ্জাবি ওড়না সহ তোর হোগার ভিতর ঠুইসা ঢুকাইয়া দিমু তাঁর পর শাহ্‌ সিমেন্ট দিয়া প্লাস্টার কইরাদিমু যাতে বের করতে না পারস শালা শুয়ার।,1,0,0,1,0,1
"বেইমান বেইমান বেইমান মাগি, সুখের দিনে এসে দুখের দিন গুলোকে ভুলে গেলো",1,0,0,0,0,1
"এটা শাড়ি পোরছেন? জানতাম নাতো বাঙ্গালি মেয়েরা  এভাবে শাড়ি পড়ে,আমার জানামতে মাগিরা এমনে পড়ে",1,0,0,0,0,1
ভারতবর্ষের বিশেষ করে ইন্ডিয়ার আদি মানুষ কিন্তু আর্যরা। আর এই আর্যরা কোথা থেকে ইন্ডিয়াতে এসেছে ইতিহাস দেখুন জানুন বুঝুন। খুব আশ্চর্য হবেন এবং মজা পাবেন।,0,1,0,0,0,0
"মাদালি তুই আর কাজ পাচনা জুমার দিনে পিক আপদেস,হুগার পোলা,আলিপ্পা জাউরা,মাইয়ার হেডার মধ্যে মুখটা লাগাইয়া দেখ মজা পাইবি মাদালি",1,0,0,0,0,1
কত কোচ এল আর গেল কিন্তু আমাদের বোলারগুলারে কেউ ব্যাটসম্যান বানাতে পারলনা । ছাব্বিশ এভারেজ নিয়ে এই যুগে কেউ টেস্ট ওপেনার !,0,0,0,0,0,0
এটাতো সত্যিকারে ভালোবাসা প্রকাশ পায়সিগারেট শেষ হয়ে গেলো ১ বক্স নাটক দেখে🤒🤒🤒🤒🤒,0,0,0,0,0,0
"ওর চেহারা ও দাঁতগুলো দেখলে তিন দিন ধরে খেতে পারি না, এত নোংরা কেন ওর মুখ",0,1,0,0,0,0
কাউয়া কাদের মনে করে কাউয়া কাদের চালাক কিন্তু নিজে পরে জানেনা সেই মাংস টুকরা কোথায় লুকিয়ে রাখছিলো।।,0,1,0,0,1,1
বস তুমি ছাড়া সবাই জিরো তুমি নাম্বার হিরো আপু তো পুরাই পাঠিয়ে দিলো আরিয়ান ভাই আপনার অবস্থান আবার বুঝিয়ে দিলেন সবাই ভাল করেছে লাভ ইউ বস লাভ ইউ,0,0,0,0,0,0
ওরে চান্দের দেশে নিয়া পুট্কি মারা দরকার যাতে ওর চিৎকারে কারো ডির্স্টার্ব না হয়,1,0,0,0,0,0
জাহিদ খান কে জুতার মালা পরিয়ে ঘুরাতে হবে তাইলে হয়তো চিনতে পারে মানুষ,0,0,0,1,0,1
নাটকটা অনেক ভালো হ‌ইছে এক কথায় অসাধারণ আরফান নিশো ভাই মানেই পরিবর্তনশীল একটা মানুষ,0,0,0,0,0,0
আমাদের দেশের এডমিনদের আর কি বলবো এরা ভারত পাকিস্তানে যদি কেউ একটা মারে তাও এঁদের লেখা লাগবে।যাই হোক পারলে ওর ডেলিভারিটা লাইভ দেখায়েন।,0,1,0,0,0,0
পরিচালক ভাইকে হাজার স্যালুট 🤦‍♂🤦‍♂ এমন একটি মন ছুঁয়ে যাওয়া নাটক উপহার দেওয়ার জন্য সেই সঙ্গে অনেক অনেক ভালবাসা রইলো নিশো ভাইয়ের জন্য মেহেজাবিন আপু আপনার জন্য ও ভালবাসা রইলো না হলে আবার আপনি মন খারাপ করবেন,0,0,0,0,0,0
মামি তার বয়সের প্রায় অর্ধেকটা সময় জুড়েই আগলে রেখেছে সিম্পলী একটুও নড়তে-চড়তে বা একটা কথাও বলতে না পারা দেহটাকে,0,0,0,0,0,0
একদিকে সমাজের কিছু উচ্ছন্নে যাওয়া ছেলে ধর্ষণের দায়ে সিলেট বর্ডার দিয়ে ঝাঁপিয়ে পড়ে পালাচ্ছে... আর আরেকদিকে কিছু তারুন্যে ভাসা ঘরের খেয়ে বনের মোষ তাড়ানো টাইপ ছেলে-মেয়ে পুরো দেশের বর্ডারটা উজ্জ্বল করার জন্য ঝাঁপিয়ে পড়ে কাজ করছে,0,0,0,0,0,0
"সিম্পল লজিক...আমরা ট্যাক্স দেই, আমাদের রাস্তায় কেন এমন ফল্ট থাকবে",0,0,0,0,0,0
"সারা বছর শরীরের কোষগুলো খুব ব্যস্ত থাকার কারণে, ডাস্টবিন পরিষ্কার করার সময় পায় না... ফলে কোষগুলোতে অনেক আবর্জনা ও ময়লা জমে যায়",0,0,0,0,0,0
আমি ৭৮ বার দেখেছি এই নিয়ে তারপরও এতোএতো ভাল লাগে কেন জানি না অপূর্ব + মেহজাবিন জুটি,0,0,0,0,0,0
"হালার পুত,সারা দেশ আন্দোলনে উত্তাল। তুই মথেলিং নিয়ার পইরা আসস। তোর কি কোটা? 
""এক বিচি"" কোটা?",1,0,0,0,0,1
সবার রিদয়ে বেচে থাকবেন নিসো ভাই এই সুন্দর একটা গল্পের কারণে,0,0,0,0,0,0
খালেদা রাজাকারদের নিয়ে সংসদে বসেছিল তাঁতেও আমাদের বেশি ভাল লাগছিল,0,1,0,0,0,0
হালারপুলা বাইঞ্চোদ রে গালি দিয়া লাভ কি? মান্দিরপুত জারয সন্তান,1,0,0,0,0,1
ভাই বিল গ্রেটস তোর এই কথা যেন বাংলাদেশের পুলিশ না শুনে তাহলে কিন্তু রাস্তায় দাড় করাইয়া রাজাকার বানাইয়া সব টাকা লুট করে নেবে তবে একবার ত খুলনা বিজ্ঞান ও প্রযুক্তি বিশ্ববিদ্যালয়ে আসছিলি তখন বেচে গেচস,0,0,0,0,1,0
"সাজেকে গিয়ে প্রেমিকাকে কেউ তারা দেখায়, আর কেউ বাড়া  (দোন) দেখায়",1,0,0,0,1,0
আল্লাহ্ ভারত কে একটা ভালো মতো শিক্ষা দেক আমিন আমিন আমিন।।,0,0,0,1,0,0
"যখন কোন নিব্বা প্লে বয়কে বলে, দেহ পাবি মন পাবি না",1,0,0,0,1,0
ভারতীয় সংস্কৃতির মাঝে যেনো আমাদের সংস্কৃতি হারিয়ে না যায়জয় হউক বাংলা নাটকের আসুন বেশী করে বাংলা নাটক দেখিদেশীয় সংস্কৃতি বাঁচিয়ে রাখিচমৎকার একটি নাটক,0,0,0,0,0,0
এই মাগীকে নিয়া আর ভিডিও বানাবেন না অন্য কিছু করবেন আমরা দেখবো,1,0,0,0,0,1
"যারা ভারতের পক্ষে কথা বলে, তাদের দেশের পতি কোন ভালোবাসা নেই ৷",0,1,0,0,0,0
"কানকি মেয়েদের কি জাত বেজাত আছে. এরা হচ্ছে ঋতুর মত, যখন চাই জাত চেঞ্জ করে.",1,0,0,0,0,1
"আমি নামাজের কথা বলছি না... বলছি, পাইলট শুনেই মাথায় গেঁথে ফেলা যে লোকটাই শিওর পাইলট... আর নার্স, অবশ্যই মহিলাটা",0,0,0,0,0,0
"বন্ধু যখন হঠাৎ করে বল যেই মারিয়া দেখে তোকে আমি বলবো, ছুড়ি দিয়া তোর ভুরি ফেলে দিমু",0,0,0,1,0,0
নাটকটা ভালই লাগল তবে এটার উত্তর মেলাতে পারছি না যে বাচ্চা জন্মের ১০ বছরের মাথায় কলেজে যায় কিভাবে,0,0,0,0,0,0
"আজ রাইতে যদি আর্জেন্টিনা হারে কাইল তোর চোদ্দ গুষ্টি উদ্বার করুম, হালার পো, বকচুদ আরিপ্পা। মন ডা চাইতাছে পিছনের লম্বা বিল্ডিং টা তোর গোয়ার মধ্যে দিয়া। তা ও যদি একটু শান্তি পাই আর কি।",1,0,0,1,0,1
অনেক সাধারণ সুন্দর নাটক টা আপনাকে অনেক ধন্যবাদ নাটক টা দেয়ার জন্য,0,0,0,0,0,0
তুই তো একটা দেশের কুলঙ্গার আর যারে নিয়ে তুই কথা বলছিস সে তার বাপের ও বাপ,0,1,0,0,0,0
বরাবর ভালোবাসার ভাই আর ক্লাসমেট তিশা অসাধারণ কোনো কথা হবেনা,0,0,0,0,0,0
"একজন সাধারণ মুসলমান ভাই হিন্দু ধর্ম নিয়ে যা জানেন,কোন হিন্দু গুরুও তা জানেনা ,এই ভিডিও ও তার প্রমান",0,0,1,0,0,0
সরকারেরর জন্ম  যদি  দূর্ণীতির মাধ্যমে হয়  সে সরকার কোনদিন দূর্নীতি দমন করতে পারবেনা। কোন চোর চোর দমন করতে পারে না,0,1,0,0,0,0
২০১৯ সালের সেরা নাটক কালকে দেখছি নাটকটা খুব ভালো লাগছে,0,0,0,0,0,0
"... ওদিকে আমাদের দেশে, নিরাপদ সড়ক চাই নামে এতো বড় আন্দোলন হয়ে যাওয়ার পরেও এই ঈদে সড়ক দুর্ঘটনায় ২৩৭ জন মারা গেছে",0,0,0,0,0,0
"৫ মিনিটও লাগবে না ঢাকার বিল্ডিংগুলো হুড়মুড় করে ধ্বসে পড়তে ... বিল্ডিং এর চাপে, গ্যাস লাইন ফাটবে",0,0,0,0,0,0
ভারত আজ পর্যন্ত ইংল্যান্ডের বিরুদ্ধে টি টেস্ট সিরিজ জিতেছে। আপনি তখন ঘুমোচ্ছিলেন সেটা আপনার প্রবলেম,0,0,0,0,0,1
বিমান টি ভূমিতে নামার আগেই কেন ধংস হলো না। নিশ্চয়ই বি এন পি ও জামায়াত শিবিরের কর্মীদের হাত ছিল। তাই যদি না হতো অবশ্যই বিমান টি ধংস হয়ে যেত। আল্লাহ এই জানোয়ারের বাচ্চা জানোয়ার কে তুমি উপরে তুলে নাও। আমিন,0,0,1,1,1,0
সব কিছু ঠিক আছে নাটকটাও অনেক সুন্দর হইছে কিন্তু কিছু কিছু দৃশ্য আমাদেরকে🚬🚬 মাদকের দিকে ঠেলে দিচ্ছে সেটাও দেখতে হবে যদি এক মত হয় কমেন্ট করে জানাবেন✍✍✍,0,0,0,0,0,0
আপু সবার যেই আকারে ভাইরাল ভিডিও বের হচ্ছেতোমার জানি বের না হয়কারন তোমার নাটক দেখতে ভালই লাগে কিন্তুু ভাইরাল হলে আর কিন্তুু দেখমনিসো বি কেয়ারফুল অ্যাবাউট ভাইরাল ভিডিও,0,0,0,0,0,0
"ডাক্টার, নার্স, তার পুত্ররা, ভাঙা লাঠিগুলো কেউই বুঝতে পারছে না, ঝামেলাটা কি হলো",0,0,0,0,0,0
সবচেয়ে ভালো লাগছে নাটকে নামাজ পড়াটা পরিচালকে অনেক অনেক ধন্যবাদ,0,0,0,0,0,0
খুব ভালো লাগলো একটা সময়ের জন্য মনে হয়েছিল আমার ও বোন আছেতাই কোম বোনকেই কষ্ট দেয়া উচিত নাহ,0,0,0,0,0,0
"রাতে তেজকুনি পাড়ার কোন বাসা থেকে নেটে ঢুকেছে, তা পুরা এলাকা জেনে যেত সাউন্ডের কারণে",0,0,0,0,0,0
বাঙ্গালির শরীরে ১ ফোটা রক্ত থাকতে পাকিস্তান বাংলাদেশ এক হতে পারে না।,0,1,0,0,0,0
নাটকটা অসাধারণ তবে আবেগে খারাপ লাগছে শেষে মিলটা না হওয়াতে,0,0,0,0,0,0
"হিন্দুর দেবতারা ত অন্য লোকের বউকে বাচ্চা দেয়, দেখুন মহা ভারত",0,0,1,0,0,0
এত অল্প বয়সে পেকে গেলে এমনি হয়প্রেম করা পাপ না কিন্তু অবৈধভাবে মেলামেশা করা তো পাপা মেয়েটা ভুল করেছে,0,1,0,0,0,0
"তরে ত জুতার মালা গলায় দিয়ে সারা দেশ ঘুরানু ওচিত নাসতিক মাগি। জুতা মেরে গরু দান,,,,",0,0,1,1,0,1
আইজগা গাইড লাইন চুদানের টাইম নাই । এডভেঞ্চার ওয়ার লাইন ভাংসে আমিও গলা প্যাচ দেই গিয়া নদীর পুত শাওয়ার ঘর আম গাছ এইসব আর কি অদভদ,1,0,0,0,0,0
খুব সুন্দর হয়েছে নাটকটি কাহিনী + অভিনয় দুটোই খুব ভালো লেগেছে,0,0,0,0,0,0
...জোকটা আমি ২ দিন আগে একটা ডাক্তারের ওয়ালে পেলাম... সরি জোক না তথ্যটা ;),0,0,0,0,0,0
এই নিয়ে দুইবার দেখলাম খুব খুব খুব ভাল লাগলো সতি্ অনেক অসাধারন একটা নাটক গানগুলো আরও ভাল লাগে,0,0,0,0,0,0
ও বৌদি কি দেখাইলা বড় বড় দুইটা। পুরাই মাথা নষ্ট।।,1,0,0,0,0,0
নাটক টি খুব সুন্দর শেষের দৃশ্য টি মুল নাটক টি র অসাধারণ,0,0,0,0,0,0
একমতো দুরের কথা সামনে পাইলে জুতা মারুম। ওকয় বাপের পুলা ওতো জানেই না ওর মাও জানেনা। ওর এই ধরনের হওয়াত সাবাবিক কারন জারস এর কথা এরকম সবাই আমার কথায় একমত কিনা জানতে চাই।,0,0,0,1,0,1
কুওার বাচ্চা তুই একটা তুই জারজ বলে এই অবস্থা শুয়ারের বাচ্চা,1,0,0,0,0,1
মালের যেভাবে সাইজ বাড়ছে তাতে মনে হয়েছিল সেক্স করার যন্ত্রনায় পাগল,1,0,0,0,0,0
জানিনা এতো কেনো ভালো লাগেতবে বিশেষ করে নাটকটির কথা সারা জীবন মনে থাকবে,0,0,0,0,0,0
এই ঈদের সেরা নাটকআমি ৫ বার দেখেছি আবারও দেখতে ইচ্ছে করতেছেআপনারা ও দেখতে পারেন আশাকরি ভালো লাগবে,0,0,0,0,0,0
রচয়িত নাটক অপূর্ব ভাইয়ের কাছে পৌঁছাতেকোন মাধ্যম সহৃদয় কোন শুভাকাঙ্গীর জানা থাকলে জানিয়ে উপকৃত করলে কৃতজ্ঞ হব,0,0,0,0,0,0
সবাই এত রিয়েক্ট করছেন কেন এরা তো আপন ভাই বোন নয় এই গুলো ভালো না,0,1,0,0,0,0
তিনি রিপ্লে দিতো - ইউ মে গো নাও স্যার।সরি ফর ডিস্টার্বিং! 😛,0,0,0,0,0,0
সব ধবংস করে যারা আজকে তাদের যে মা কালী কোলকাতা যেতে ডাকছে আমাকে তাড়াতাড়ি যেতে দাও ।,0,0,0,1,0,0
আমার দেশের কত মানুষ দিনে তিন বেলা দুমুঠো ভাত ঠিক মতো খেতে পায় না । আর কি দরদ সরকারের ভারতের চন্ডালদের জন্য । একাত্তরের যুদ্ধে ভারত তাদের নিজ স্বার্থের জন্যই বাংলাদেশকে সাহায্য করেছিল ।,0,1,0,0,0,0
সবাই বেশি বেশি করে বাংলা নাটক দেখুন এবং বাংলা সংস্কৃতি ধরে রাখুন যদি ভালো লেগে থাকে অবশ্যই জানাবেননাটকটি কেমন লেগেছেসবার মতামত আশা করছি ভালোবাসা অবিরাম,0,0,0,0,0,0
ভাই আপনার কথা কি আর বলবোসব সময় ভাল বেশি কিছু বলব নাকাজ গুলা অনেক ভাল লাগে,0,0,0,0,0,0
এতা নতুন কি কথা ভারত তো আগে থেকেই চোর চুরি গিরি না করলে তো ওদের ভিক্ষা করে খেতে হবে।,0,0,0,0,0,1
হযরত গৌতম বৌদ্ধ? তুরা কি গরু না ছাগল রে কাদিয়ানীর বাচ্চারা!,0,0,1,0,0,0
"আমরা দুধ বিক্রেতাকে সর্বদা বলি, ""জল মেশাননি তো?""…  আর মদে নিজেরাই জল মিশিয়ে খাই",0,0,0,0,0,0
ছোট বেলায় শারিরীক শিক্ষা ক্লাসে আমি পিরিয়ডের চ্যপ্টার টা পড়তে পারিনি আপনার পোষ্ট দেখে আমার খুব উপকার হল এই জন্য আপ্নাকে জানায় মিন্নী ও সানাই পক্ষ থেকে অভিন্দন ও লাল গোলাপ শুভেচ্ছা,0,0,0,0,1,0
আমার শুনার মাল তর মার ভুদার মধ্যে ধুকামু ।তর মাইরে খাওয়ামু ।তর মাইরে প্রেগন্যান্ট বানামু ।,1,0,0,0,0,1
"কুদ্দুস বলতো গরু আমাদের কি দেয়? স্যার, গরু আমাদের গুতা দেয়",0,0,0,0,1,0
‘আরে নাহ... প্রতি সপ্তাহে বলে চাক্কায় পাম দেয়া লাগব... বলে ২০ টাকা নেয়... আর চাক্কায় পাম দেয় না’,0,0,0,0,0,0
চুদাচুদীর মত মজা দেখা কারও নয় চুদেচুদে বাজারে এসেছি রাস্তা ধরে,1,0,0,0,0,0
"২ টা বিচির জোরে শুধু ভেবেছ কি নিজেকে পুরুষ, তাহলে তো কাঠাল মহাপুরুষ দুটো দুদুর জন্য নিজেকে রানী ভাবছো তাইলে তো কুত্তা হবে মহারানী",1,0,0,0,1,0
অসাধারণ মন ছুঁয়ে গেলো এরকম আর ও নাটক দেখতে চাই,0,0,0,0,0,0
বাবা দৌড় দিয়ে ব্যান্ড-এইড নিয়ে আসলো... মা দৌড় দিয়ে বরফ নিয়ে আসলো,0,0,0,0,0,0
গল্প টা আমার কাছে খুব ভালো লেগেছে কিছু দুষ্টমি ভালোবাসা কিছু বাস্তবতা কিছু সমাজের খারাপ মানুষের চরিএ তুলে ধরা আর বরাবরের মতোই নিশু তিশা খুব সুন্দর অভিনয় করেছে,0,0,0,0,0,0
অসাধারণ লাগছে নাটকহাসতে হাসতে আমি শেষ এই পথম খুব হাসলাম নাটক দেখে,0,0,0,0,0,0
অনেক দিন পর এত্ত সুন্দর একটা নাটক দেখলাম যে কমেন্ট না করে পারলাম না,0,0,0,0,0,0
পাকিস্তানী রা বাংলাদেশি দের চুদতেছিল এ।।ভারত এগিয়ে এসেছিল বাংলাদেশি দের অস্ত্র দিয়েছিল।স্বাধিন হওয়ার পর বাংলাদেশি রা বলতে লাগল আমার মা কে চুদা থেকে বাচাইছিল ভারত তাদের সার্থে।।,1,0,0,0,0,1
দেশে চলে আসো দুই কোটি টাকা বোনাস রাখা হয়েছে তোমাদের জন্য,0,0,0,0,1,0
"যখন আমি বলি আমি সাজেক যামু তখন আমার পরিবার, আয় তোরে আসমানে পাঠাই",0,0,0,0,1,0
এই পুরা আস্তা টাওয়ার টা যদি তুর হুগা দিয়া ডুকাই দিতে পারতাম. মনে একটু হইলো শান্তী পাইতাম.,1,0,0,1,0,1
১৫ মিনিটের দৃশ্য টা এই নাটকের সব চেয়ে সুন্দর মোমেন্ট,0,0,0,0,0,0
তোদের বাবা নবি খানকির পুত মাগিবাজ দাসি কিনে চুদা দিত।মানে তখনকার জনি সিন্স ভাই হল তদের নবি।,1,0,1,0,0,1
আমি কমে না হলো আট থেকে দশ বার দেখেছি অসাধারণ অভিনয়,0,0,0,0,0,0
সত্যই চোঁখের জ্বল আটকাইতে পারলাম না ঐ নাটকের পরিচালক ও লেখকের প্রতি রহিল বিনম্র শ্রদ্ধা,0,0,0,0,0,0
এই বারের ইদ জেন এক রক্ত মাংস খেকো ইদ এ পরিনত হয়েছে । ভাবতে হবে জীবন আগে নাকি ঈদ,0,1,0,0,0,0
সত্যি ই অসাধারণ আবার ও সেই পুরুনো দিনে কথা মনে পরে গেল নাটক টা দেখার পর,0,0,0,0,0,0
এই পৃথিবীতে একটা মহাপাপ ধর্ম আঁছে তার নাম হলো আব্রাহামিক ধর্ম,0,0,1,0,0,0
"এফ লেখার পর কি বোর্ড সাজেস্ট করে, তোর কি ফাঁক লেখা লাগবে?",1,0,0,0,1,0
গরম তেল পুটকির মধ্যে একটু ঢালেন কিছুটা হলে ও বুঝতে পারবেন,1,0,0,0,0,1
আমরা কাউরে জামাতের আমির হইতে দিমুনা । আমির হইলেই রাজাকার বানাইয়া দিমু । তারপর মুহাহাহা,0,0,0,0,1,0
নামায পরলে আসলেই ভাল লাগে সব ড্রামায় যদি এমন হত ভাল হত,0,0,0,0,0,0
হিন্দু ধর্ম বলে কথা এখন ভারত কে খুসি করার জনন এই কাজ করতেছে কোন মুসলিম এই কাজ করবে না আমি মানি না এটা একটা সাজানো চাল,0,0,1,0,0,0
"১ টাকা রাস্তার ছেলেটার কাছ থেকে নেয়া হচ্ছে খাওয়া বাবদ শুধু এই কারনেই যেন সে মনে করে, সেও কিনে খাচ্ছে... সে ভিক্ষা নিচ্ছে না",0,0,0,0,0,0
"কি অবস্তা রুপের ,, হুম তাই বুজি ,,, এতো ছোট ছোট কাপড় পরা, , মাদার দোদেগো জুতা পেটা করা উচিত ,,, ওদের মতো কিছু মূখ্য লোকেরাই, ,,এদেশের শাংস্কিতিটা নষ্ট করে ফেলছে",1,0,0,1,0,1
"পরীক্ষা ছাড়া টেস্ট রিপোর্ট দিলে যদি আমার জেল হয়, তবে একই অপরাধে শিক্ষামন্ত্রীকেও জেলে আসতে হবে",0,0,0,0,1,0
ওই দিকে কি দেখিস ভালো করে চোষ ঘষা লাগলে ব্যাথা পাই চ্যাটের বালের মোছ হয়েছে অনেক চোষা এখন আমি মুতবো এসে নেই আজ মাল খাবো আর তোকে চুদবো,1,0,0,0,0,0
মদের ক্লাবে গিয়ে সুন্দর এবং ভদ্র ব্যবহার ও মান সম্মান আশা করা আর পাবলিক টয়লেটে গিয়ে সুন্দর পরিবেশ ও সুগন্ধি আশা করা একই কথা ।,0,0,0,0,1,0
বাস্তবের খলনায়কদের হাতেই আইফোন থাকে । তাও আবার একটা না । একাধিক ।,0,0,0,0,1,0
আমি বুঝলামনা সিনপিং সাবমেরিন এটা মোতায়েনের কি দরকার এটা এমরিকার জন্য। কারন এটার মধ্য টি নিউক্লিয়ার মিসাইল আছে তার মানে ভারত ধংশ হয়ে যাবে তার মানে বাংলাদেশ খতির মুখে পরবে মালুদের কারনে হে মালু লও ঠেলা।,0,1,0,0,0,0
ভারত যদি টুকরো হয় তাহলে মুসলিমদের উপর জুলুম কমে যাবে।,0,0,1,0,0,0
এক কথায় অসাধারণ প্রথমে পরিচালককে ধন্যবাদ পরে নিশো ভাই আমার কাছে ২০১৯ সালের সেরা নাটক আর সব চেয়ে ভালো লাগার বিষয় নাটকটাতে আমার সব পছন্দের অভিনেতারা ছিলো সবাইকে ধন্যবাদ ১০ এ ১০,0,0,0,0,0,0
"শুধু বুঝি যে; ‘সারা দেশের লাখো মানুষ এক জায়গায় বসে আল্লাহর কাছে দোয়া চাইবে, তাতে কারো লসের তো কিছু নেই’",0,0,0,0,0,0
যাদের বাহিরটা হাসি দিয়ে সাজানোতাদের ভিতরটাই কান্নাতে সর্বদা ভিজে থাকে,0,0,0,0,0,0
"বাসায় ফিরে সিনেমার মত দু'হাত তুলে বলি, ""মা মা আমি ফিরে এসেছি... দেখো দেখো...চেয়ে দেখো""",0,0,0,0,0,0
"আজকে সেই দেশের ফুটপাথে কেউ হাঁটতে যেয়ে রাস্তার দোষের কারণে হোঁচট খাক, সাথে সাথে সে সিটি-কর্পোরেশনকে মামলা করে দিতে পারবে",0,0,0,0,0,0
দেশে তো ভালোমানের নায়ক নায়িকার কোন সংকট নেই তবে কেন ভারতীয় নায়ক নায়িকা দেশি সিনেমাতে?,0,0,0,0,0,0
"গাড়ি পার্ক করে নামতে যাব, মেয়ে বলছে, “বাবা পুরো গাড়িতে লেক্সাস একা কেমনে থাকবে?... ভয় পাবে তো”",0,0,0,0,0,0
এই খানকির ছেলি তোর দেশে কি একদম হয় না তোর বাবা ডিবজল চুদা তে এক নাম্বার আবার সতি গিরি চুদাস,1,0,0,0,0,1
মায়ানমারে মুসলিম হত্যার প্রতিবাদে ইসলামী ছাত্রশিবিরের প্রতিবাদ মিছিলে পুলিশের হামলা আর গ্রেপ্তার কিসের ঈঙ্গিত বহন করে???,0,1,0,0,0,0
দেশীয় কাবির সিং ভাইজানঅনেকদিন পর এতটা মুগ্ধ হয়ে কোনো কাজ দেখলাম পুরাটা মন্ত্রমুগ্ধ হয়ে দেখলাম আর কাজটা যে অনেক অসাধারন হবে সেটা বুঝায় গিয়েছে কারন কারিগর আরিয়ান ভাইআর গুরু আফরান নিশু মেহজাবিন,0,0,0,0,0,0
"যারা সোশ্যাল ওয়ার্ক বলতে, লাইক কমেন্ট আর শেয়ারের মাঝে আঁটকে আছে, তাদের সব শেষ হওয়াই দরকার",0,0,0,0,0,0
"তুই একটা সুবিধাবাদি,তুই হিন্দু ও না আবার মুসলিম ও না, তুই একটা নাস্তিক।",0,0,1,0,0,0
গুলা দুধ নাকি নার্কেলের বাটি ? দেওয়ালের সাথে আটকে থাকে ! এইগুলার ধাক্কায় দরজা খুলে ! এইগুলা উপর হাত দিলে নরম হয় না !,0,0,0,0,1,0
"১১০ ভোল্টের শক দোয়া হলো, বান্দা দেখি চোখ টিপ দেয়",0,0,0,0,0,0
একটু চিন্তা করে দেখ এ পাকিস্থানিরা কোন জাতিরে বির্য দান করছে???সেটা তো মালাউন জাতি রে হতে পারে তুই সেই রাজাকারের বির্যের বংসধর।,1,0,1,0,0,1
এক কথায় অসাধারন সত্যি অপূর্বের নাটক গুলো আর নাটকের পত্যেকটা দাপ অনেক অনেক দারুন,0,0,0,0,0,0
ওরে মাদারকুচ্ আজকে কি ২১ ফেব্রুয়ারি।আর তুই খানকির পুলা ভাষার কথা লিখছোস কিন্তু ইংরেজিতে কেন।তোর ভালবাসা পুটকি মেরে ডুকামু,1,0,0,0,0,1
রানু মন্ডল এ গান ভালো লাগেনা শুধু তেরি তেরি মেরি তেরি মেরি এটা কোন গান হল এটা একটা পাগল ও করতে পারবে এই গানটা,0,1,0,0,0,0
পাগলীর পাগলামী একদম সুপার রি‌য়েলী কি যে বল‌বো স‌ত্যি ধারুণ লাভ ইউ তান‌জিন তিশা অসাধারণ অ‌ভিনেত্রী,0,0,0,0,0,0
৫৩ মিনিটের নাটকে মাত্র দুইজনের অসাধারণ অভিনয়ে তৃতীয় ব্যক্তির উপলব্ধি যে ভুলিয়ে দিতে পারে তা এখানে হান্ড্রেডে হান্ড্রেড দেখিয়ে গেল বাস্তবতার মেসেজ দিয়ে গেল অসাধারণ অসাধারণ ১০ বছরের স্থলে ১৮ বছর পর ধরে নিলাম অসাধারণ,0,0,0,0,0,0
বুকের বা পাশের পরে যদি অাফরান নিশোর কোনো সেরা নাটক থাকে তাহলে এটাই,0,0,0,0,0,0
দুটা টেলিফিল্মের একটাতেও সাবটাইটেল নাই মালেশিয়ান একটা বন্ধু ভালো বাংলাদেশি ড্রামা দেখতে চাইছিল দেখাইতে চাইছিলাম এই দুটা,0,0,0,0,0,0
হায়রে নয়া দিগান্ত সাপ নিয়ে ভারত পাকিস্তান নিয়ে তোমাদের লাফালাফি কিন্তু মায়ানমারের মুসলমানের জন্য লাফালাফি নেই।,0,1,0,0,0,0
ভাল্লাগছে ভাই এর নাটকটা অসাধারণ ভালো লাগছে আসলে একটা ছেলে ভালবাসার মানুষকে সুখে রাখতে কতটা যে করতে পারে তা কখনো কেউ উপল্তি করতে পারেনা পারবে না,0,0,0,0,0,0
কুল একটি ইংরেজি শব্দ যার অর্থ ঠান্ডা এটাও জানেন না এটাতো আমার প্লে নার্সারিতে পড়া স্টুডেন্টরাও জানে । আপনাকে শিক্ষিত ভাবছিলাম,0,0,0,0,1,0
এত বাজে অভিনয় আর বাজে বিষয় নিয়ে কেন যে বঙ্গবিডি কাজ করতে দেয়,0,0,0,0,0,1
ভালোবাসায় কি আর বিধুফা বিবাহিতা মানে কখন কারে ভালো লেগে যায় মনের অজান্তেই ভালো থাকুক পৃথিবীর সকল ভালোবাসা গুলা নিশো ভাই টাংগাইলের গর্ব ভালোবাসা অভিরাম ভাই,0,0,0,0,0,0
এতো সুন্দর নাটক থাকতে কেন সবাই সিরিয়াল দেখে আমি বুঝিনা,0,0,0,0,0,0
"Autophagy শব্দটি একটি গ্রিক শব্দ; Auto অর্থ নিজে নিজে, এবং Phagy অর্থ খাওয়া... সুতরাং, অটোফেজি মানে নিজে নিজেকে খাওয়া",0,0,0,0,0,0
বিদেশ বউ রেখে যাওয়া টিক না ও মেয়েরা পরপুরুষের সাতে আকাম করবে এই হলো মহিলাদের চরিএ,1,0,0,0,0,1
মুসলমান হল খালি কলসি আর খালি কলসি বাজে বেশি। এর আর পাকিস্তান হল নাম্বার। কাংলাদেশি তোদের সব মুসলমান দেশ গুলোকে ভারত চুদবে একাই,1,0,1,0,0,1
আমার কাছে অনেক সুন্দর লাকচেকিন্তু বাবা ছিল অনেক বেসি সারর্থপর,0,0,0,0,0,0
"সব মেয়ে বারো ভাতারি হয় না ভাই, কিছু কিছু মেয়ে ১০০ ভাতারিও হয়",1,0,0,0,0,0
"আমি আর না পেরে বলেই দিলাম, “১৭টি গরু এবং ৬১টি ছাগল”",0,0,0,0,0,0
"যে ধর্ম টিকিয়া রাখতে ফাঁসির নীয়ম চালু করতে আবেদন করতে হই, যে ধর্মের সমালোচকদের হত্যা করতে এত চিন্তা ভাবনা তাহলে সেই ধর্মের কি জোর নেই?",0,0,1,0,0,0
ভারতীয়দের লক্ষ রুপি ও সম্মাননা ক্রেস্ট দেওয়া হবে ভাল কথা আর ভারতীয় বি এস এফ দীর্ঘ বছরে সীমান্তে নিরিহ বাংলাদেশীদেরকে যে হত্যা করেছে ।তাদের পরিবারকে কি দেওয়া হয়েছে ?,0,1,0,0,0,0
"আউরা জাওরা সব মানুষ হইচে। তুই আরিফা তিন বিচির মানব তুই মানুষ হইলি না,,,,

আমি রোজা নাই তোরে সুদতে পারবো,,,খনকির চাওয়াল",1,0,0,0,0,1
"ভারত বিরোধী আন্দোলনের স্বাধীন বাংলার প্রথম শহীদ, শহীদ আবরার ফাহাদ",0,1,0,0,0,0
নাটকটা অনেক অনেক ভাল লেগেছে নিশোতিশা জুটি সব সময়ই বেষ্টনিজের অজান্তেই চোখের কোণে এক ফোটা পানি জমে গেলঈদের ভাল নাটকগুলার মধ্যে এটা অন্যতম,0,0,0,0,0,0
আর কতো বার দেখবোএতো বেশি প্রিয় নাটকটা অগোচরে চোখে জল চলে আসেভালো থাকুক ভালোবাসার মানুষগুলো,0,0,0,0,0,0
আমার সময়েও স্কুলে চোরকে সাজতে দেখেছি নেংটি পরে খালি গায়ে তেল মেখে ক্লাসের সবচেয়ে রোগা পটকা জনকে... আমার মেয়ের সময়েও একই দেখছি,0,0,0,0,0,0
আচ্ছা ভাই তোমাকে কি ছিলা বাঁশ দিয়ে পিটাই ছিলো নাকি আছিলা আইমিন আইক্কাওআলা বাঁশ দিয়া পিটাইছিলো?,0,0,0,0,1,0
রোহিঙ্গাদের আশ্রয়শিবির গুলো উখিয়া টেকনাফ থেকে রাঙামাটি ও খাগড়াছড়িতে স্থানান্তর করা হউক।কারণ উখিয়া টেকনাফ আয়তনে অনেক ছোট।,0,1,0,0,0,0
বান্নাহ ভাই একটা বাসার ভিতর লক্ষ্য লক্ষ্য দর্শকদের মন্ত্রমুগ্দ্বের মত বসাইয়া রাখলেনটের ই পাইলাম না নাটক কখন শেষ তানজিন তিসা র অভিনয় অসাধারন সাজ্জাদ তো তুলনাহীন অসাধারন নাটক ভাই থেন্ক্স,0,0,0,0,0,0
মাননীয় প্রধানমন্ত্রী যতই চেষ্টা করেন না কোন লাভ হবে না।। কারণ রিপোর্ট যারা দেয় তাঁরা টাকা ওয়ালা ছাড়া কোন ভালো মানুষের নাম দেয় না।।,0,1,0,0,0,0
"প্রধানমন্ত্রী বলার পরও যদি নূরের এ অবস্থার অর্থ, প্রধানমন্ত্রীর কন্ট্রোলে নাই।",0,1,0,0,0,0
নডির পুতেরা সব যায়গায় ভেজাল লাগিয়ে রাখে আর খানকির পোলারা তেল মাজার কথা বলে মালাউন এর গুষ্টি মারি,1,0,1,0,0,1
যতই মরুক ভারত স্বিকার করবেনা। এমনিতে ভারতের সেনারা ভীতু সঠিক তথ্য দিলে আরো ভীতু হয়ে পড়বে। তার প্রমান যুদ্ধের সম্ভাবন দেখে হজার সেনার ছুটির আবেদন।,0,1,0,0,0,0
"বাই দ্যা ওয়ে,আরিপ্পা তোর ভাগ্য ভালো আইফেল টাওয়ার টা অনেক দূরে হয়ে গেছে, কাছে ভিত্রে থাকলে বাঙালী চুরি কইরা আইনা হইলেও ওইটা তোর পুটকি দিয়া ভরতো। আর তুই প্রভা চাচীর মতো চিল্লাইতি "" ইস পেটে ঢুকে গেছে তো """,1,0,0,0,0,1
"সাথে কিছু প্রাসঙ্গিক প্রশ্নও করতে পারে... যেমন, ‘শরীর কোন জায়গা আপনার বেশী চুলকায়... কিডিং’ :P",0,0,0,0,0,0
এই জলু মন ফাগুন কোন পর্যন্ত আসছে রে । ? এটা কোন হিমালয় থেকে আসতেছে যে এতো দেরি,0,0,0,0,1,0
"ভারত যেন বাংলাদেশের কোনো ব্যাপারে নাক না গলা, কেননা ভারত বাংলাদেশকে কখনো ভালো চায় না",0,1,0,0,0,0
জেরিন এর মত মেয়রা সুধু টাকাটাকেই চিনলো ভালোবাসা নাজেরিনের একটু সাপোর্টেই পারতো তাদের ভালোবাসাটা বেচেথাকতে,0,0,0,0,0,0
আমার দেখা অসাধারণ একটি নাটোকআসুন আমরা ৫ ওয়াক্ত নামাজ পড়ি,0,0,0,0,0,0
ভারত এর এত চুলকাই কেরে।ফনিন তদের এত জলে কেরে,0,0,0,0,0,1
অপূর্ব জড়িয়ে ধরলো মেহজাবিনকে আর মোবাইলে মিথিলার ছবি দেখে মিথিলাকে জড়িয়ে ধরার অনুভূতি অনুভব করলো দারুন লাগলো বিষয় টা আর মিনারের গান গুলা অসাধারন ছিলতবে ২ পর্বের থেকে ১ম পর্ব ভালো লেগেছিলো আমার কাছে,0,0,0,0,0,0
শামীম ভাই এর অভিনয় টা খুব ভাল লাগছে আর সাবিলা আপুর অভিনয় টা ও সেই ছিল,0,0,0,0,0,0
দিঠি আর ডিংকার তো ইদুরের মত দাঁত আছে । ওরা জাল কাটুক,0,0,0,0,1,0
"হুজুর মাদ্রাসার ছেলেরা ছাগলের সাথে সেক্স করে গরুর সাথে সেক্স করে আমার কাছে যথেষ্ট প্রমাণ আছে, আমাদের নবী দাসী তার ছেলের বউ সাথে সেক্স করেছে",1,0,1,0,0,1
"শরীরের কোষগুলো যদি নিয়মিত তাদের ডাস্টবিন পরিষ্কার করতে না পারে, তাহলে কোষগুলো একসময় নিষ্ক্রিয় হয়ে শরীরে বিভিন্ন প্রকারের রোগের উৎপন্ন করে। ক্যান্সার বা ডায়াবেটিসের মত অনেক বড় বড় রোগের শুরু হয় এখান থেকেই",0,0,0,0,0,0
বিরহের মাঝেও যে শেষে একটা রোমাঞ্চকর ভালোবাসা থাকে অনেক ভালো ছিলো গল্পের শেষ টা 😊মিজানুর রহমান আরিয়ান ভাইয়া আপনি কিন্তু সেরাদের সেরা,0,0,0,0,0,0
"স্বামী-স্ত্রীর সম্পর্ক কি এমনই হয়? ইলিশ পাঠালো বাংলাদেশ, পিঁয়াজ বন্ধ করে দিল ভারত",0,0,0,0,1,0
ম্যাডম খালেদা জিয়া কোনো দিনও জিততে পারবেনা এবারেও শেখ হাসিনার কাছে হেরে ভূত হয়ে যাবে খালেদা ম্যাডম মিলিয়ে নেবেন,0,1,0,0,0,0
ছোটবেলায় স্বপ্ন দেখতাম; আমি কথা বলছি... আমার সামনে স্টেডিয়াম ভর্তি হাজারো মানুষ শুনছে,0,0,0,0,0,0
মাননীয় রাবিশ মন্ত্রী এরা কোন ডেব্ধার মাদ্রাসার ছাত্র? প্রকৃত পক্ষে দেশ ও জাতির জন্য ডেঞ্জার কারা তা আজ জাতির সামনে স্পষ্ট,0,1,0,0,0,0
দুই মিনিট ধরে কী যে দেখাইলো আগা মাথা কিছুই বুঝলাম না তবে লিনা পিসি এই কোরোনার মধ্যে যে কেন আবার ধুলো বালি ছড়াচ্ছে কে জানে,0,0,0,0,1,0
"মুসলিমরা রোজা রাখলে তাকে বলা হয় ‘সিয়াম’ ... খ্রিস্টানরা রোজা রাখলে তাকে বলা হয় ‘ফাস্টিং’ ... হিন্দু বা বৌদ্ধরা রোজা রাখলে তাকে বলা হয় ‘উপবাস’ ... বিপ্লবীরা রোজা রাখলে তাকে বলা হয় ‘অনশন’ ;) আর, মডার্ন মেডিক্যাল সাইন্সে রোজা রাখাকে বলা হয় 'অটোফেজি’",0,0,0,0,0,0
যখন মন খুব খারাপ থাকেতখন আপনাদের নাটক দেখিতখন মনটা আরো খারাপ হয়ে যায়আর একটা সময়ে মন খারাপে মন খারাপে কাটাকাটিসত্যি অনেক ভাল লাগে আপনাদের অভিনয় গুলা দোয়া রইলো চালিয়ে যান ভাই৷৷৷৷৷ সারাটি জীবন,0,0,0,0,0,0
আফরান নিশো মানেই চমৎকার একটা নাটক সবাইকে পবিত্র ঈদুল ফিতরের শুভেচ্ছা ঈদ মোবারক,0,0,0,0,0,0
সাকিব ভাইয়ের এ সব কথায় নাস্তিকদের শরীর চিনচিন করে ব্যথা করছে । না হলে এত ভালো একটা পোস্ট করায় কেন বাজে কমেন্ট করবে ।,0,0,1,0,0,0
না সিরিয়াসলি... এই উদ্যোগের পিছের কারণ একটাই... রক্ত চাওয়া এবং পাওয়ার মাঝে অন্তত কোনও গ্যাপ না থাক,0,0,0,0,0,0
"সবাই একটা একটা কন্ডম নেন
ছিড়া আছে কিনা দেখবেন
কন্ডম টা সুন্দর করে আপনার বাম পায়ের ভিতরে ডুকিয়ে
ওর ছেদা বরাবর ডুকিয়ে দিন... 
যাতে আরিফফার ফাক টা আরো বিদ্ধস্ত করতে পারেন।",1,0,0,0,0,1
আসুন আল্লাহর পথে চলিএবং পাঁচ ওয়াক্ত নামাজ পরিএবং দিনে একটি হলেও ভালো কাজ করি,0,0,0,0,0,0
বৌদির দুধ দেকে তো আমাদের সবকিছু ঠিক ছিলো না - অঞ্জন এর চোখ কিভাবে ঠিক থাকবে!,1,0,0,0,0,0
সাংবাদিক মনে হয় মালাউন বি বি সি বাংলা কি মিথ্যা ছাগল পাগল কি করে সাংবাদিক হয় আল জাজিরা খবর দেখিস মালাউন সাংবাদিক,0,0,1,0,0,0
সময় মনে হয় চলে এসেছে আফরান নিশোর বড় পর্দায় কাজ করার গ্রেট হুমায়ুন ফরিদীর ছায়া দেখতে পাই শুভকামনা আপনার জন্য আফরান নিশো,0,0,0,0,0,0
নতুন পাক আর্মি চীপ অফ স্টাফ জেনারেল বাজওয়ার ক্ষমতা দক্ষতা সম্পর্কে ভারতীয় সাবেক সেনা প্রধানের বক্তব্যই যথেষ্ট,0,0,0,0,0,0
খানকিৱ পোলা ৱা শিক্ষা দীঘা কিছু নাই বলে কনডম ব্যবহার করলো না!,1,0,0,0,0,1
রিয়েল গাঁজাখুরি গল্প। হালার পো এতদিন চ্যাট করছে আর কিনা ফোন নাম্বার নেয় নি। গল্প পাচ্ছে না খুজে তো তাই কি করবে বসে। কয়ডা গাঁজাখোরের কাছ থেকে গল্প গুলা তৈরী করেছে,0,1,0,0,0,0
মোল্লা মিসকিনদের কথা গুলো সত্যি ধরে নিয়ে বলছি পশ্চিম আর পূর্ব পাকিস্হানকে ভারত আলাদা করে দিয়ে ঠিক করেছে এত নিমকহারাম জাত একসাথে থাকলে বিপদ বাড়ত জয় হিন্দ,0,1,0,0,0,0
অসাধারণ লাভ কাহিনি অনেক ভালো লাগছে অপুর্ব এবং মিথিলার অভিনয় অনেক ভালো হয়েছে এই ধরনের নাটক অনেক ভালো লাগে,0,0,0,0,0,0
একটি সাবান বিক্রি করা হবে মাত্র দুদিন ব্যবহার করছি শীত অতিরিক্ত পড়ায় গোসল করতে পারতেছিনা যদি কেউ ক্রয় করতে চান তাহলে ইনবক্স য়ে যোগাযোগ করবেন প্লিজ ধন্যবাদ ।,0,0,0,0,1,0
ওর মত জানোয়ারের বেচে যাবার কোনো অধিকারই নাই ওকে ফাসির পরেও এভাবে ঝুলিয়ে দিয়ে আমাদের উন্নতি হবে না,0,0,0,1,0,0
খুবিই উপভোগ্য একটি নাটকপুরো নাটকে গ্রামের আবেশ ছিলখুশি আপা সেইধন্যবাদ,0,0,0,0,0,0
নাটকটি দেখে এতটাই মুগ্ধ হয়েছি যে বলার ভাষা হারিয়ে ফেলেছি এক কথায় অসাধারণ একটি নাটক,0,0,0,0,0,0
খুশি অাপার অভিনয় অসাধারণ৷গ্রামে এমন অবহেলায় পরে থাকা মেয়েগুলোর সাথে মিলেমিশে একাকার তিনি,0,0,0,0,0,0
তুই তো কারো পায়ের জুতো হওয়ার ও যোগ্য না আর ভাব লস ?,0,0,0,0,0,1
শেষটায় আর চোখে পানি ধরে রাখা গেল না ফুলির অভিনয় ও কথায় চোখ ভিজে গেল গ্রামের সুন্দর প্রাকৃতিক পরিবেশে নির্মিত এক পারিবারিক নাটক যমজ দুই ভাই ভালো করেছে,0,0,0,0,0,0
"জুতা পেটা করতে ও মন চাইছে না, কারন আমার জুতার একটা ব্রান্ড আছে সম্মান আছে কিন্তু তর কুনো ব্রান্ড নাই, নাস্তিকের বাচ্চা",0,0,1,0,0,0
"আসিফ খানকির পোলা, তোর মারে কুত্তা দিয়ে চুদে তোরে পয়দা করসিল",1,0,0,0,0,1
আফরান নিশো ভাইয়ের নাটক যত দেখি ততো মুগ্ধ হয় শুভ কামনা রইলো ভাই আপনার জন্য আপনার আরো নতুন নাটক চাই,0,0,0,0,0,0
শালা রেন্ডিয়ানরা নিজেদের ভাষায় কথাই বলতে পারে না আবার ছাগলের বাচ্চার মত লাফাই,0,0,0,0,0,1
তোদের জন্য চিন বাঁশ রেডি করতাছে সময় মত তোদের পুটকির ভিতর ঢোকিয়ে দিবে শালা মালাউনের বাচ্চারা।,1,0,1,0,0,1
"ধানের বীজ কৃষকরা পাবে না, পাবে নেতারা। এ আমার বিশ্বাস।।",0,0,0,0,1,0
তিন মালু নিহত হয়েছে।আহা কি আনন্দ আকাশে বাতাশে।বিদ্র আমি ভারত পাকিস্তানকে ঘৃনা করি।,0,0,1,0,0,0
"যেভাবে চারদিকে দূর্ণীতি ও লুটপাট শুরু হয়েছে, তাতে আমরা আতংকে আছি, না জানি পুরো দেশটাই ধ্বংস হয়ে যায়",0,0,0,1,0,0
সাফা কবির কে অভিনয় জগৎ থেকে বহিষ্কার করা হোক।আপনারা কি একমত?,0,0,0,1,0,0
সব শাশুরী উফফফ নেইমারের কি হাজার খানেক শাশুরি আছে বলদ সাংবাদিক । ছাগলের তিন নম্বর বাচ্চার মতো সাংবাদিক নেইমারের পিছনে পড়ে আছে ।,0,0,0,0,1,0
"পানি থেকে উঠার পর সবাই যখন তাকে বাহাবা দিচ্ছে তখন সে জিজ্ঞেস করছে, আমারে ধাক্কাটা দিসে কে?”",0,0,0,0,0,0
আইভি সাথে নির্বাচন করতে হলে খালেদা জিয়া লাগবে আপনার কোন ভাগা হবে না,0,1,0,0,0,0
এদের বিচার সরকার করতে পারবে না....... এরা সরকার কে ব্যাবহার করেই আজ আমেরিকায়..... …..কিন্তু পীযূষ গেং রা যে দেশের শত্রু এটা বুঝতে না পারলে ভবিষ্যতে কপালে দুঃখ আছে,0,1,0,0,0,0
ঠাই দেন আপনারা ।মিডিয়াতে ভন্ডামি করেন আপনারা ।আপনাদের মুখে বঙ্গবন্ধুর নাম নিলে পাপ ইবে । গুনডা রাজাকার ভূমিদূস আখরা আওয়ামী লীগ । সুষ্ঠু নির্বাচন দেন তারপর দেখেন কি হয়,0,0,0,0,0,0
"আমার দ্বিতীয় বাচ্চা হওয়ার সময় ঢাকার এক হাসপাতালে এসে আমার ফুপু ধড়ফড় করে রুমে ঢুকে বলে, “ও আল্লাহ্‌ ব্যাডা নার্স... তাও আবার ভুইত্তামারা”",0,0,0,0,0,0
বাংলাদেশ কে নিয়ে আমি গর্ববোধ করি আমাদের দেশে যে পরিমাণ প্রতিনিয়ত সুন্দর সুন্দর নাটক করা হয় পুরো এশিয়া মহাদেশে এমন কোন নাটক বের করা হয় না,0,0,0,0,0,0
সুন্দর গল্প সাথে একটা সুন্দর একটা মেসেজ আমার দেখা একটা সেরা নাটক,0,0,0,0,0,0
"আমি মুখ থেকে মাস্ক সরিয়ে বললাম, ‘আমি কিন্তু আসলেই রক্ত দেখলে ফিট হয়ে পড়ে যাব’",0,0,0,0,0,0
আসলে রানু পাগলি জান তো লতা কাশ্মীরি কুল রানু পাগলি বগলের চুল,0,0,0,0,1,1
মুসলিম নামদারি মুনাফেকদের দলেরা আর মালাউন কুলাংগারের বাচ্চারা দেশনেতরি খালেদা জিয়ার বিপখখে কথা বলতেচে,0,0,1,0,0,0
বাইচা গেছি ফারুকও বাচছে হুদাই তোদের জন্য ভরতীয়দের সাথে ঝগড়া করি,0,0,0,0,1,0
সাবিলার গ্রামের বাড়ি কী চট্টগ্রাম একেবারই চাঁটগাইয়া টান সবার অভিনয় এত রিয়েলিস্টিক ছিলমনে হচ্ছিল সব কিছু চোখের সামনে ঘটছে একটা ব্যাপার কিন্তু সত্যমেয়ে বাড়ি থেকে পালিয়ে আসলে ছেলের বাড়ির মানুষ মেয়ে মেয়ের পরিবারকে ছোট করে অনেক বাজে কথা বলে,0,0,0,0,0,0
আরিয়ান ভাই আপনার তুলনায় হয় নাবার বার এতো সুন্দর নাটক উপহার দেওয়ার জন্য,0,0,0,0,0,0
আপনার একটু মাথা খাটানোই কিন্তু সামনের জেনারেশানকে একটানে ১৬টা নাম লিখে ফেলতে হেল্প করতে পারে,0,0,0,0,0,0
এভাবেই একবেলা খাবারের ৯৯% টাকা অন্য মানুষের কাছ থেকে আসছে,0,0,0,0,0,0
ইভানার সব নাটক দেখি আমি এবং ইভানা আমার ভালো লাগার লিস্টে আছে আমার কাছে এত ভালো লাগে এই মানুষটারে খুব কিউট ইভানা,0,0,0,0,0,0
ফুড পান্ডার আদলে আমাদের দেশী ইয়ুথদের করা হাংরি-নাকি কিছু দিনের মধ্যেই মেজর মার্কেট শেয়ার তাদের দখলে নিয়ে আসতে যাচ্ছে... প্রচণ্ড খুশির একটা ব্যাপার না?,0,0,0,0,0,0
তিন এপ্রিল এইচএসসি পরীক্ষার কথা চিন্তা না করে তাদের প্রতি ভালোবাসার টানে পড়াশুনা না করে খেলা দেখলাম কিন্তু আমার মনে হয় আমার মত লক্ষ লক্ষ পরীক্ষার্থীর কালকের দিনটা নিতান্ত বৃথা গেল ।,0,0,0,0,1,0
কিছু কুচুটে লোকের অসৎ উদ্দেশ্য চরিতার্থ করার জন্য আপনি ভিডিও প্রচার করে যাওয়া থেকে বিরত থাকার অনুরোধ করছিভালো থাকুন,0,1,0,0,0,0
তাকে ২০০ টাকা দিয়ে বিদায় করে আমি দাঁত বের করে বাসায় ঢুকলাম... সে কি তুমুল হাততালি,0,0,0,0,0,0
আরে ভাই যা জীবাণু পেটে ঢুকার তা তো ঢুকেই গেছে ... এখন ওজু করে লাভ কি?,0,0,0,0,0,0
নাটকটা এতো ভালো লেগে যে যা আমি ভাষায় প্রকাশ করতে পারবো না ধন্যবাদ নাটকের পরিচালককে,0,0,0,0,0,0
"এখনো সীতার মতো হিন্দু সমাজে সতিত্ব প্রমাণ দিতে হয়,জঘন্যতম,ছি হিন্দু সমাজের রীতিনীতি বিবাহ বহির্ভূত সম্পর্ক!",0,0,1,0,0,1
তাদের চর্মরোগ আছে তবে সেটা চামড়ায় না হয়ে মনে আর মাথায় হয়েছে ।,0,0,0,0,1,1
গতকাল শক্ত কাঁঠালের কোয়া খাইছিলাম । কিছুতেই হজম হচ্ছিল না । যাক অবশেষে এই গান শোনার পর বিশেষ প্রক্রিয়ায় হজম হল । ভাল আছি এখন । দোয়া করবেন,0,0,0,0,1,0
সত্যি অসাধারণ গল্পের অসাধারণ একটি নাটক শেষ দৃশ্যে কোনোভাবেই চোখের পানি আটকাতে পারিনি তবে নাটকের সংলাপে তুই তোকারি করাটা হয়ত মেনে নেয়া যায় কিন্তু কুত্তার বাচ্চা বলে গালি দেয়া এবং গায়ে হাত তোলাটা কোনোভাবেই মেনে নেয়া যায় না,0,0,0,0,0,0
বৃন্দাবন দাস এর কাজগুলো সবসময় ভাল লাগার হয়আর শেখার অনেক কিছু থাকে,0,0,0,0,0,0
বাংলাদেশী যুবকের হাতের আঙ্গুলের ১০ টি নখ উপড়ে নিয়েছে ভারতীয় সীমান্তরক্ষী বাহিনী বিএসএফ,0,1,0,0,0,0
অনেক সুন্দর তবে শেষে অন্তত একবার দেখা হওয়া উচিত মিথিলার সাথে,0,0,0,0,0,0
"দূর্গা পূজা হিন্দু ধর্মেই সার্বজনিন নয়, অন্য ধর্মের জন্য সার্বজনিন হয় কিভাবে?",0,0,1,0,1,0
সিনেমার মতো তোর কি চুদার কতা মনে পড়লো অনেক সুন্দর,1,0,0,0,0,0
অবশেষে দেওয়ানবাগীকে দিয়ে দিয়ে নিজের হোগা মারানোর ধান্ধায় নামলি শুয়ার,1,0,0,0,0,1
মেয়েকে জিঙ্গেস করছে তুই ভাল থাকবিকিন্তু তিন লাখ টাকার সেলারির ছেলে পেয়ে তখন এই কথাটা একবার জিঙ্গস করলোনা তুই ভাল থাকবিহাইরে বাবা,0,0,0,0,0,0
আর এখন আমরা কি করছি? হাসিমুখে মেনে নিয়ে একটার পর একটা প্যারাসিটেমল খেয়ে যাচ্ছি,0,0,0,0,0,0
ইসলাম ধর্ম যেমন একটা ভন্ডামী তেমনি বঙ্গ ভবনে আরবী সুরা লিখে রাখাটাও একটা ভন্ডামী- মুনতাছের মামুন,0,0,1,0,0,0
আফরান নিশু মানেই নতুন কিছুসবাই থাকে সাপোর্ট করুন এবং বাংলা নাটকের সাথেই থাকুন ধন্যবাদ ভালোবাসা অবিরাম,0,0,0,0,0,0
সত্যি ভীষণ ভালো লাগলো প্রাণ খুলে অনেক দিন পর হাঁসলাম অনুরোধ রইলো এই ধরনের আরো নাটক আমাদের উপহার দেওয়ার জন্য,0,0,0,0,0,0
"হ্যা এই পুঁথিগত বিদ্যা একটা সার্টেইন লেভেল পর্যন্ত দরকার... কিন্তু তার পরে, তোমার মেধা",0,0,0,0,0,0
৩২ বছরের বিসিএস ক্যাডার যখন নতুন কলেজে ভর্তি হওয়া মেয়েকে করতে যায় তখনকার অবস্থা,1,0,0,0,1,0
নাটকের প্রতিটা মানুষের ভুমিকা অসম্ভব সুন্দর হয়েছেসবার জায়গায় সবাই সঠিকআর নাটকের শেষটা অসাধারণমনের ভিতর টা ছেয়ে গেছে,0,0,0,0,0,0
একটা নাটক এতটা ভালো হতে পারেজীবনের সব অনুভূতি একটা ঘরে আবদ্ধ থাকে,0,0,0,0,0,0
টি টুয়েন্টিতেও বাঁশ খাবে ! দিন শেষে হাতুরের জয় ! দলের কোচ হয়েই তিনটা ট্রফি ! আর কি চাই !,0,0,0,0,1,0
ভালোবাসা হারিয়ে গেলেও বন্ধুত্ব সারাজীবন আমাদের পাশে থাকে নামাযের জন্য দাওয়াত দিয়েছেন বিষয়টি খুব ভালো লেগেছে সত্যি আফরান ভাই এবং তিশা আপু আপনাদের জন্য ভালোবাসা বেড়ে গেল,0,0,0,0,0,0
তুই একটা নাস্তিক মেয়ে এই বাংলাদেশে তোর কোনো থাকার দরকার নাই তুই একটা পতিতা তুই একটি ইসলাম রাষ্টকে হিন্দু রাষ্ট হিসাবে পরিনত করতে চাস তাই তোরে জুতামারা দরকার,0,0,1,1,0,0
"হেফাজত আন্দোলন করলে খুন করা হয়, আর নাস্তিকরা আন্দোলন করলে পুলিশ দিয়ে পাহারা দেয়া হয়",0,1,0,0,0,0
সানি লিওনের স্থানটা খালি আছে তুমি ওটা নিতে একটা চান্স আছে।,1,0,0,0,0,1
বরাবরের মত আমরা শুধু জিম্বাবুয়েকেই পাই খেলে দিতে মনে হচ্ছে জিম্বাবুয়েই আমাদের জন্য বড় দল তাই যদি হয়ে থাকে তাহলে ছোট দলের সাথে বেশি ম্যাচ খেলানো হোক এটা আপনার ষাঁড় পাপন্দার প্রতি জোরালো আবেদন ।,0,0,0,0,1,0
অনেক দিন পর অসাধারন একটা নাটক দেখলাম কন্সেপ্ট টা আসলেই ভালো ছিল শেষ টুকু হয়তো কারো সাথে মিলে যাবে কারো সাথে খানিকটা মিলে যাবে,0,0,0,0,0,0
ওরে চান্দের বাড়িতে একজন পুট্কি মারা দরকার এবং ওর বাড়িতে কোনো ডির্স্টার্ব না লাগে,1,0,0,0,0,0
জিয়াউল হক পলাশ এতো চমৎকার করে পরিচালনা করেছেন জাস্ট অসাম ধন্যবাদ পুরো টিমকে চালিয়ে যান,0,0,0,0,0,0
রানু পাগলী তো লতা মঙ্গশকর সম্পর্ক এ কি যেন আবোল তাবোল বলেছে এটা এক টা খানিক (মণ্ডল),1,0,0,0,0,1
নটা খুব খারাপ লাগছিল হঠাৎ কে জানি বললো মেন্টাল বেলের আইডিতে ঘুরে আসার এখন আর হাসি থামাতে পারছি না ।,0,0,0,0,1,0
আজ থেকে ওর সবকিছু দেখা বন্ধ। ওরে যেখানে দেকবেন জুতা মারবেন সবাই।,0,0,0,1,0,1
হালার পো হালা তোরে কি শয়তানে লারে চারে ফইন্নির ঘরের ফইন্নি বাংলা লেখতে পারস না আবার ইংরেজি চোদাও না,1,0,0,0,0,1
"এক কাঠুরে কাঠ কাটতে গেছে বনে... নদীর পাড়ে কাঠ কাটছে, হুট করে কুড়ালটা পানিতে পড়ে গেলো",0,0,0,0,0,0
কি পাগলের সাথে ডিভেড করছেন ভাই ‌।গু গবর খায়ে মাথাটা নষ্ট করে ফেলেছে ।,0,0,1,0,0,1
অনেক ধন্যবাদ মিজানুর রহমান ভাইকে এবং অপূব মিথিলা মেহেজবিনকে খুব ভাল লাগছে তবে জেরিনের বাবার অভিনয়টা লোভি দেখাছে,0,0,0,0,0,0
ভাই সবই বুঝলামকিন্তু একটা জিনিস মাথায় আসতেছে না ভালোই যদি বাসতেন তাহলে বিয়ে করতে রাজি হননি কেনতা ও ফ্যামিলি এত প্রেশার দেওয়ার পর,0,0,0,0,0,0
"জরি, মৃন্ময়ী, কুটু মিয়া, মিসির আলী, ছোট মীর্জা …  কেউই বইয়ে আঁটকে নেই",0,0,0,0,0,0
যুগে যুগে আরিপ্পার মতো মাদারচোদ তৈরী হবে বাংলা ভাষার বলাৎকারের জন্য,0,0,0,0,1,1
মন খারাপ হলে মাথায় হাত বুলিয়ে দিবে এমন কিছু কেয়ারিং জ্বিন বা পরী বিক্রয় হবে ।,0,0,0,0,1,0
মাগি আগের থেকেই বাধাই রাখছে আর কই পরের মাসেই বাধছে.,1,0,0,0,0,1
"কেউ যদি আমাকে বলে, আপনি কি এই বলদের মুভি দেখবেন নাকি টয়লেটে বসে থাকবেন, তাহলে আমি বলবো টয়লেটে বসে থাকবো",0,0,0,0,1,0
ইসলাম নিয়ে যে  খারাপ মন্তব্য করবে এবং ইসলামের বিরোধিতা করবে  এই জালিমদের বাংলার জমিনে তাদের কে  ছাড় দেওয়া যাবে না।,0,0,1,0,0,0
জামাইয়ের গেট ধরা দেখে তারা মুগ্ধ... যদিও বুঝলো না টাকার জন্য গেটে ঠেলাঠেলি কেন হচ্ছে,0,0,0,0,0,0
‘আপনে মিয়া একটা আঁতেল’ এরকম একটা রেসপন্স ভেবেছিলাম সাংবাদিকের কাছ থেকে পাবো,0,0,0,0,0,0
ফ্যানব্যাজ হারাচ্ছে বলে জুতা মেরে মাল্যদান? how funny...anyway ক্ষমা করার মালিক আল্লাহ।। আল্লাহ বিশ্বাস করেন পরকাল বিশ্বাস করতেন না এত দিন। ভালই ফাইজলামি করলেন।যাই হোক আল্লাহ আপনাকে হেদায়েত দিক।,0,0,1,0,0,0
আরফান নিশো ভাই আর তিশা আপু আপনাদের দুজনেই ওভিনয় আমার কাছে অনেক ভালো লেগেছে ধন্যবাদ,0,0,0,0,0,0
আপনি কি ভারতীয় পণ্য কিনছেন? আপনার প্রদত্ত টাকা বুলেট হয়ে ফিরে আসছে নিরীহ বাংলাদেশীদের বুকে,0,1,0,0,0,0
"আমি জানি, কোনদিন যদি আমি পথে বসে যাই, এবং রাস্তার পাশে গাছের ডালে মশারী টাঙ্গিয়ে শুয়ার প্রস্তুতি নেই, সে তার দুই বাচ্চা নিয়ে এসে পরবে সেখানে",0,0,0,0,0,0
"বিয়ের আগে সেক্স করার শখ রাখেন আবার বিয়েতে বৌ চান কুমারী, আসুন দাদা পাছায় দুইটা জুতার বারি নিন",1,0,0,0,0,1
খালি পায়ে এসেছে দেখে গার্ড ঢুকতে দেয়নি প্রথমে কিন্তু এদের সংখ্যা ১ না ২ না... ডজনে ডজনে দেখে গার্ড আর কথা বাড়ায়নি,0,0,0,0,0,0
"এর যদি ভিডিও বাহির হয়,প্রভার চেয়ে ও বেশি চিল্লাই বো,",1,0,0,0,0,0
ডাক্তার অজ্ঞান করার ইঞ্জেকশান দেবার আগে মহিলাকে রুটিন প্রশ্ন করলেন;,0,0,0,0,0,0
"সাফা করিমের সব নাটক আমার ল্যাপটপ থেকে ডিলিট করে দিয়েছি। পরবর্তীতে এর সঙ্গে যে নাটক করবে তার নাটক দেখব না। বাকিরা সবাই সাবধান, একজনের জন্য সবাই খারাপ হবেন না।এই খাঙ্কির সঙ্গে অভিনয় করবেন না।",1,0,0,1,0,0
বাংলাদেশের মানুষ ভারতীয় আধিপত্যবাদের বিরুদ্ধে কথা বললে সোচ্চার হতে দেখা যায় তাদের,0,0,0,0,1,0
আল্লাহই জানে এইডা ওই বলদ হাজব্যান্ডের বাচ্ছা কি না অন্য কারোর.,1,0,0,0,0,1
জাকির নায়েক ধর্ম ব্যবসা বন্ধ করে দেওয়াতে এদের ঘুম হারাম হয়ে গেছে।,0,0,1,0,0,0
"যে যাই বলেন,চুদির ভাই আরিফার ছবির স্টাইল কিন্তু আমার সেই লাগে, জিও চুদির ভাই আরিফা",1,0,0,0,0,1
অপূর্ব হালায় মুখ দোষেই শেষ হয়ে যাইবোভাই ভালো অভিনয়ের একটা সীমা থাকা দরকার,0,0,0,0,0,0
মাদারচোদ....তোরে দেখে আমার পায়খানা লাগছে ক্যান বলতো....খানকির পোলা,1,0,0,0,0,1
"এখন তর চেহেরা ফেরাঊনের মত হয়ে যাচ্ছে, নাস্তিকের বাচ্চা নাস্তিক",0,0,1,0,0,1
খেজুরে অনেক সেক্স তাই আরবিরা খেজুর খায়ে একের অধিক বিয়ে করে।,0,0,1,0,0,0
ভারত বাংলাদেশের সাথে খেলার যোগ্যতা রাখে কিনা তা নিয়েই প্রশ্ন আছে। আসুন খেলুন এবং দেখুন বাংলাদেশের রান করার যোগ্যতা আছে কিনা। ভয় পেয়েন না আপ্পায়ণতা ঠিকই করবো।,0,1,0,0,0,0
"আপুরা একটি মেসেঞ্জার গ্রুপ খুলেছি শুধু মেয়েদের জন্য,এড হতে চাইলে ইনবক্সে এ নক দিন",0,0,0,0,0,0
না ওয়েট... হিন্দি সিনেমার মতো চুলের চিকন ক্লিপ দিয়ে তালা খোলার ক্রেডিট আমি নিজে নিলে শ্বশুরবাড়ি আমাকে ভুল বুঝবে,0,0,0,0,0,0
"মান্দার পো মান্দা। অফিস বন্ধ, চাইছিলাম একটু ঘুমাইতে। শুইয়া শুইয়া মোবাইল গুতাইতে গুতাইতে তোর বানঞ্চুদ মার্কা ছবি সামনে আইসা পরছে। তর খোমা দেইখা ঘুম যে কই পালাইছে,,,,বাইঞ্চুদ আর সময় পাইছিলি না ছবি আপ করার??",1,0,0,0,0,1
আজ থেকে বছর আগে আমিনুল ইসলাম বুলবুল একাই তোদের সাথে রান করেছিল।তখন তো তুই নিজেই দলে ছিলে।শালা মালাউন গাঁজা বেশি খাইছে,0,1,0,0,0,0
অনেক অনেক ভালো লাগলোনাটকের গল্পটা যে লিখেছে তাকে অনেক অনেক ধন্যবাদএইরকম একটা গল্প উপহার দেয়ার জন্যওই কথাটা সবচেয়ে ভালো লাগলোহাজারো কথার মাঝে ও নামাজের কথাটা বলা হয়েছে,0,0,0,0,0,0
আমার নিকট নাটকটি এতো ভালো লেগেছে যে আমি নাটকটি খন্ড খন্ড করে দেখেছি যাহাতে নাটকটি ঠিকমত উপভোগ করা যায ধন্যবাদ নাটককের সকল অভিনেতা ও এনটিভিকে একটি সুন্দর নাটক উপহার দেওয়ার জন্য,0,0,0,0,0,0
এগুলো বইয়ের পাতায় কেউ পাবে না... এগুলো তখনই পাবেন যখন একজন তার ব্রেইনটা খাটাবে,0,0,0,0,0,0
ইস্যু দিয়ে টিস্যু ঢাকে তারা হিসু দিয়ে টিস্যু নেয়না যারা ।,0,0,0,0,1,0
নাটকটি বাস্তব মুখি মা বাবা মরে গেলে সংসারে বোন হয়ে যায় কাজের মেয়ে তখন ভাই হয়ে যায় পর আমাদের দেশে নারীর মুল্যায়নটা কম করা হয় সমাজের অনেক কু সংগসকার এখনো পছলিত আছে যা হোক নাটক টি অনেক সুন্দর হয়েছে,0,0,0,0,0,0
ইতিমধ্যে ভারতে বহু মুসলিম নারী শিশুসহ কয়েক হাজার নিহত হবার সংবাদ পাওয়া গেছে। শোনা যাচ্ছে মুসলিম নারীদের নির্যাতন করা হচ্ছে। ভারতের এই গোলযোগময় পরিস্থিতি আমরা টিভিতে দেখছিলাম। এমন সময় নেত্রী হাসিনা আমাকে ডাক দিলেন।,0,0,1,0,0,0
তোর কোন বাবায় নীতিতে সমর্থন করছে দেখ সে হবে মালাউন কাফেরে বাচ্চা।,0,0,1,0,0,1
তুমি কি সুখী হতে চাও না? না চাই না কিন্তু কেন? সুখে থাকলে ভূতে কিলায় আমি কিল খেতে চাই না,0,0,0,0,1,0
বুঝতে পারি নাই নাটক এর এন্ডিং এমন হবে দয়া করে গান টা ফুল দিবেন আবারও ঈদ মোবারক জানাই আমার প্রিয় মানুষ গুলোকে নিশো ভাইয়াকাবিলা জিয়াউল হক পলাশ ভাই অমি ভাই কে,0,0,0,0,0,0
"আরিফ তোর বিচি কেটে ভাগা দিয়ে বিক্রি করে যে টাকা হবে সে টাকা দিয়ে তোর নাকের উপরের পশমগুলো ভ্রু প্লাগ করে দেয়াব জনি সেনকে দিয়ে, আর জনি সেন তোকে পিছন দিয়ে খাওয়াবে গরম আখের রস",1,0,0,0,0,1
শিক্ষনীয় ধারাবাহিক অথচ ঐতিহাসিক বাস্তব ঘটনা সম্বলিত সোলতান সোলেমান নয় বরং ভারতীয় অপসংস্কৃতির অাঘ্রাসন থেকে দেশপ্রেমিক জনগণ মুক্তি চায় এধরণের বিভ্রান্তিকর নিউজ দেখতে চাই না।,0,1,0,0,0,0
"একই কথা ইলামের নামে যারা আন্দোলন করবে আমি বন্ধ করে ছাড়ব ইনশাল্লাহ । নীল কবির কে উদ্দেশ্য দিয়ে বললেন ফেসবুক হ্যাক হয়নি তাই তুই বাদ চাইসিস, নাটক প্রচার কর",0,0,0,1,0,0
"আমাদের প্রসেসরে এই ৭১ এর চেতনা বিল্ট-ইন আছে, থাকবে... থেকে যাবে",0,0,0,0,0,0
যারা গোসের নাম দিয়েছে গিফট মদের নাম দিয়েছে ড্যান্স সুদের নাম দিয়েছে ইন্টারেস্ট যারা তারা মূর্তির নাম দিয়েছে ভাস্কর্য এরাই দেশের নাস্তিক,0,0,1,0,0,0
খুব সুন্দর হয়েছে দেখতে দেখতে কেঁদে ফেলেছি এরকম সময় আর এরকম ছেলে যেন কেউ না পায়,0,0,0,0,0,0
"ফর্সা মানেই যদি সুন্দর হইতো, তাইলে কাচ্চির চাইতে ভাতের দাম বেশি হইতো!",0,0,0,0,1,0
আল্লা তুমি জালিমের জুলুম হইতে সমস্ত বান্দা বান্দির উপর রহমত বসিত কর আমিন।,0,0,1,0,0,0
ফেইলর ইজ দ্য পিলার অফ সাকসেস ! বাংলাদেশ ক্রিকেট টিমের যেডি পিলার জমছে তা দিয়ে পাঁচ টা পদ্মা সেতু বানানো সম্ভব !,0,0,0,0,1,0
ভারতীয় পিপড়া মারলেও ভালো করে প্রচার করিস আর মায়ানমার এর মুসলিম হত্যা করছে আর তরা বলিস্ এই গুলো নাকি মিথ্যা খানকির পোলা ভারতের দালাল,1,0,1,0,0,1
আপনার ধর্মে নারীদের শস‍্যক্ষেত্রের সঙ্গে তুলনা করা হয়। এরকম বর্বর ধর্মকে সন্মানকরে কি লাভ !আর কাল্পনিক জান্নাতে পুরুষ ৭২ টা হুর পাবে আপনি কি পাবেন ?,0,0,1,0,0,0
অসাধারণ খুব ভালো লাগলো অনেক অপেক্ষা করছিতিশা এবং নিশো অনেক ভালোবাসি তোমাদের,0,0,0,0,0,0
"যাহহ ... ব্যবস্থা করে দিলাম; তাদের ভবিষ্যতও যেনও বলতে পারে, ‘আমার আম্মা মারা যাওয়ার আগে একটা স্কুল করে গেছেন’",0,0,0,0,0,0
তোর মা তো যুদ্ধের সময় পাকস্তানে ভালোই আরাম আয়েশ করেছে ।,0,1,0,0,0,0
বাংলাদেশের মিরপুরের মাঠে ভারত রান করতে পারতো না। উড়িয়ে দিত সাকিব আর মেহেদি।,0,1,0,0,0,0
নাটকটা অনেক সুন্দরকিন্তু কিছু কিছু ননদ আছে তারাই ননীর পুতুলআমার ননদের সব জোগাড় করে দিতে হয়উনি নিজেই ননীর পুতুলবেলা ১০টায় ওঠেকিছু বললে হিতে বিপরীত হয়,0,0,0,0,0,0
ঈরানির বুদা জিরানির মত আরিপের বুদা লাল তাবিজ্জা তর বুদা সুদে বানিয়েছে খাল,1,0,0,0,0,1
নিজের অজান্তেই কখন কেঁদে ফেলেছি বুঝতে পারিনিশাহানার খুশি অসাধারণ অভিনয় করেছেন,0,0,0,0,0,0
এই বালডার সাথে আর বাল ছাল গান করছে তোমরা পারো ও দাদা,0,0,0,0,1,0
বলিউড এর বাজার একটু বড় তাই নায়িকা দের জন্য তাই শরীর দেখাচ্ছে পায়েলও,1,0,0,0,0,0
"জাতি হিসাবে যে আমরা কতটুকু নিরলজ্জ, বেহায়া, তা কমেন্টগুলি পড়লেই বোঝা যাবে।।।এই মেয়েটিরও বাবা-মা-ভাই- বন্ধু আছে।।। আমাদের আদব লেহাজ সভ্যতা কিছুই কি আর নেই???",0,0,0,0,0,0
আমার দেখা এই সালের সেরা নাটক অনেক ভালো লাগছে আবার অনেক তবে এরকম নাটকের আশা করি নাটকে যারা অভিনয় করছে খুবই ভালো অভিনয় করছে অসাধারণ,0,0,0,0,0,0
হিমেশ এবং অতিন্দ্র চক্রবর্তীর নিশ্চয়ই কোন স্বার্থ আছে না হলে এত ভালো ভালো গায়িকা থাকতে তাদের ভাইরাল করলেন না ওনারা রাস্তার একটা অকৃতজ্ঞ কে নিয়ে আদিখ্যেতা দেখালেনতাদের এরকম‌ই হ‌ওয়া উচিত,0,1,0,0,0,1
ক্রিকেটবোদ্ধা পাগলটারে বেধে রাখা গেলনা সে শিকল ছিড়ে বেরিয়ে এসে সবার সামনে এসে হাজির !,0,0,0,0,1,0
অসাধারণ ভালোবাসা কেমন জানি ভালোবাসার মানুষটিকে না পেলে সব এলেমেলো হয়ে যায়💔😥,0,0,0,0,0,0
নাটকটিতে ভালো তবে আরো একটু ভালো হতো যদি মিথীলার বাবার অভিনয় যিনি করেছে তার মুখোমুখি যদি অপুর্বর পাইলোট হবার বিষয়টি থাকতো তাহলে আরো চরোম হতো,0,0,0,0,0,0
এইসসব পতিতা। তোদের মাগী বলবেনা। চুদতে দিছ সবাই রে তো মাগী বলবে না তো কি?,1,0,0,0,0,1
অনেকদিন পর কোন নাটক প্রথম থেকে শেষ অবদি দেখলামধন্যবাদ আপনাদের এত সুন্দর একটা নাটক উপহার দেয়ার জন্য,0,0,0,0,0,0
"আবার ওদিকে, যদি শুনি যে; পেঁয়াজের দাম বেড়ে গেছে, সাথে সাথে আমাদের খাওয়াও বেড়ে যায়",0,0,0,0,0,0
ফেসবুকে কিছু ছাগল দেখা যায় সিটির ভিত্রে একশো ত্রিশ এ টানে দুই বাসের চিপায় এদের দেখে আবার কেউ কেউ অনুপ্রাণিত হয় । তারাও ফ্যাটাল এক্সিডেন্টের শিকার হয় ।,0,0,0,0,1,0
আমি কি লিখবো বুজতে পারছিনা যে কোন শব্দ সামান্য হয়ে যাবে আমি হিন্দি মুভি এবং সিরিয়াল দেখতাম কিন্তু আমাদের আনরজাতিক মানের কিছু হচ্চেখুব ভালো বললে কম হবে,0,0,0,0,0,0
"...লেকচার মনে মনে গুছাতে গুছাতে লিফট আবার নিচে নেমে এলো, সবাই বের হলো",0,0,0,0,0,0
কিনা আর তৈরী করা এক নয়। ভারত কিনবে আর আর চীন পাকিস্তান ভারতের গুন সংগ্রহে থাকবে। ভারতকে বিশ্বের মধ্যে নাম্বার গরিবের ভান্ডার বলা হয় সেই ভারতের এত উচ্চাকাংক্ষা ভালোর তো দুরে থাক ভারতের জন্য ধ্বংস ডেকে আনবে।,0,1,0,0,0,0
নাটকের প্রতিটা চরিত্রই খুব ভালো অভিনয় করেছে প্রকৃতিক বস্তবতাটাই নাট্য শিল্পের মাধ্যমেই প্রকৃতিক ভাবে উপস্থাপন করেছে একেবারে হ্র্দয় ছোয়া অভিনয় আপনাদের পুরো টিমের জন্য শোভ কামনা রইল,0,0,0,0,0,0
"আমরা সেটাই বিশ্বাস করবো - সাফা কবিরনতুন এর মতে, জুতা মারো তার নগ্ন হাতে",0,0,0,1,0,1
পৃথিবীর সবচেয়ে নিকৃষ্ট দেশ ভারত পাকিস্তান ইচ্ছা করলেই পৃথিবীর মানচিত্র থেকে রেন্ডিয়াকে চিরতরে ভেংগে দিতে পারে।,0,1,0,0,0,0
প্লিজ ভাই এইগুলা বাদ দিয়া জবারে বলেন করোনার ভেক্সিন্টা আবিস্কার করতে । ঘরে বন্দি থাক্তে আর ভাল্লাগেনা ।,0,0,0,0,1,0
আরিয়ান ভাই বাংালির রোগ ধরতে পারছেআবেগের উপর খেলে নাটক বানায়তার পরও কবির সিং মুভির স্টাইল কপি করা হয়েছেযাই হোক গল্পটা সুন্দর ছিল অভিনয় ও সুন্দর ছিলহোপফুলি মেরিল প্রথম আলো পুরস্কার পাওয়ার যোগ্যতা রাখে,0,0,0,0,0,0
"জোর করে ইসলামকে ধরে রাখবেন,মিথ্যা আপনাদের ব্যানানো রাজনিতি কোরান দিয়ে রাখেন।।।",0,0,1,0,0,0
খু‌শি আপার অ‌ভিন‌য়ে মুগ্ধ আ‌মি বাংলার চিত্র ফু‌টে ও‌ঠে‌ছে নাট‌কে সকল কলা কৌশ‌লি‌দের অসংখ্য ধন্যবাদ আমা‌দের এমন সুন্দর নাটক উপহার দেয়ার জন্য,0,0,0,0,0,0
পিসি হেং করলেও সে যেমন ঠিক করতে পারে... তেমনি কোনও প্রজেক্টে মাস্তানি ঝামেলা হলেও রফিক কৈ?,0,0,0,0,0,0
"কোনো মুসলিম দেশে মেয়েদের বড় চোখে দেখা হয়, জানতাম না, আর বাংলাদেশের সাথে ইন্ডিয়ার তুলনা করবেন না, নেতাজি আর পিয়াজি মনে হয়",0,0,1,0,0,0
রেন্ডিয়ানরা সব মাদারচোদ। বাংলাদেশ থেকে হিন্দু মালোয়ান মেরে তাড়িয়ে দিচ্ছি। হাহাহাহা ভোদাবানের মূর্তির উপর প্রসাব করলেও এখানে হিন্দুরা একটা শব্দও করে না।,1,0,1,0,0,0
নাটকটা অনেক শিক্ষণীয় ছিল আধুনিক যুগের প্রেম নয় যেখানে বিয়েই সবচেয়ে সুন্দর বন্ধন সবই ভাল ছিল তবে তাজনিন আপুর ড্রেসাপ আরো সুন্দর করলে ভাল হত,0,0,0,0,0,0
বাড়ির ঠিক বামে যেই পুকুরটা দেখতেছেন ওটা আমাদের পুকুর ওটা ও একটু প্রমোট করে দেন ওখানে বড় বড় হাঙর মাছ আছে,0,0,0,0,1,0
১৯৭১ সালে নয় মাসে মাত্র ৪০ লক্ষ নারী ধর্ষিতা হয়েছিলেন। এক সাথে থাকলে পুরো চার কোটি নারীর পেটে বাস্টার্ড/বেজন্মা সন্তানে সারা দেশ ভরে যেত।,1,0,0,0,0,0
"প্রেম কে সন্মান দিতে শিখ, কাম কাম বলে কাম এর প্রতি এত ঘৃণা দেখাস কেন , কাম এর ফলেই এ জগৎ তুই আমি সবাই",0,0,0,0,1,0
যারা হিরু আলম কে চিনে না। তাদের কে ১০০ টা জুতার বারি দেওয়া হোক।,0,0,0,1,0,1
অনেক অনেক ভালো মানের একটা নাটক কিছু কিছু সময় ভিন্নধারা নাটক গুলা জীবনের জন্য কিছুটা আনন্দ আর কিছুটা শিক্ষা,0,0,0,0,0,0
আজকে আর্জেন্টিনারর খেলা।স্লা ভোক্সদোচ তুরে কে বলসে এই কুফা মুখটা নিয়া পিক দিতে,1,0,0,0,0,1
অসাধারণ পুরাই স্পীচলেস হয়ে গেছিপ্রত্যেকের অভিনয় ও পরিচালনা এবং গল্প সব অসাধারণ,0,0,0,0,0,0
আজ কোথায় সেই তথাকথিত মানবাধিকার সংগঠন. এটা কি নারী নির্যাতন নয়. ধিককার জানাই তাদের,0,0,0,0,0,0
মামা হিরো আলমের সামনের মাসে কিছু সিংঙ্গীত বের হবে দেখে ডেট ফিক্স করব ।,0,0,0,0,1,0
কমেন্ট গুলো পড়ে কিছু ভালো মনের মানুষ চেনা গেলো ধন্যবাদ নির্মাতা ও কুশীলব সবাই কে,0,0,0,0,0,0
বস আপনার কোন তুলনাই হয় না এক কথায় অসাধারণআশা করি সব সময় আনন্দ দেয়ার চেষ্টা করবেন,0,0,0,0,0,0
তরা ভালো করেই জানস সরকার বিরুদী কমেন্ট করলে লাইক পাওয়া যাবে তাই গাজা খেয়ে কমেন্ট করচস কারন তদের দৌর ফেচবুক পর্যন্ত,0,0,0,0,1,0
তোরা সেখানে হিন্দুদের নির্যাতন করবি আর এদিকে ভারত সরকার কোটি বাংলাদেশি ভারত থেকে বের করা শুরু করে দিয়েছে,0,1,0,0,0,0
অামার কাছে এই নাটক টা অনেক ভালো লাগে অামি অনেক বার দেখেছি তার পরে ও ভালো লাগে,0,0,0,0,0,0
নাটকটা দেখে লাস্টে কলিজার মধ্যে দাগ লেগে রইল অনেক সুন্দর,0,0,0,0,0,0
মনে পরে গেলো সেই প্রথম প্রেমের দিন গুলা সত্যি অনেক সুন্দর হইছে নাটক,0,0,0,0,0,0
"ট্যাকনিকে কোপ মারে; মাংসের একটা অংশ উড়ে যেয়ে তার সিক্রেট ব্যাগে ঢোকে, আরেকটা অংশ উড়ে যেয়ে তার লুঙ্গির ভাঁজে ঢুকে ... আর সবচেয়ে ছোট অংশটা সে আমার গামলায় রাখছে",0,0,0,0,0,0
মেনে নিলাম হাজার হইলেও দাদা কইছে। তয় দাদা বাংলাদেশ রানে অলআউট হলে ভারত এই পিচে অলআউট হোত,0,1,0,0,0,0
"একজন হিন্দুর প্রার্থনা তার মৃত্যু যেন হয় জয় হরি, জয় হরি বলে আর একজন আওয়ামীলীগের প্রার্থনা তার মৃত্যু যেন হয় জয় বাংলা, জয় বঙ্গবন্ধু বলে",0,0,0,0,1,0
দোকানেরই দোষ ছিল...কারণ মেঝেতে পানি পড়ে ছিল দেখে সে পিছলে গেছে,0,0,0,0,0,0
"কিরে খানকির পোলা এই কথাগুলোর মধ্যে রাষ্ট্র বিরোধী ষড়যন্ত্র কই বলছে, তোর মার ভোদা বেশ্যা মাগীর পোলা",1,0,0,0,0,1
"আগে মেয়েদের বিয়েতে বান্ধবীরা বলত যা করে করতে দিবি কিছু হবে না, আর এখন বলে জোরে জোরে চিল্লাবি যাতে বুঝতে না পারে আগে অনেকবার খেলছিস",1,0,0,0,1,0
হারিয়ে যেতে ইচ্ছে করে অনেক দূরে যেখানে রয়েছে তোমার ভালোবাসার সূখের নীড় আর সেই নীড়ে কাটিয়ে দিতে চাই শত জনম আমি কল্পনার সাগরে ভেসে চলে যাব যাব তোমার হৃদয় সৈকতে তুমি দিবেনা ধরা,0,0,0,0,0,0
প্রথম আলো পাব্লিকের গালাগালি মন দিয়া পরে আবার ছ্যাব্লার মত সেম নিউজ লেখে । এই নিউজটা ভালো হইছে । এরকম মাঝে মাঝে ভালো নিউজ দিয়ে আমাদেরকে ধরে রাখে হা হা ।,0,0,0,0,1,0
রোজা আছি বলে আজ বাইচ্ছা গেলি ভোগচোদ আরিপ্পা ভাই তোর কাছে মিনতি করতেছি অন্তত পক্ষে রোজার মধ্যে তুই দিনে ছবি আপলোড দিছ না,1,0,0,0,0,1
"আরিফ তুমি মাইয়ার চ্যাটের বাল
হিজারা তাবিজের চুইদ্দা উঠাও গোয়ার ছাল।",1,0,0,0,0,1
"এখন আমরা বিদেশেও রপ্তানি করতে পারি বলতে থাকা প্রধানমন্ত্রী, এদিকে না খেতে পেয়ে ডাস্টবিনে খাদ্য খাওয়ারত ক্ষুধার্ত মানুষ",0,1,0,0,0,0
"আমি বললাম, ‘কি ব্রাদার নতুন আসছেন লাগে... রাজাবাজার চিনেন না?’",0,0,0,0,0,0
কোনো নাটক এরকম দেখি নাই যেখানে নামাজ পড়ার কথা বলা হয়েছে বাট এই নাটকে নামাজের প্রতি তাগিদ এর কথা বলা দেখে আমি অনেক খুশি অনেক ভালি লাগলো নাটক টি,0,0,0,0,0,0
অসাধারণ একটা নাটকসব ভালোবাসা পূর্নতা পাবে এমন তো কোনো কথা নেইদূর থেকেই ভালোবাসা যায়,0,0,0,0,0,0
মুমিনুল মুশির ঝুটির কল্যাণে ব্যাটিং এ আপনার অভাব টা বুঝা না গেলেও বোলিং আর কেপ্টেন্সি তে আপনার অভাব টা হারে হারে টের পাচ্ছে বাংলাদেশ ।,0,0,0,0,1,0
নাটক দেখার পরে অবচেতন মনে কখন যে চোখ দিয়ে পানি পড়লো বুঝতে পারিনি খুব ভালো লাগলো নাটকটা এমন নাটক আরো আরো আরো দেখতে চাই,0,0,0,0,0,0
অসাধারণ কাহিনি টা অনেকটাই বাস্তব মনে হলোপাওয়া না পাওয়ার কাছে ভালবাসা ভালো লাগাটা বিলীন হয়নি ভালবাসা এভাবেই হওয়া উচিত,0,0,0,0,0,0
পইচা গেছেন জনগণ জুতায় হাগু লাগাই পিটাইবে রাস্তায় বের হইয়েন। নাস্তিক কোথাকার পরকার বিলিভ করেনা সেটা নাকি চোখে দেখেনা তাহলে আপনি আপনার আব্বার বিয়ে ও দেখেন নাই সেটা কিভাবে বিলিভ করেন আপনি তাদের জন্ম দেওয়া বেওয়ারিশ প্রডাক্ট,0,0,1,1,0,0
"আশেপাশে যাকেই দেখছে, তাকেই তার নজরুলের মতো লাগছে... ব্যাপারটা কি!",0,0,0,0,0,0
"বয়স যখন ৮, তখন গ্র্যান্ড-মাস্টার জিয়াউর রহমানকে হারিয়ে দিয়েছিল এই ক্ষুদে ফাহাদ",0,0,0,0,0,0
সময় একদিন আসবে অপেক্ষায় আছে পুরো জাতি ।বাংলার জমীনে একদিন সত্যিকারের রাজাকারদের বিচার হবে । তাদের না পেলে যারা তাদের উত্তরসূরি থাকবে তাদেরকে বিচার করা হবে ।,0,1,0,0,0,0
আরিযান ভাই কে বলতে চাই অসাধারণ একটা নাটক ছিলো মনে হচ্ছিল আমার জিবনের গল্প টা চুরি করেছেন আপনি আসলেই অসাধারণ,0,0,0,0,0,0
আমার ১০০ টা ব্যাগই আছে... আমি চাই এগুলো তাড়াতাড়ি শেষ হয়ে যাক কারণ আমি নতুন ব্যাচ (প্রোডাক্ট লাইন) নামাব ব্যাগের... তখন এই অফার দিবো,0,0,0,0,0,0
"আল্লাহ যদি নিরাকার হয় তবে কেন কাবাঘরে গিয়ে শূকরের মত গামলার ভিতর মাথাটা ঢুকিয়ে কয়েকটা ছোট পাথর কে  চুষাচুষি , চুমাচুমি লেহালেহি চুয়াচুয়ী কেন ।",0,0,1,0,0,0
অল্প বয়সে উটলে বাল তার  দুঃখ চিরকাল (ভারতের ছেলেরা+মেয়েরা ),0,0,0,0,1,0
প্রমথ আন্তরিক ধন্যবাদ লেখক মিজানুর রহমান আরিয়ান ভাইএত সুন্দর একটা নাটক লেখার জন্যআজ আমি এত হ্যাফি যে কাউকে বুঝাতে পারবোনাবেশি বেশি মিচ করি আমার পছন্দের মানুষ গুলাকে যদি ক্ষমতা থাকতো ভালো লাগার মানুষ গুলার সাথে একটা বার দেখা করতাম,0,0,0,0,0,0
আমরা অতীত ভুলে যাই। সাল বাংলার মানুষ জিবন বাচানোর জন্য ভারতে আশ্রয় নিলো।আজ রুহিঙ্গা মুসলিমরা যখন আমাদের কাছে আশ্রয় চায় আমারা তাদের ফিরিয়ে দেই।আমারা বড়ই স্বার্থপর জাতি।।।,0,1,0,0,0,0
"কয়দিন পর শুনবো,অমুক নেতার খাটের নিচে অত বস্তা ধানের বীজ পাওয়া গেছে।।",0,1,0,0,1,0
ভালবাসা এমনিই যাকে ভালবাসা যায় যত কিছুই হোক ভালবাসার মানুষ টাকে লাগবে আসলে ভালবাসাটা এমন ২০১৯ সালের সেরা নাটক অসাধারণ মেহজাবিন আপু,0,0,0,0,0,0
"মুসলিমের পূজা উদ্বোধন করা, হিন্দুদের কোরবানির ঈদের আয়োজন করার মত",0,0,1,0,1,0
"চুদির বেটার কষা হাগা হইছে।
উপরের দিক তাকাইতে পারতাছে না",1,0,0,0,0,1
সাজু হালারে কেও ধইরা (তেরে নাম) এর পাগলা গারদ এ ভর্তি করায় দিয়ায়।,0,0,0,0,1,0
হিন্দু বা কাফের দের সাতে হাত মিলিয়ে সারা দুনিয়াতে ফেতনা লাগায়ে নিজেরা শেষ হয়ে জাচ্ছে,0,0,1,0,0,0
পরি মনির ছবিতে মনের মাধুরী মিশিয়ে একটা কমেন্ট করেছিলাম । আমার আত্মীয় বন্ধু বান্ধব সবাই সেই কেমন্ট দেখে ফেলেছিল । এরপর একমাস আমি ফেসবুকে আসতে পারি নাই । তাই আজকে আর কিছু বললাম না ।,0,0,0,0,1,0
থ্যাংক ইউ সো মাচ আরিয়ান আপনার মেধা দিয়ে আপনি আরো সুন্দর গোছানো এই ধরনের নাটক তৈরি করবেন আর নিশো মেহজাবিন অসাধারণ,0,0,0,0,0,0
আমার জীবনের সব পরিকল্পনা পালটাই দিছে এই নাটক ভাল লাগলো অনেক ভাল লাগলো,0,0,0,0,0,0
কিছুদিন আগেও বাংলাদেশ দখলের হুমকি দিয়েছে এ্ই লোকটা । তারপরেও নিলজ্জটা কোন মুখে বাংলাদেশে আসে? এর জন্য ই ভারতকে পা চাটা জাতি বলে,0,1,0,0,0,0
আহ যদি প্রথম আলোর আবুল সাংবাদিক ভাইয়ের প্রেম বিয়ে ও দম্পতি র ঘটনাটা এই লিংকে ঢুকে জানতে পারতাম ! সফল হতাম,0,0,0,0,1,0
"সাফা তোর প্রোফাইল নিয়া এবার লাফা, তোর ফেসবুক আইদি অলরেডি ভ্রা খাইছে। তারপর এখন তুই গিয়া গলায় একটা কলসি ধেঁদে বুড়িগঙ্গায় দিয়া ডুবে মর",0,0,0,0,0,1
ঘাড় ধাক্কাদিয়ে এগুলারে বের করে দেওয়ার জোর দাবি জানাচ্ছি । যেখানে মানুষের হাহাকার বইছে সেখানে এরা ফাজলামো করছে ।,0,0,0,0,1,0
"আমি যদি এখন তাকে ফলো না করে, আমি নিজের মতো ড্রাইভ করা শুরু করি...",0,0,0,0,0,0
"...গেটের বাইরে দাঁড়িয়ে ছেলের সাথে গপ্প দিচ্ছে, এমন সময় ডাক আসলো ভিতর থেকে নজরুলের বাপের",0,0,0,0,0,0
"আসলই এই নেরি কুত্তার মূল উদ্দেশ‌্যহল ইসলাম দর্মকে আঘাত করা ,,,, 
জাপাানে মানুষের উষ্টালাথি খাইতে খাইতে তার আর ভাল লাগেনা, আবার দেশেও আসতে পাড়েনা, তাই এখন পাগলা কুত্তাহয়ে গেসে।",0,0,1,0,0,1
অসাধারণ ছিল নাটক টানামাজের জন্য মন টা আরো বেশি বেশি কাদছেঅসাধারণ ম্যাসেজ আর প্রিয় পরিচালক প্লাস প্রিয় জুটি সাথে কামাল পলাশ,0,0,0,0,0,0
এই নাটকের জন্য অনেক ওয়েট করছি হুমম অসাধারণ নাটকলাইক কমেন্ট সব করেছি,0,0,0,0,0,0
নাটক টা খুব ভালো লেগেছে খুব কস্ট লেগেছে দেখে দোয়া করি এমন ভাবে যেন কোন বোন তার ভাইয়ের বোঝা না হয়,0,0,0,0,0,0
"আরিপ্পা ফ্রিল্যান্সিং কি তুই বুঝস, তর মত আরিপ্পা যদি ফ্রিল্যান্সিং এর কাজ জানতি তুই কি আর হুগা মাইরা কি টাকা ইনকাম করতি",1,0,0,0,0,1
ইনড়িয়া মুসলিম রাষ্ট ছিল থাকরে-- জারা ইয়াহুদি কাফের হান্দু হয়ে গেল - তাদেরকে মোসসলমান বানাতে হবে,0,0,1,0,0,0
মাগীর বাচ্চা তোর আম্মি চুদাবি নাকি? খানকির বাচ্চা আয় তোর বোনকে নিয়ে সালা কাংলাদেশে,1,0,0,1,0,1
"একজন শার্ট-টাই পরা লোক জোর করে পথশিশুর মার্বেল কেড়ে নিচ্ছে, বিষয়টা খুব একটা সুখকর না",0,0,0,0,0,0
অনেক দিন পর মনের মত একটা নাটক দেখলাম অসাধারণ হয়েছেআমার মতে ২০১৯ সালের সেরা নাটক এটি কি বলেন সব,0,0,0,0,0,0
"তারপরেও, এই মেয়ের সাথে আমি সারাজীবন এক মশারির নিচে কাটিয়ে দিতে পারব",0,0,0,0,0,0
"আমি বললাম, ‘আমি তো বলি নাই আপনি হাঁটা বাবা... আমি জাস্ট বলেছি বাবা... আপনি সিল্ক-বাবা হতে পারেন... বিস্কুট-বাবা হতে পারেন ... দুধ চা বাবা হতে পারেন... বাট আপনার মাথায় হাঁটা-বাবার নাম আসলো কেন?’",0,0,0,0,0,0
বিমানে তুইল্লা হ্লার পুতেরে পু মারার দরকার যাতে পরে যাওয়ার ভয়ে পু মারা দিতেই থাকে দিতেই থাকে,1,0,0,1,0,1
অমি ভাই প্রথম কাজটাই ফাটিয়ে দিলেনদারুণ শুরুতবে সবারই অভিনয় ভাল ছিলোএক কথায় ভাল্ল লাগছে,0,0,0,0,0,0
বাংলা দেশের জুতার বারি খাই এই বেডা ঠিক হইছে না তাই ভারত গিয়া the on and only সেন্ডেলের বারি খাইতে বন চাইছে আবার কেমন বেহায়া বাংলাদেশী জুতার বারি গুলা আবার দেখায়তেছে,0,0,0,1,0,1
"লাইফ একটা গ্রাফের মতো... একটা সময় পর্যন্ত বয়স বাড়ায়ে বলি... আবার বয়স একটা পিক পয়েন্টে পৌঁছে গেলে, সবাই বয়স কমাই",0,0,0,0,0,0
রাজাকার ভাতা দেওয়ার জন্য সরকারকে অামি অনুরোধ জানাচ্ছি দেখি দেশে কয়জন মুক্তিযোদ্ধা পাওয়া যায়,0,0,0,0,1,0
পশ্চিম বংগের লোকেরা খুবই খারাপ। সারা ভারতের লোকেরা এদের ঘৃণার চোখে দেখে। পশ্চিম বংগের অধিকাংশ হিন্দুদের আদিবাড়ি বাংলাদেশে। এর মহান মুক্তিযুদ্ধের সময় পাকিস্তানিদের ঝাটার বারি খেয়ে এরা এদেশ থেকে ভেগেছে। ভারতের অন্যান্য রাজ্যের লোকেরা এদেরকে ছোটলোক বলে গালি দেয়।,0,1,0,0,0,0
নাটকেপ নাম জয়েন ফ্যামিলি না বলে বিন্দাবন ফ্যামিলি দিলে ভালো হতো,0,0,0,0,0,0
এই প্রথম কাজল আরেফিন এর নাটকের শেষ টা অসাধারণ হইছে,0,0,0,0,0,0
"ফারিয়া তুমি ভারতে চলে আস, এখানে টলিউড আর বলিউডে ওখানের থেকে অনেক সন্মান ও টাকা দুই পাবে।",0,0,0,0,0,0
প্রথমেই পরিচালককে অনেক ধন্যবাদ এত সুন্দর একটা নাটক উপহার দেয়ার জন্যবেশির ভাগ নাটকে আমরা অভিনেত্রীঅভিনেতার ছ্যাবলামি দেখি সে তুলনায় এটা একটু আলাদা এই নাটকে হাসি আনন্দ বেদনার ছাড়াও একটা বার্তা আছে যা অন্য সব নাটকে দেখা যায়নাপরিশেষে শুভকামনা রইল,0,0,0,0,0,0
নাটকটা দেখে সত্যিই একটা লাইক আর একটা কমেন্ট না করে থাকতে পারলাম নাঅসাধারণ ছিলো নাটকটাধন্যবাদ মিজানুর রহমান আরিয়ান ভাই এতো সুন্দর একটা নাটক উপহার দেওয়ার জন্য,0,0,0,0,0,0
এ দেশে ইসলাম আছে থাকবে ইনস্সাল্লা কেই জদি ইসলামের সাথে লাগতে আসে দাহলে তাকে আমরা ছারবো না,0,0,1,1,0,0
"ব্যবহারে বংশের পরিচয়, ভাষা ভালো না করলে মুখ ভেঙে যেতে পারে!",0,0,0,0,0,0
"এরে চুদিরপুত তোরে তো প্রতিবন্ধির মতো লাগের কোন হালার পুতে তোরে
ফ্যাশন শোতে লইছে ওর ব্যবসা এইবার
বিত্তে জাইবো",1,0,0,0,0,1
"আমরা সবাই পাপী,,নিজের পাপ ঢেকে রেখে,অন্যের পাপ মাপি",0,1,0,0,0,0
"লোক দেখানোর বহিষ্কার হলে হবে না,ও মহিলা যে আমাদের জন্মভুমিতে পা রাখার সুযোগ না পায়",0,0,0,1,0,0
বঙ্গবন্ধুর রাজনীতি ইচ্ছে ছিল মানুষকে মুক্তি করা অভাব অনটন দূর করা একটা সোনার বাংলা মানুষের অধিকার ফিরিয়ে দেওয়া গোলাম রাব্বানী এবং ছাত্রলীগ সাংগঠনিক উদ্দেশ্য হল দেশটাকে লুট করে খাওয়া,0,0,0,0,0,1
সানাইয়ের দুধের ফাঁকে  মাল পালামু কতো টাকা খরচ সহ  লাগবে জানাবেন,1,0,0,0,0,0
বৌদ্ধরা অতি ভালো। তাইতো অসুস্থ পশু হয়ে যায় সাধনা করতে করতে। এরা বার্মার হিন্দুগুলো আগেই তাড়িয়েছে ভারতে। কিন্তু মোসলমানগুলো যাবে কই?,0,0,1,0,0,0
নিশো ভাই এর মানে অসাধারণ কিছু ধন্যবাদ নিশো ভাই আর পরিচালক কে এত সুন্দর একটা নাটক উপহার দেওয়া জন্য নিশো ভাই এর কথা গুলো মন ছুয়ে গেছে ধন্যবাদ,0,0,0,0,0,0
কিছু বলার নাই এক কথায় অসাধারণ ছিলো এই প্রথম আমি নাটকে কমেন্ট করলাম কমেন্ট না করে পারলাম না,0,0,0,0,0,0
"ভয় পেলেই আপনি পরাজিত, সেই জন্যই ওরা আপনাকে ভয় দেখায়",0,0,0,0,0,0
আসলেই সুন্দর নাটকজীবনের প্রথম ভালোবাসা কখনো ভোলা যায় না খুব সুন্দর নাটক এটি,0,0,0,0,0,0
"সে কোরআন মানে না।আর কোরআন লিখা হয়েছে আরবি ভাষায়, তো কাফের শব্দটা যেহেতু আরবি সেহেতু হিন্দুদের মানার কি দরকার",0,0,1,0,0,0
ভাই সরকারকে দোষ দিবেন না সরকারের কারণেই আপনারা এখনো মায়ের কোলে আছেন ভারতে সংখ্যা লগু মুসলমানদের উপর যে অত্যাচার হয় বাংলাদেশে সেই ধরনের পরিস্থিতি এখনো হয় নাই,0,1,0,0,0,0
আপনার মতো ভারতের বেজন্মদের দালালি করতে কে বলেছে । আবালচোদা পাবলিক আপনার মত আছে এইদেশে অনেক ।ভারতের ভিখারিরা কিসের খোটা দিবে ওরা তো ভিখারির বাচ্চা ।তা ভারতের ভিখারিরা এইদেশে কাছে ভিক্ষা চাচ্ছে । দুই পয়সা দিয়ে দিলেই তো হয় ।,1,0,0,0,0,1
প্রথম প্রেম কি আসলেই ভোলা যায় না নিজের বৌকে জড়িয়ে ধরে সাবেক প্রেমিকা ও আরেকজনের বৌ এর ছবি দেখা টা কি খুব বাস্তব,0,0,0,0,0,0
রানুর মতো একটা ভিখারি যেমন পায়ের জুতো অনেক দামি হলেও তাকে কেউ মাথায় তুলে রাখে না তেমন তার মতো একটা ফালতু শিল্পীকে পাপসের মতো পায়ের নিচে রাখায় উচিত,0,0,0,0,0,1
ভারতীয় সেনাবাহিনী আর বিএসএফ কি এতই দুর্বল যে বর্ডার পার করে এসে পাকিস্তানিরা হামলা করে আবার চলে যায় ও আচ্ছা এইবার বুঝলাম বিএসএফ তো শুধু বাঙালীদের সাথেই পারে,0,1,0,0,0,0
"কারণ, সে সামনের গাড়ির কারণে গর্ত দেখতে পারছে না... আর তাই, প্রথম গাড়ি যা করছে, সরল বিশ্বাসে সে তাই করছে",0,0,0,0,0,0
ভাই নামাজের দাওয়ার দিয়ে যে ট্রেন্ড চালু করতে চাচ্ছেন খুবই ভাল লাগল,0,0,0,0,0,0
সময়ে সেরা জুটি নিশো+তিশাকালা যশ্যা থাকলেতো কথাই নাইনাটকটা দেখতেই হবে,0,0,0,0,0,0
"একটু আগে মাথায় আসলো, কায়কবাদের প্রকৃত নাম কাজেম আল কোরায়শী",0,0,0,0,0,0
আরিপ ভন্ডু ঈদের জন্যু কুন মেহেদি ভালো হবে তুমি পুটকিতে থুক্কু হাতে লাগিয়ে জানাবা আমার আন্টির ছোড মেয়ের জন্যু কিনুম,1,0,0,0,0,1
সাকিব সারাবছর ডাক মারলেও তবু একদল এলিয়েন বলবে সাকিব সেরা । অন্যদিকে আশরাফুল এত ভালো পারফরম্যান্স করেও দলে জায়গা পায় না,0,0,0,0,1,0
সাবমেরিন এনেছি তাতে ভারতের কি আমাদের যা ইচছা নিব তাতে ভারতের কি,0,1,0,0,0,0
কুরআনের আয়াতের খন্ড করে মানসিক বিকৃত মনস্করা কিভাবে বিপদগ্রস্ত হচ্ছে তা দেখে অবাকই হলাম।,0,0,1,0,0,0
এই পুচকে ২০১২ সালেই দিল্লীতে ‘এশিয়ান স্কুল দাবায়’ চ্যাম্পিয়ান হয়ে ৩টি পদক নিয়ে ফিরে আসে,0,0,0,0,0,0
"আমি বাপ হইছি তুই বাপ হইছো তো কি হইছে, আমি ভগবান হইছি",0,0,0,0,0,1
খুব সুন্দর হয়েছে অপু বাই হাপনাদে কাছে আরো সুন্দর সুন্দর অবিনয় চাই,0,0,0,0,0,0
অসাধারণ আমার কাছে অভিনয় মনে হয়নি বাস্তব ঘটনা মনে হল,0,0,0,0,0,0
সত্য কাহিনী তুলে ধরা হইছে গ্রাম বাংলার অসাধারণ ছিলো সব কিছু,0,0,0,0,0,0
এসব মহিলার  দরকার  বাংলাদেশের সবচেয়ে ভালো রড  বি এস আর এম মানে   পাকনা  রড,1,0,0,0,0,1
বিকাশ থেকে কল করছি বলে যখন প্রতারকরা ফোন করে তখন আমি বলি - কুত্তার বাচ্চা ফোন রাখ,1,0,0,0,0,1
"গতকাল অফিস শেষে বসে, সব পাসওয়ার্ড একটা মাইক্রোসফট ওয়ার্ড ফাইলে লিখে, সেটা পাসওয়ার্ড প্রটেক্ট করে রেখে দিলাম",0,0,0,0,0,0
আমার মনে হয় রাহুল ভাইয়ের এই পাগল হিন্দু দের সাথে কথা বলা উচিৎ না কারণ  সে সুদু বলতে  এসেছে  সে সুনতে আসেনি,0,0,1,0,0,0
মাগি মা তো লাইফে আসেনা মাগি না হলে লাইফে কন ৷,1,0,0,0,0,1
"এই শালিকে একন ভাল করে চুদাতে হবে পা কাদে নিয়ে খানকি,",1,0,0,0,0,0
মাথার উপর তীব্র রোদ লাগে ভীষণ গরম সালমানকে আমি ভালোবাসি বলতে লাগে শরম ৷,0,0,0,0,1,0
হুমায়ুন আহমেদ ঠিক কথাই বলে গেছেন এদেশের সুশিল রা আর সব ধর্মের পক্ষে কথা বলা টাকে ক্রেডিট হিসেবে নেয়.. আর ইসলাম ধর্মের ব্যাপারে চুলকানী দেখাতে পারলে বাঁচেন।,0,0,0,0,0,0
আমার জীবন আমার কাছে আমার জীবনের উপর কাউকে অধিকার দেইনি আমি এটা আমার  একান্ত ব্যক্তিগত আপনাদের ধর্ম আপনারা করেন,0,0,1,0,0,0
"ওর আইডিতে রিপোর্ট মারো সবাই।
ওর হুগার ভিতর কুত্তারডারে ডুকাই দিতে মন চাই।",1,0,0,0,0,0
"তাবিজের টেপার চোটে যে তোর দুধ বড় হয়ে গিয়েছে সেটা জাতিকে জানানোর এতো তাড়া ছিল???হোগা মারা খেয়ে তো পা কে সোজাই করতে পারছিস না!!সাবধানে বেটা,কোলনে ঘা যেন না হয়ে যায়",1,0,0,0,0,1
"আমার মেয়ে একটা ব্রাউন কালারের উডল্যান্ড জুতা আমার কাছে এনে ফিসফিস করে বলে, ‘এই নাও... এখন কি করব? কাকে হেন্ডওভার করবে করো’",0,0,0,0,0,0
"সে এদিক ওদিক তাকিয়ে লুঙ্গি দিয়ে চোখ মুছতে মুছতে বলল, ‘আপনের সমইসসা কি?'",0,0,0,0,0,0
মায়ান মারে মুসলিম মেরে শেস করে ফেলল তার কোন খবর নাই ভারতে ট্রেন দুর্ঘটনায় হিন্দু মরেছে কিনা তা নিয়ে সরকারের মাথা বেথা হাসাইলি মুরে হহহহহাহাহা,0,1,0,0,0,0
আমি ছাদ বাগান করি ৷ আমি পাশাপাশি লেখাপড়া করি ৷ আপনাদের সবার সহযোগিতা চাই ৷ পাশে থাকবেন ৷ পাশে থাকবো আমিও ৷,0,0,0,0,0,0
কিং কং এর মত কিল দিল বাপ্পে বাই ! উনার উপরে কি মাঝে মধ্যেই গরিলার রুহ ভর করে !,0,0,0,0,1,0
"বর্তমানটা কেউই ভাবছি না; সে দেখতে চোরের মত হেংলা  না... দেখতে অনেক স্মার্ট... টাই পরে, স্যুট পরে, চশমা পরে... আবার ভুরিও আছে",0,0,0,0,0,0
কন্টিনিউ রিডিং' এ ক্লিক করার পর কয়েক টা লাইনের স্ট্যাটাস দেখে হতাশ হয়েছি!,0,0,0,0,0,0
আসিতেছে । ? মাশরাফি বিন মর্তুজা পরিচালিত মোস্তাফিজুর রহমান সহ পরিচালিত সাকিবুল হাসান অভিনীত মুশফিকুর রহমান প্রযোজিত নাসির হোসেন নিবেদিত সৌম্য সরকারের উপস্থাপনায় রুবেল হোসেন এর কারিগরি সহায়তায় নির্মিত মওকা মাল্টিমিডিয়ার শ্রেষ্ঠ আকর্ষন পূর্নদের্ঘ্য বাংলা ছায়াছবি বাংলা বাঁশ,0,0,0,0,1,0
যদি কখনো সুযোগ পাই বৃন্দাবন দাসের নাটকে অভিনয় করতে নির্দ্বিধায় রাজি হয়ে যাবো৷ উনাকে নিয়ে কিছু বলার নাই ফ্যামিলি ড্রামা হোক কিংবা কমেডি সবকিছুতেই সেরাটাই উপহার হিসেবে দিয়ে এসেছেন,0,0,0,0,0,0
মাওলানা নিজামীল রিভিউ খরিজের আগে ভারতীয় হাইকমিশনারের বৈঠক প্রধান বিচারপতির সাথে ফাঁসির পর হাসিনাকে আমন্ত্রণ,0,1,0,0,0,0
আমাদের বাংলাদেশের মহান মুক্তিযুদ্ধের সময় সংকট কালে ভারত আমাদেরকে আশ্রয় দিয়ে সাহায্য করেছিল তাই এখন অন্ততঃ মানবিক দিক থেকে বিবেচনা করে রোহিংগাদেরকে এখন আমাদের আশ্রয় দেয়া উচিৎ।,0,0,0,0,0,0
স্ক্রিনশট নিয়ে রাখলাম । ঈদের পর সবাই গেট টুগেদার প্ল্যান আছে আমার বিল তুই দিবি তাইলে,0,0,0,0,0,0
ভারতীয় দালালদের প্ররোচনায় পীচটিভি বন্ধ করা উচিৎ হয়নি।এখনো সময় আছে সামাজিক অবক্ষয় থেকে দেশকে বাচাঁতে হলে স্টার জলসা স্টার প্লাস জিবাংলা মার্কা বিজাতীয় চ্যানেল গুলো বন্ধ করে পীচটিভি চালু করুন।মানুষ ধর্ম সম্পর্কে সত্যটা জানুক।,0,1,0,0,0,0
সব কিছুই ঠিক আছেকিন্তু ১০ বছর এর ছেলে কলেজে যাওয়াআর বর কে বুড়ো বয়সে থাপ্পর মারতে চাওয়া এগুলো মানতে পারি নিতা ছাড়া বাকি সব,0,0,0,0,0,0
নির্বাচন বিহীন ভারতীয় দালালদের মদদে মন্তী হইছ। তাদের জাতীদের সুরক্ষার জন্য আইন করা তো তোমাদের জন্য জরুরী হয়েপড়েছে। অন্য দিকে পার্শ্ববর্তী দেশ মিয়ানমারে মুসলমান মাইরা ছাই কইরা ফালাইতেছে দেখারত নাই বলারও কেউ নাই হায়রে কপাল পোড়া মুসলিম জাতী,0,1,0,0,0,0
"অথচ, এই দেশের সেলুনগুলোতে কি চমৎকার ভাবেই না মাথা বানাতে পারে টাইপ কিছু মানুষ আছে",0,0,0,0,0,0
আপু তোমার নাটকে মুভমেন্ট টা অনেক ভালো ছিলনিসু ভাইয়াকে অনেক ধন্যবাদ এইরকম একটা নাটক আমাদের উপহার দেওয়ার জন্য,0,0,0,0,0,0
মোদিকে খারাপ বলোনা হয়তো মোদি ইসলামের ছায়াতলে আসতে পারে আমার ধারনা তাই বর্তমান ভারতের প্রধানমন্ত্রী নরেন্দ্র মোদি সাহেবকে ইসলাম কবুল করে ইসলামের শুশীতল ছায়াতলে এসে সুন্দর জীবন গড়ার আহব্বান করছি।,0,0,0,0,0,0
সবার অভিনয় ভাল্লাগছে বিশেষ করা মুটো ভাইয়ের অভিনয় অসাধারণ হয়েছে সব মিলিয়ে খুবই সুন্দর নাটক এরকম সুন্দর নাটক আমরা সবসময় চাই,0,0,0,0,0,0
বান্নাহ ভাইএই নাটক টায় সমাজকে ম্যাসেজ দিয়েছেনবান্নাহ ভাই এই নাটকে ঘুষ ও দুর্নীতি ও খারাপ লোক দের খুব সুন্দর ম্যাসেজ দিয়েছেননিশো ও তিশা ভালো অভিনয় করেছে,0,0,0,0,0,0
নাস্তিকরা এখন আমাদের জ্ঞান দেয় নাস্তিকের গালে জুতা মারি তার সাথে আবাল সাংবাদিক কে,0,0,1,1,0,0
নাটক টা এতো ভালো জে বার বার দেখতে মন চায়৷,0,0,0,0,0,0
এত সুন্দর নাটক এ যুগে আর একটাও নেই অনবদ্য অভিনয় আর নির্মানশৈলী,0,0,0,0,0,0
উ উ ওইযে দেখলাম তো জামালপুরে রাজাকারের বাচ্চারে মনোনয়ন দিছে।,0,1,0,0,0,0
মিজানুর রহমান আরিয়ানকে দিয়েই এমন সুন্দর সৃষ্টি সম্ভবআর অপুর্ব তো সবসময় অপুর্ব,0,0,0,0,0,0
কল্যাণীয়া খুশি দেবীর অত্যন্ত হৃদয় স্পর্শী অভিনয়ে আমার মনে খুবই ইচ্ছা চিলো যে এক সংঘে শ্রীমান বৃন্দনবান দস্জী সহ দুই সন্তানকে দেখার,0,0,0,0,0,0
নাটকটি প্রশংসা করার মতো আপনাদের কাছে কেমন লাগলো আর একটা কথা আমাদের সাপোর্ট করার জন্য আপনাদের সবাইকে আন্তরিক ধন্যবাদ সবার জন্য ভালোবাসা রইলো,0,0,0,0,0,0
২ জন অভিনয় শিল্পী দিয়ে এতো সুন্দর নাটক বান্না ভাইয়ের প্রশংসা করলেও কম হবে অসাধারণ শিক্ষনীয় বিষয় ছিলো নাটকে সবাইকে ধন্যবাদ,0,0,0,0,0,0
মন দিয়ে দেখলাম নাটকটা এক মিনিটের জন্য ও চোখ সরাইনি ভালো লাগলো,0,0,0,0,0,0
যাদের ভালবাসা খুব জটিল একজন আর ছাড়া খুব কষ্ট তাদের জন্য এই নাটকে শেষ অংশটা না দেখাটাই ভালোআমি মনে করি নিশো অনেক সুন্দর ভাবে নাটকটাকে ফুটিয়ে তুলে,0,0,0,0,0,0
ইনশা আল্লাহ পাকিস্তান উইকেটে জিতবে ভারত বনাম পাকিস্তান এই মেচ।,0,0,0,0,0,0
বালকাতার মালাউনদের আমরা এ লাথি দিয়ে তাড়িয়ে দিয়েছিলাম এখন সেই কষ্ট সইতে না পেরে ফেইসবুকে ঘেউ ঘেউ করছে শুওরের বাচ্চা,0,0,1,0,0,0
ভারতের ট্রেন দুর্ঘটনায় মানুষ মরেছে এজন্যে ব্যথিত কিন্তু বার্মিজ কুর্তারা যে মুসলিম কেটে কেটে শুয়োরকে খাওয়াচ্ছে ঐ জন্যে কেউ ব্যথিত না। হায়রে গরু খাওয়া মুসলিম জাতি।,0,0,1,0,0,0
"ইসলাম ধর্ম নিয়ে ঢাবি শিক্ষকের দৃষ্টতা আসসালামু আলাইকুম, আল্লাহ হাফেজ বলা জামায়াত ও জঙ্গিবাদের শিক্ষা",0,0,1,0,0,0
মালাউন কা বাচ্চা কাভি নেহি আচ্ছা ও ভি সাচ্ছা ও তো শুয়োর কা বাচ্চা।,0,0,1,0,0,0
শুধু চোখ কেনো নাক কান হাত পা দরকার হলে গোটা বডি ফেলে রেখে দিচ্ছি ।,0,0,0,0,1,0
বাংলাদেশ জদি রান করতে পারে তাহলে ভারত রান করে অলআউট হবে গ্যান্টি,0,0,0,0,1,0
তা হলে ইন্ডিয়াতে মোসলিম হত্যার পতিবাদ কেন করেনি বাংলাদেশ । যদি এই দেশে মসলমানরা সংখ্যালগু হত প্রতিদিন জবাই করত হিন্দুরা । যেমন করছে ভারতে ।,0,0,1,0,0,0
পাপ পরিবার ভারতকে আজ পরমানু বোমা মেরে মাঞ্চিত্র থেকে মুছে ফেলা দরকার । ইতিহাস আজ সব নরকের কীট,0,0,0,1,0,0
"হিন্দু মেয়ে অনেক সেক্সি,, শাকিব খানে চুদে অপুকে ছেড়ে দিছে, আহ কি শান্তিতে চুদছে অপুকে",1,0,1,0,0,0
আরবের মেয়েদের ৭-৮ বছর বয়সে মাসিক হয়!! তাহলে তো গায়ে-গতরে অনেক শক্তিশালী হবার কথা।,0,0,0,0,0,0
"জাগো ফাউন্ডেশানের ফাউন্ডার ফোন দিয়ে বলছে, “১ তারিখ ফ্রি আছেন?”",0,0,0,0,0,0
ধন্যবাদ নিশো ভাই নাটকটা অনেক সুন্দর কিন্তু পুরা আমার সাথে মিল 😢এখন আমার ফ্যামিলি মেনে নিতে পারে না😥😥,0,0,0,0,0,0
আপনি মুসলিম এজন্য মূর্খের মতো কথা বলবেন জানি । পাথর কে চুমাচুমি করলে যদি আল্লাহ খুশি হন । তবে মাটির মূর্তি বানিয়ে পুজা করলে কেন ঈশ্বর খুশি হবেন না,0,0,1,0,0,1
জবা ই শেষে করোনা ভাইরাসের ওষুধ টা বের করবে মনে হচ্ছে,0,0,0,0,1,0
"শালার পুত শালা, খানকী মাগীর পোলা, ইয়ারফোন ডা তোর হোগায় দিয়া শুনতে থাক সেইরাম মজা পাবি হমন্দির পুত।",1,0,0,0,0,1
তাহলে কেন ভারতের মুসলমানরা ভাল নেই।মুসলমানরা জানে বেধমীদের কিভাবে ভাল রাখতে হয়।কিন্তু বেধমী রা জানেনা মুসলমানদের ভাল রাখতে হয়।,0,0,1,0,0,0
এ যে দেখি সব পাকিস্তানের রাজাকার। ভারতীয় রাজাকারেরা কোতায়??? আরে বলছি ভারতীয় রাজাকারেরা কোতায়,0,1,0,0,0,0
কোন কোট আদালত বুঝিনা আগামি দিনের মধ্য তার ফাসি চাই যাতে অন্য বদরুলেরা সোজা হয়,0,1,0,0,0,0
"প্রেম পায়খানা দুটাই এক কোনটাই জোর করে হয় না, সময় হলে নিজ থেকেই আসে",0,0,0,0,1,0
রাজাকার ও জঙ্গি জানোয়ারদের সিন্ডিকেট নাকি সর্বশক্তিমান মহাপ্রভুকেও কিনতে পারে তারা,0,1,0,0,0,0
অাগে ইতার পোন্দে ডিম ডুকানোর ব্যবস্থা করি তারপর নাহয় অন্যকিছু ভাববো।,1,0,0,1,0,0
দেশে এখন রাজাকারের ঠাঁই নাই তাই নির্বাচন করলে ভোট ও পাবে না ঐচোরের মা খালেদা,0,1,0,0,0,0
জবার নাম এবার অস্কার নমিনেশনের জন্য পাঠান । হলিউডের লোকেরা নিয়ে যাক আমরা বাঁচি,0,0,0,0,1,0
রাব্বানী খুবই মেধাবী এবং সাহসী একজন ছাত্র ছিলেন। তাকে আওয়ামী লীগ সঠিক ব্যবহার করতে পারে নাই।,0,1,0,0,0,0
পুলিশ নিজ হাতে ভাড়াটে সন্ত্রাসীদের দ্বারা সনসাধারণের গাড়ীতে আগুন দিয়েছিল,0,1,0,0,0,0
"কেউ যদি অবিশ্বাসী হন, আল্লাহ তায়ালা তার শাস্তি বিধান করবেন। ধর্ষকামী মোল্লারা ক্ষেপেছেন কেন? সুন্দরী মেয়েটাকে নাগালের মধ্যে না পাওয়ায় আক্ষেপে গালাগাল করেই মনের সুখ মিটিয়ে নিচ্ছেন নাকি!",0,0,0,0,0,0
কিছুই হবেনা। সব মিডিয়ার বাড়াবাড়ি। ভারত পাকিস্তানকে পাগলা কুত্তায় কামড়ায়নি যে একজন আরেকজনকে ভয়াবহ আক্রমণ করবে। ওইরকম মাঝেমাঝে দুইচারআটদশজন মরবে। তার বেশিকিছু হবেনা,0,1,0,0,0,0
যাই বলেন বউয়ের লগে অভিমান করে মাঝে মাজে মাটিতে সোয়ার মজাই আলাদাইভানার বক্ত হয়ে গেলাম দারুন অভিনয় করেছে,0,0,0,0,0,0
বান্নাহ ভাইয়ের গল্পের তুলনা হয়না কাস্টিংও ভালো নাটকটা এ নিয়ে ৩বার দেখলাম এতো স্বল্প সময়ে এতো কিছু সত্যি অসাধারণমাবাবার কষ্টগুলো এভাবে ভাবা হয়নি কখনো,0,0,0,0,0,0
"সেইদিন রাতে তর বাবা প্যানথার ব্যবহার
করলে, আজ আর এই দৃশ্য দেখতে হতোনা",0,0,0,0,0,1
পয়লা বৈশাখের কথিত মঙ্গল শোভাযাত্রা আর হিন্দু সম্প্রদায়ের রথযাত্রার মধ্যে পার্থক্য কোথায়?,0,0,1,0,0,0
দেখতে হবে না এটা কার নাটক ভালো ত হতেই হবে অনেক ভাল লাগছে ভাইয়া,0,0,0,0,0,0
মন খালি থাকলে আবাল আমার পেজ না দেখি রে মখা,1,0,0,0,0,0
"কাল-পরশু-তরশু যখনই আপনার রক্ত লাগবে; এই বটকে ইনবক্স করলেন, ‘আমার ও-পজিটিভ ব্লাড লাগবে’",0,0,0,0,0,0
কিছু অনূভুতি ভালবাসার আর কিছু না পাওয়ার মিথ্যা আশ্বাস এ নিয়ে ভালো থাকা,0,0,0,0,0,0
কলা বাবা কলা দিবে কলা খাইয়া যা কামর দিয়া মনে মনে যা খুশি তা চা গানটা অনেক সুন্দর লাগছে,0,0,0,0,0,0
ঈদের সেরা নাটক আমার দেখা অনেক ভালো লাগলো নাটকটা নিজের অজান্তেই চোখে জল চলে এলো,0,0,0,0,0,0
অনেক দিন ধরে ভাবতাছি যে এই জয়েন ফেমিলি নাটক টা দেখবোসময় পাইনি তাই আজকে দেখতাছি আর অনেক মজা পাইতাছিআমার ভীষন ভালো লেগেছে আপনার,0,0,0,0,0,0
উল্টাপাল্টা কথা বলতে থাকলেফ্রেন্ডকে কষায় থাপ্পড় মেরে সেন্স এ আনতে না পারলে আপনারা আবার কিসের বেস্টফ্রেন্ড,0,0,0,0,0,0
আমার দেখা সব থেকে বেস্ট নাটক আরফান নিসো বসের ভালোবাসা অবিরাম অন্তহীন মিজানুর রহমান আরিয়ান ভাইকে অনেক অনেক ধন্যবাদ আমাদেরকে এতো সুন্দর একটা নাটক উপহার দেওয়ার জন্য,0,0,0,0,0,0
"উনি বললেন উনার ঠাকুরদা বাংলাদেশ  দেশ থেকে গেছে তাতে আমরা অনেক খুসি কারন পাগল ছাগল দেশে না থাকায় ভাল,রবীন্দ্রনাথ বড় না বেদ/ কৃষ্ণ বড়?",0,0,1,0,0,0
সুশান্ত সিং রাজপুতের মৃত্যুর বিতর্কে কোণঠাসা হয়ে পড়লে সে বিজেপির আশ্রয় নেয় । তারই ধারাবাহিকতায় এই দুর্গন্ধের জন্ম ।,0,0,0,0,1,0
আজ থেকে তোর মতো শুয়োরের বাচ্চার নাটক দেখা বয়কট করলাম,1,0,0,1,0,1
সকল দুঃক্ষ কস্ট গুল জয় করে জিবনে ঘুরে দারানজীবনের প্রয়োজনে ভালবাসাতাই জীবনকে আগে ভালবাসুনআর সত্ত ভালবাসা কখনোই মুছে জায়না,0,0,0,0,0,0
"আমি শুরু করি, এক মেয়ে সুইমিং পুলে খেলছে... সে তো সাঁতার পারে না তাই টিউব পরে আছে কোমরে",0,0,0,0,0,0
মাদারটোস্ট কাল আর্জেটিনা যদি তোর জন্য হারে তখন দেখবি হালারপুত,1,0,0,1,0,0
দেশের বাজারে সয়লাব ভারতীয় ভোজাল খাবার অবাধে চলছে বাংলাদেশে এসব পণ্য নিষিদ্ধ করতে হবে,0,0,0,0,0,0
"তরা তো মাগীবাজি কথাই কইবি তদের নবী তদের ভালো কিছু শিখাইছে নারী ভোগ,মারামারি সন্ত্রাসী ছাড়া সালা জঙ্গির বাচ্চা।",1,0,1,0,0,1
"কুলাঙ্গার লতিফ সিদ্দিকী হজ¦ ও প্রিয়নবীকে কটাক্ষ করল, তরিকত ফেডারেশন ও জশনে জলুসের আশেকে রাসুল (সঃ) গেল কোথায়?",0,0,1,0,0,0
অনেকদিন মনে রাখার মত বেঁচে থাকার মত একটা নাটক শুভ কামনা রইলো লেখক ও পরিচালকের জন্য নিশো আর মেহজাবিনের কথা নতুন করে বলার কিছু নেই সুন্দর গল্প ও চিত্রনাট্য পেলে দুর্দান্ত অভিনয় করে তারা ধন্যবাদ এই নাটকের সাথে সংশ্লিষ্ট সবাইকে,0,0,0,0,0,0
তোদের কাছে বিনীত অনুরোধ ভারতে মারার সাথে সাথে একটা বোমা মায়ানমারের উপর ফেলিস।।।,0,1,0,0,0,0
"এদের ফাঁসির জন্য আন্দোলন করা উচিত,,,,,অথবা দেশ ত্যাগে বাধ্য করা উচিত।",0,0,0,1,0,0
ব্রহ্মা তার বীর্যকে একটি পাত্রের মধ্যে সংগ্রহ করে সরস্বতীকে জন্ম দেন।,0,0,1,0,0,0
"আচ্ছা আরিফ ভাই, নব্বইয়ের পর এমন কী কোনো গান সৃষ্টি হয়েছে যেটা রেডিওতে বাজলে আপনি আর আপনার ড্রাইভার দুজনেই আপনমনে একত্রে গুনগুন করে ওঠেন?",0,0,0,0,0,0
তো কাশ্মীর যখন ভারতের সাথে গেছে তখন কাশ্মীরের রাজা কে ছিলো সে ইতিহাস টা একটু বলেন শুনি ?,0,0,0,0,1,0
ভারতের মন্ত্রী এখন আপনার চোখ অন্ধ।সবকিছুর সিমা আছে আল্লার বিচার আল্লা করবেন ।,0,1,0,0,0,0
আমাদের এই চাচার অভিনয় টা খুবই ভালো অনেক ভালো অভিনয় করে উনি,0,0,0,0,0,0
জন্মের পরে থেকে শুনছি মেহেরবান আসছে কবে আসবে নাকি বিমান এক্সসিডেন্ট করেছে আসবেনা,0,0,0,0,1,0
ভালবাসার চাইতে বন্ধুত্ত বড়নামাজ মানুষকে ভাল রাখে এমনই মেসেস ছিল নাটকটিতে অসাধারন,0,0,0,0,0,0
"এদের রক্ষার জন্য করে দেখা উচিত,,,,, তাদেরকে দেশ ত্যাগে বহিষ্কার করা প্রয়োজন ।",0,0,0,1,0,0
"কমেন্ট ডিলিট করতে থাক, দেখি তুই কয়টা কমেন্ট ডিলিট করতে পারস",0,0,0,1,0,0
ওই খানকির বাচ্চাটারে আসেপাসের মাঝে গনপিটানি দিয়া ছুড়ে ফেললনা কেন । ছেলেটা আজকে মারসে একজনকে । ভবিস্যতে মারবে হাজার হাজার জনকে । আমার উচিত হইলো এই বেস্যা মাগি খানকি নটি গাছের পেট দিয়া বাইর হওয়া চুদানির পুতটারে অইখানেই মাইরা ফেলা,1,0,0,0,0,0
এই সোনার ডিমকে আজ হাঁসের বড় ডিম দিয়ে থেরাপি দেওয়া হবে।,1,0,0,0,0,1
"কয়েকদিন আগে পেপারে দেখলাম মোহাম্মদপুরে একজনের সন্ধান পাওয়া গেছে, উনার নাম পরিষ্কার-বাবা",0,0,0,0,0,0
সালের বেষ্ট নাটকবুকের বা পাশের পরে এইটা বেষ্ট সেরা জুটি নিশো মেহজাবীনসবচেয়ে বেষ্ট পার্ট ছিল ডাক্তারের কাছে হাত ধরে টেনে নিয়ে যাওয়া ভালোবাসার প্রমান দেয়ার জন্য যথেষ্ট আসলেই অসাধারন নাটকএরই নাম ভালবাসানাই কনো মাখা মাখি নাই কনো মেকঅাপের বাহুল্যতা,0,0,0,0,0,0
ভোটের লাইনে হিন্দু মেয়েদের ছবি ছাপিয়ে সংখ্যালঘু নির্যাতনে ইন্ধন জুগিয়েছে প্রথম আলো পত্রিকা,0,0,1,0,0,0
আমার দেখা সবচেয়ে প্রিয় নাটক ধন্যবাদএত সুন্দর একটি নাটক উপহার দেওয়ার জন্য,0,0,0,0,0,0
নাকট দেখে চোখের পানি চলে আসলোছেলেদের ভালোবাসা এমনি হয়অসাধারন ধন্যবাদ আরিয়ান ভাই 💔💔💔💔💔,0,0,0,0,0,0
শুয়রের বাচ্ছা কালকেই ভাবছিলাম এ ভারত বিরোধি পোষ্ট করছেনা কেনো সকাল থেকে পাকিস্তান এর কাছে পয়সা খেয়ে মিথ্যাখবর দেওয়ার অপরেধে তোদের জেলে পোরা উচিত বাংলাদেশের সরকারের উচিত তোদের মতো পাকিজারজ পয়সা খাওয়া পোটালকে সোজা করা উচিত জঙ্গি সাপোটার।,1,1,0,0,0,1
এ মাগির পুলা তুই চুর কিসের দেশ নায়ক তুর মারে চুদল পাকিছতানিরা তুইআবার বড় বড় কথা বলিস,1,0,0,0,0,1
বিউটিফুল একটি নাটক নিশো বস এন্ড তানজিন তিশা বেষ্ট জুটি নাটক টা অনেক ভালো লাগছে সবমিলিয়ে নিশো বস তানজিন তিশা চমৎকার অভিনয় করেছে,0,0,0,0,0,0
"বার্মার ভোটের রায় সত্যিকার গণতন্ত্রে য্রাত্রা মাফ করবেন, আপনার কাছে গণতন্ত্র শিখতে চাই না",0,1,0,0,0,0
"আরে তাকিয়াবাজ মোল্লা মুমীন ,সনাতন ধর্মে বলা হয়েছে ঈশ্বর নিরাকার কিন্তু ইসলামের আল্লার তো আঁকার আছে। তার মানে ইসলামের আল্লা মিথ‍্যা",0,0,1,0,0,0
আরে ভারত না থাকলে এই কাংলাদেশীরা পাকিসতানী চোদন খেয়ে শেষ হয়ে যেত।,1,0,0,0,0,1
হাফপ্যান্ট পরে চোখ বন্ধ করে সৃতিসৌধের সামনে দাঁড়িয়ে এই ছবিটা তুলেছিলাম…ছবিটার ঘ্রান নিলে এখনও শৈশবের গন্ধ পাই,0,0,0,0,0,0
নাটকটি সত্যি অসাধারণ কিন্তু একটা ব্যাপার হলো এরকম বন্ধুত্বের মাঝে ভালোবাসা লুকিয়ে তাকে সারাজীবন ধন্যবাদ আরফিন নিশু ভাইকে এরকম নাটক উপহার দেওয়ার জন্য,0,0,0,0,0,0
ভারত আগুন লাগিয়ে দিয়ে ফায়ার সার্ভিস নিয়ে নেভাতে আসছে । বাহ,0,0,0,0,1,0
আমাদের মান্য গন্য জগন্য প্রধানমন্ত্রী ভারতের কোন মালাউন মারাগেছে সে ব্যাপারে খুবই সুচ্চার কিন্তু মায়ানমারে মুসলমানদের জন্য একটু আপসোস হল না সে ওকি মালাউন নাকি মুমিন,0,0,1,0,0,0
কিরে ছাগু আরিপ্পা ইমু লাইভে আয়।পাবলিকের চোদন কয় প্রকার।,1,0,0,1,0,0
কেন মানুষ জয়েন্ট ফ্যামেলি পছন্দ করেনা অনেক ভালো আমার মনে হয় জয়েন্ট ফ্যামেলি,0,0,0,0,0,0
রানু মন্ডল দেখলে সবাই অনন্ত আনরিকতা সাথে কুটি মানুষ দেখে তোরা বেশি সমালোচনা করিস,0,0,0,0,0,1
অপেক্ষার পর পাইলামআশা করি ভালই হবে নিশো ভাই বলে কথা,0,0,0,0,0,0
আর হিন্দুর জাত রা তো দুর্গা পুজোর সমই ৮/১০ জন মিলে একটি মেয়ে কে রেপ করছে তার বেলা কি বলবেন আপনি আপনারা এতে অংহকার করছেন কিভাবে,0,1,0,0,0,1
রোমান্টিক নাটকের জন্য তাহসান অপূববেস্ট হাসির জন্য মোশারফ চন্চল আবার আছে তৌসিফ মিশু সাব্বির এলেন শুভ সালমান মুক্তাদি আবার আছে আফনান নিশো সব মিলিয়ে বাংলা নাটক বেস্ট,0,0,0,0,0,0
সত্যি অসাধারণ একটি নাটক বাংলাদেশের নাটকের কাহিনী অনেক ভালতবে টিভিতে প্রচারের সময় বিজ্ঞাপন অতিরিক্ত দেওয়ার কারনেমানুষ দেখতে চায় নাতাই ভারতীয় অশ্লীল সংসারে অশান্তির সিরিয়াল গুলো এদেশে এতো চান্স পেয়েছেআমাদের দেশের উচিৎ এর জন্য সুন্দর একটি ব্যবস্থা গ্রহণ করা,0,0,0,0,0,0
"যদি জারজ না হয়ে থাকিস, তাহলে দয়া করে ভাল হয়ে যা",0,0,0,1,0,1
অসাধারণ খুবই ভাল্লাগে বসনিমার্তা মিজানুর রহমান আরিয়ান ভাই কে ধন্যবাদ দিচ্ছি এত সুন্দর একটা নাটক উপহার দেওয়ার জন্য,0,0,0,0,0,0
"থানায় জিডি করা থেকে শুরু করে, ৫ টা দৈনিক পত্রিকায় নিখোঁজ বিজ্ঞপ্তি",0,0,0,0,0,0
অাবালে পরিপক্ব মোর সোনায় মোডানো দেশ! কইথেকে যে অাসে একটা থেকে অারেক টা বড্ডা অাবাল! খোদা তুমিই সামলাও!,0,0,0,0,0,1
এগুলোকে হারিয়ে যেতে দেয়া যাবে না... এদের শো-কেইস আমাদেরকেই করতে হবে,0,0,0,0,0,0
"অভিজিত বাবুও তোর মত বিদেশে থাকত।অথচ ভাগে্যর কি নির্মম পরিহাস,আল্লাহর ইচ্ছায় মৃত্যু তাকে বাংলাদেশে টেনে নিয়ে ত্রসেছে।আল্লাহ চাইলে সব কিছুই সম্ভব।",0,0,1,1,0,0
আমি আওয়ামীর সাথে আর নাই করন ওয়াজ মাহফিলেও বাধা মাশরাফি বিন মুর্তজা কে বয়কট করেছি,0,1,0,0,0,0
কিন্তু  তার স্ত্রী সেইফলি প্লেন চালিয়ে ল্যান্ডিং করলো ... কিভাবে পারলো ?,0,0,0,0,0,0
"আমি তার কাছে যেয়ে ফিসফিস করে বললাম ""ভাগ্গিস পাগড়ি ধরতে যান নাই ... আপনার উপস্থিত বুদ্ধি দেখি বেশ ভালো... তো মানিব্যাগটা কৈ?""",0,0,0,0,0,0
"প্রচণ্ড টাউন প্ল্যানিং এর সমস্যায় আছি আমরা... আজকে থেকে না, সেই অনেক দিন থেকেই",0,0,0,0,0,0
একটু পরে পাক হানাদার বাহিনী এসে আপনাকে জিজ্ঞেস করল ‘ওদের দেখেছেন?’,0,0,0,0,0,0
কুত্তা সফির নামের পুর্বে আল্লামা শব্দ উচ্চারন করা মুর্খতা। জংগি সফি বললে ঠিক হবে।,0,0,1,0,0,0
অসাধারণ অভিনয় নির্মাণ সংলাপ কাহিনি সবই সাধারণের অসাধারণ উপস্থাপনা চোখের পানি ঠেকানো গেল না,0,0,0,0,0,0
এক থাপ্পড় দেবো অসভ্য জলসা মোহরকে ভালোয় ভালোয় আট টায় নিয়ে আসুন আর বরণকে পাঁচটা তিন শূন্য টায় আনুন,0,0,0,0,1,0
তাদেরকে গুলি করে মেরে ফেলা উচিত কারন ওরা হিন্দু বলেই এভাবে ধরে ফেলে । ওদেরকে দেখলেই চিনে ফেলা উচিত ।,0,0,0,1,0,0
অপুব্যকে আমি ধন্যবাদ জানাই ওর নাটকগুলো আমার কাছে অনেক ভাল লাগে,0,0,0,0,0,0
সত্যি বলতে আরফান ভাইয়ের এই নাটকটা সবচেয়ে বেশি শিক্ষানীয়নামাজ ছাড়া আমাদের লাইফটা কখনই পরিপূর্ণ হতে পারেনা,0,0,0,0,0,0
বুঝাই যাচ্ছে মহিলা অনেক কষ্ট করে জিভ কন্ট্রোল করেন... এমনে বেঁচে লাভ কি?,0,0,0,0,0,0
ভারতের ভিখারিগুলোকে আস্তে আস্তে সবাইকে এক এক করে দুই পয়সা ভিক্ষা দেওয়া হবে । এত হৈ চৈ এর কিছু নাই ।,0,1,0,0,0,0
"আমাদের সরকার সন্ত্রাসী খুজে পায়না অতচ তার দলের ভিতরে বড়,বড় সন্ত্রাসিয়ে  ভরা",0,1,0,0,0,0
"এই সব অসভ্য নাস্তিকের বাচ্চাদের কারনেই,,বাংলাদেশ গজব আসে,,কিছু দিন পর পর আগুন লাগে,,আমরা এই নাস্তিকের ফাঁসি দিয়ে দেশকে গজব মুক্ত চাই",0,0,1,1,0,0
"ভাই নিজের লুচি ঠিক করেন আর যদি কিছু করতে মনে চায় বাবা মা কে বলে বিয়ে করিয়ে দেবে মেয়েটা তো খারাপ কিছু বলেনি, আশা করি বুঝতে পারবেন আমি কিছু ভুল বলে থাকলে ছোট্ট ভাই মনে করে ক্ষমা করবেন ভালো থাকবেন",0,1,0,0,0,0
"নূর ভাই আপনি আল্লাহর ওপর ভরসা রাখুন সদা সর্বদা। লীগ যে কত বড় বেঈমানি,নিমকহারামি সেটা আর কেও না জানলেও বাংলাদেশের মানুষ অন্তত খুব ভালো করেই জানে।",0,1,0,0,0,0
হে আল্লাহ এখানে যত নাস্তিক কমেন্ট করেছে তাদেরকে এমন ভাবে ধ্বংস করো যাতে তারা দ্বিতীয়বার লেখার কোন সুযোগ না পায়,0,0,1,0,0,0
১৯৪৮ সালের হায়দ্রাবাদের সেই গোপন মুসলিম গণহত্যা যা আজো ভুলতে পারেনা ভারতের নিরীহ মজলুম মুসলিমরা,0,0,1,0,0,0
সকল অভিনেতা ও অভিনেত্রীদের অভিনয় ছিল সত্যিই মনোমুগ্ধকর ধন্যবাদ সবাইকে,0,0,0,0,0,0
মিজানুর রহমান আরিয়ান ভাই মানেসুন্দর একটা গল্প নিয়ে আশাধন্যবাদ ভাইআরো একটি সুন্দর গল্পের নাটক উপহার দেওয়ার জন্য,0,0,0,0,0,0
তারেক আমাকে মারার জন্য ফোনে ব্লু হোয়েল গেইম ইন্সটল  করে দিছে আমি আর বাচুম না,0,0,0,0,1,0
ভারত আর বালাদেশের বিশ্ব বিদ্যালয়ে ধর্ষণ কে পারফেক্ট করানোর কোর্স চালু হবে ।,0,0,0,0,1,0
রোকেয়া নাসরিন এর মতো তাদেরই পাঠাতে হবে বাংলাদেশের মতো তাদের দেশদ্রোহী সামিল করা উচিৎ ।,0,0,0,1,0,0
বার্মার মুসলিম গণহত্যা বন্ধ করুন অন্যথায় বিশ^ মুসলিমের পক্ষ থেকে জিহাদের ডাক আসবে - ইমরান খাঁন,0,1,0,0,0,0
মনটা খারাপ ছিল নাটগটা দেখে মনটা ভালো হলো খুব সুন্দর একটা নাটগ,0,0,0,0,0,0
বাংগালীরা শুধু মজা নিতে যাননাটকের মুল কথা কে প্রাধান্য না দিয়ে সবাই ১০বছর বয়সে কিভাবে কলেজ এ উঠে তা নিয়ে পরে আছে,0,0,0,0,0,0
আওয়ামী লীগের রাজনীতি তেল নির্ভর। ছোট নেতা তেল মারবে বড় নেতাকে আর বড় নেতা কে!,0,1,0,0,0,0
দেখুন এটাও হয়তো বি এন পি ও জামাত শিবিরের সরজন্ত্র হতে পারে,0,1,0,0,0,0
নিশু ভাই মানেই নতুন কিছু আর নিঃস্বার্থ বন্ধুত্ব কখনো হারায় না,0,0,0,0,0,0
সবকিছুই ঠিক ছিলোকিন্তুতিশার জামাকাপড় এর ব্যবহার টা মূলত সঠিকভাবে হয় নিএই বিষয় গুলো খেয়াল রাখা অতীব জরুরী,0,0,0,0,0,0
যে মুসলমানদের মনে আঘাত করেছে তার ফাসি চাই। কন্তুু যারা মন্দির ভেঙ্গেছে ওদের এখন কি করা????,0,1,0,0,0,0
আখম হাসান এই সময়ের সেরা জনপ্রিয় একজন অভিনেতানাটক টা দেখে আমি হাসতে হাসতে শেষ,0,0,0,0,0,0
নাটকতো অনেক দেখেছি কিন্তু এইটা সবচাইতে ভালো এজন্যে লাগলো যে এখানে নামাজের ব্যাপারে তাগিত দেয়া হয়েছেধন্যবাদ কাজল আরেফিন অমি ভাই ও আমার বস আফরান নিসোএবং তানজিন তিসা,0,0,0,0,0,0
নিশো ভাইয়ের নাটক মানেই অন্যরকম ভালো লাগলো৷ হার্ট টাচিং ও ছিলো আর নামাজের বিষয়টাও ভালো ছিলো সবচাইতে আমাদের সবারই উচিত ৫ ওয়াক্ত নামাজ পড়া,0,0,0,0,0,0
"এই ধরনের খানকির ছেলে গুলো এই রকমই হয়, এদের কোন জাত নাই, এরা সারা দিন এই কাজ করে বেড়ায়",1,0,0,0,0,1
খুবই সুন্দর হয়েছে একটা নাটক পুরো বাসার মধ্যে শেষ হয়ে গেল বাস্তবের মতোই হয়ে গেল কিন্তু তিশা এখনো ও বিয়ে করে নাই সে কিন্তু বুড়া হয়ে গেল এটাই বেশি মজা লাগলো,0,0,0,0,0,0
"যে দেশের মানুষ এতো সিম্পল হয়, সেখানে কমপ্লিকেটেড কিছু চিন্তা করতেই চাচ্ছি না",0,0,0,0,0,0
বাংলাদেশের মানুষ খুব হিংসুটে ভারতের পত্রিকাকে দেয়া সাক্ষাতকারে পরিমনীর মন্তব্য,0,1,0,0,0,0
তড়িঘড়ি করে বাসার অন্য রুমে ঢুকলাম... ঢুকেই ভুলে গেলাম কেন এসেছি,0,0,0,0,0,0
শালা মালুর বাচ্চারা চীন পাকিস্তানীদের সাথে চুদাতে না পেয়ে খালি নিরীহ বাংলাদেশিদের মারতে পার।।বাংলাদেশের সরকারের উচিৎ ভারত কে বয়কট করা,1,0,0,0,0,0
ব্যস্ততার সাথে অনেকটা মিল রয়েছে সত্যিই খুব অসাধারণ চোখে পানি চলে আসছে,0,0,0,0,0,0
আগামী ২৫ বৈশাখ থেকে হজরত রবীন্দ্রনাথ ঠাকুর (সালাল্লাহু - লাড়ালাপ্পা) র নামেও ওরশ পালন করিস।,0,0,1,0,1,0
আপনার ধর্মে অমুসলিমদেরকে হত‍্যাকরার নির্দেশ দিয়েছে আপনাদের মাগীখোর নবী মহম্মদ আর আল্লাহ,1,0,1,0,0,1
খুবই সুন্দর নাটকটা মনটা ভোরে গিয়েছে ভালোবাসি এরকম নিশু ভাইয়ের নাটক,0,0,0,0,0,0
সারাদেশে নির্বিচারে মানুষ খুন হচ্ছে। কোথায় তাদের সমবেদনা ও বিচার নিয়ে কিছু বলবেন। আর আপনারা আছেন রুপ যৌবন উপস্থাপনের প্রতিযোগিতায় ব্যস্ত। ধিক্কার জানাই আপনাদের।,0,0,0,1,0,0
পৃথিবীতে হাসি একমাত্র জিনিস যেটা সব কিছু ওলটপালট করে দিতে পারে,0,0,0,0,0,0
অপ্সমাইন্ডব্লোয়িংএই টেলিফিল্ম এতদিন দেখি নাইএকটু বেশি লম্বা বলে আজকাল আজকাল করছিলামঅবশেষে দেখা হলএককথায় টেলিফিল্মটার মেকিং সুপারভআর লোকেশনতো ছিল বাধিয়ে রাখার মতআমাদের দেশে আরও ভালো কাজ হউকসেটাই চাইবিশেষ ধন্যবাদ প্রাপ্য মিজানুর রহমান আরিয়ান ভাইধন্যবাদ ব্যাচ ফুল টিমঅল দ্যা বেষ্ট,0,0,0,0,0,0
বেশি কেয়ার বেশি ভালো আর ভদ্র ছেলেদের মূল্য খুব কম খারাপ ছেলেরাই সবটুকু পায় কারন তারা সঠিক ভাবে অভিনয় জানে আর বলতে গেলে এটাই আজকের সমাজ,0,0,0,0,0,0
"একটা ফালতু সিদ্বান্ত কখনো ভাল পরিনতি ডেকে আনেনা, এইসব পাগলামি ছাগলামি ছাড়া আর কিছুই নয়",0,0,0,0,1,0
"তোর গোয়ার মধ্যে থাইকা সামাদ লঞ্চের সতেরো গুলো লাইন স্টার্ট কইরা ছাইড়া বের হয়, কোন লঞ্চ কি নাচে, না গানে",1,0,0,0,0,0
গরমে ছেলেরা হাওয়া খায় পেন্ট পরে আর মেয়েরা হাওয়া খায় পেন্টি জাগিয়ে,1,0,0,0,1,0
"তোদের কৃষ্ণর সারাদিন নেংটা মেয়ে নিয়ে রাসলীলা করতো,তোদের কৃষ্ণ ভগবান হয়ে কিভাবে সারাদিন নিজের সৃষ্টির সাথে নেংটা হয়ে পরে থাকতো ।",1,0,1,0,0,1
পুরাণ কাহীনি নতুন করে উপস্থাপন তবে নিশোর অভিনয়টা অনেক ভাল লাগছে যা আগেকার ক্যান্সার রুগীদের মত ছিলনা,0,0,0,0,0,0
এবার চঞ্চল চৌধুরী নাটক অনেক কম আসতেছে এরকম ভালো একজন এক্টার আমাদের মাঝ থেকে হারিয়ে যেতেছে,0,0,0,0,0,0
হাঃ হাঃ হাঃ সব মুসলমান তোর মতো গাধা হয়ে জাবে তাই ভাবছিস বুঝি || নাস্তিক থেকে কুকুর ভালো,0,0,1,0,0,0
সব বোনেরা তো আর তোর মতো নাযে সব খুলে নিয়ে ছেলেদের খাওয়াবে,1,0,0,0,0,1
আমাদের পুরো টিমের অক্লান্ত পরিশ্রমে এই নাটকটি তৈরী হয়েছে নাটকটি ভালো লাগলে ভালো ভালো কমেন্ট করে আমাদের অনুপ্রেরণা দিয়ে যাবেন ভালোবাসা অবিরাম,0,0,0,0,0,0
বইন আমার তোরে কি দিয়া সম্মানিত করলে তুই নাকের নীচের পিউবিক হেয়ার পরিস্কার করবি?,0,0,0,0,0,0
রিয়াজ ভাই আপনি ভাল নাটক করেন দেকতে চাই কোব বাল লাগে,0,0,0,0,0,0
অভিজিৎ হত্যার পর হাসপাতালে দেখতে যায় ইমরান কিন্তু তার বুকে কালো ব্যাজ তাহলে কি সে আগেই জানতো?,0,1,0,0,0,0
"জনগণ বিভ্রান্ত নয়,বিভ্রান্ত হচ্ছে ভোটার বিহীন অবৈধ সরকার ও তার দলকানা মিজান সাহেবরা।",0,0,1,0,0,0
দেশ বাঁচাতে এই বিদেশি দালাল গুলোকে লাথিমেরে বের হওয়াই উচিৎ!,0,0,0,1,0,0
তর ভোদায় মনে হয় অনেক রসে বড়া কাছে পাইলে রড ডোকাই দিতাম,1,0,0,0,0,1
"মুসলমানদের ধর্ম নিয়ে কথা বলার আগে মুসলমানদের নুনু পুজা বন্ধ কর,তোরা যেই শিবলিঙ্গে দুধ ঢেলে পুজো করিস সেইটা আসলে মুসলমানদের লিঙ্গ।",0,0,1,0,0,0
প্রিয়া সাহা যতই চাপা চাপি কর কোন লাভ নাই ৷ তোমার মত বেইমানদের দেশ থেকে বিতারিত করা উচিত ৷ বাংলাদেশে থেকে যেই সব হিন্দু ভারত প্রীতি দেখাই তারা ও কাল সাপ,0,0,0,1,0,0
ভারত মোদের বাঁশভাই দাদারা আসারদরকার নাই ও আশামানে যেকোনভাবে বাংদেশেরকে বাশদিয়েজাবে।,0,1,0,0,0,0
"যত্তসব ভুলভাল বাংলাদেশী, যাদের নিজেদের কোনো স্ট্যান্ডার্ড নাই, তারা আবার কমেন্টস ও করে",0,0,0,0,0,1
নাটকটি সত্যি অসাধারণ লেগেছে এই নাটকটিতে আবার একটি বিষয় বুঝতে পেলাম সেটা হলো কাউকে ভালোবাসলে তাকে নিজের করে পাওয়ার মধ্যে সব সুখ খুঁজে পাওয়া যায় না তাকে সুখী করার জন্য ত্যাগের মধ্যেও পরীপূণ্ ভালবাসা থাকে,0,0,0,0,0,0
"সন্ধ্যা বেলায়  খাল পাড়ে এক যুবক কে মারছিলাম,ইয়াবাখোর,নিয়ম করে ভদ্রলোক বউকে পেটায়,আওয়াজ শুনে আরো কয়েকজন চলে আসে উনার গ্রুপ এর। দূর থেকে দৌড়ায়া আসতেছে আর চিল্লাইতেছিলো কে রে...",0,0,0,0,0,0
"দাদা কুকুরের লেজ কখন সোজা হয় না, যত‌ই টানা হবে সোজা হবে না বাকি টা বুঝে নিতে হবে",0,0,0,0,1,1
অভাব অশান্তির এই যোগে এমন একটি নাটক সত্যি ই অনেক ভালো লাগারঘরে অভাববাহিরে অভাব এত অভাবের মাঝে থেকে অভাবের নাটক দেখার সত্যি ই ইচ্ছে করে নাআর তাই এমন চিল করা একটা নাটক মন টা ভালো করে দিলো,0,0,0,0,0,0
"দাদা শেষে কিনা বুড়ির কাছে ধরা দিলে, ?জলের বোতল ছিলো একটা মেয়ের হাতে মালটা দারুন",1,0,0,0,0,0
মেয়ের জিম্মাদারি তাদের উপর ছেড়ে দিন । ইনশাআল্লাহ বিয়ের আগেই নাতি মানুষ হয়ে যাবেন ।,0,0,0,0,1,0
খুব ভালো লাগলো নাটক টাযেখানে নামাজ আছে সেখানে শান্তি আছে,0,0,0,0,0,0
ছাগল যদি পাগল হয় জান্নাতে মদের নহর ৭২ টি হুর আর গনি মতে মাল  দাতাল হুজুর ১০০টি  থকলেই ইসলামে গোয়ামারা সারা,1,0,1,0,0,1
সত্যি বান্নাহ ভাইকে অসংখ্য ধন্যবাদ এই সুন্দর একটি নাটক উপহার দেওয়ার জন্যআপনার সব গুলা নাটক আমার ভালো লাগেআর নাটকের চরিত্র গুলো ও,0,0,0,0,0,0
শিহাব শাহীন ভাইনাটকের বেসিকটা ভাল ছিলতবে বাস্তবে এমন পাগলামো মেয়েরা করে নাউল্টো ছেলেরাই করেতবে ভালবাসায় কষ্ট আর সুখের কম্বিনেশন টা ভাল ছিলঅনেক ভাল লাগছে ভাইয়ালাভ ইউ,0,0,0,0,0,0
নতুন নাস্তিকের উদয় হয়ছে। সব মুসলমান ভাই ও বোনদের দৃষ্টি আকর্ষন করে বলছি এই নাস্তিকের নাটক দেখা বন্ধ করে দিন। নাস্তিকটা মুসলমান দাবি করে আবার পরকাল belive করেনা। জুতা পেটা করা উচিত।,0,0,1,1,0,1
"প্রতি বছর মে-দিবস আসলেই ‘তাদের ডিউটি ৮ ঘন্টার এক ঘণ্টা বেশী না’ টাইপ বুলি আউরাই... কিন্তু এই ৮ ঘণ্টার মাঝে তার ন্যায টাকাটা ছাড়া আর কি কি দিলাম তাদের, এটা নিয়ে কথা বলি না",0,0,0,0,0,0
আর কৃষি নিয়ে বাড়াবাড়ি করা ধান কেটে চার টুকরা করলে তবেই শিক্ষা হবে ।,0,0,0,1,0,0
অপূর্বের নাটক অপূর্ব না হয় কেমন করেঅনেক মজা পেলামপরিচালককে ধন্যবাদ এতো সুন্দর নাটক উপহার দেওয়ার জন্য,0,0,0,0,0,0
আগে দেশের সমস্যা সমাধান করেন।পাকিস্তান আর ভারত কি করল এটা আমাদের দেখার বিষয় না।,0,1,0,0,0,0
নাস্তিক যখন বাংলাদেশে তখন জোরালো বক্তৃতা দেয় আর যখন জার্মানিতে তখন ঝাড়– দেয়,0,0,0,0,1,0
আমি এই নাটক আর দেখিনি দেখার সাথে সাথে ভালো লাখছে,0,0,0,0,0,0
এ আর এমন কি? মুক্তিযুদ্ধের চেতেনা বাস্তবায়নের একটি পদক্ষেপ মাত্র।হেটারা সব রাজাকার।,0,0,0,0,1,0
সাহানাজ খুসির নাটক খুব ভালো লাগে খুসির সব নাটক দেখি সব থেকে গ্রামের নাটক গুলো বেসি ভালো লাগে,0,0,0,0,0,0
এই যদি ভারতের কোন নিউজ থেকে সংগ্রহ করে তাইলে বুয়া বিপরিত কিছু ঘটছে,0,1,0,0,0,0
শালা ভোদাই নাকি তুই হারামজাদা। গুয়ামারাটারা দিস নাকি শুওরের বাচ্চা। ভালো হ বুঝলি। আবাল সালা বেয়াদব একটা,1,0,0,0,0,0
মানুষ সৃষ্টির সেরা জীবআল্লাহর সন্তুষ্টির অর্জনের জন্য আসুন নামাজ পড়ি,0,0,0,0,0,0
নামাজের অংশটা একটা অন্য ধরনের ভালোলাগা তৈরি করেছে অসাধারণ ভাইয়া,0,0,0,0,0,0
"আরে নডির পুত এত গালি কেমনে হজম করোস,তুই কোন বালের মঠেলরে?তুর থাইকা আমাগো হিজরা সোবহান আরো ফাইন।",1,0,0,0,0,1
আরিয়ান ভাইআপনি তো আমাদের প্রত্যাশা দিন দিন বাড়িয়ে দিচ্ছেন আপনার ভালো কাজগুলো করতে যে কোন সহায়তা প্রয়োজন হলে জানাবেনকেউ না কেউ এগিয়ে আসবেনই কারণ আপনি যে নতুনের কেতন উড়িয়েছেন,0,0,0,0,0,0
পৃথিবীর মানচিত্র থেকে গোমুত্রের দেশ ভারতের নাম নিশানা মুছে দেওয়া উচিত।,0,1,0,0,0,0
অন্ন কেহু না সব রেন্ডিয়ার দাদা বাবুরা। চিন্তার কারন নাই।,0,1,0,0,0,0
মিয়ারমার একটি হারামি রাষ্ট্র। পৃথিবীর মানচিত্র থেকে তাদের নাম মুচেফেলা উচিৎ।,0,0,0,1,0,0
ওরে নাটক থেকে বহিষ্কার করা উচিত। ওয় বাংলাদেশে না থাইকা মিয়া খলিফা র সাথে অভিনয় করুক সেটাই ভালো।,1,0,0,1,0,0
যখন উনি ভারপ্রাপ্ত আমির ছিলেন তখন হাসিনার সরকারের সংস্থা কোথায় ছিল এখন উনি পূর্ণাঙ্গ আমির হবার পরে রাজাকার হয়ে গেলো হাই রে সোনার বাংলা ?,0,1,0,0,0,0
"সালাহ উদ্দিন বলছিলেন, আমি কিন্তু বাংলাদেশে মন্ত্রী ছিলাম কিন্তু কেউ বিশস করেনি",0,0,0,0,1,0
এইরকরম ভাবেই লাইফ টা কাটত ঝগড়া বায়নাকরতে করতে খুব ভালো হতো,0,0,0,0,0,0
তাই তো বাংলাদেশের সাথে খেলতে ভারতের এত ভয় কারন বাংলাদেশের সামনে তোমরা করতে পারবে না যদি এত তোমাদের হেডাম থাকে বাংলাদেশ কে তোমাদের দেশে করে দেখ,0,1,0,0,0,0
ওরে এক দেশে তোমার পুট্কি মারা দরকার যাতে মিশর হইতে ওর ডির্স্টার্ব বের হয়,1,0,0,0,0,0
অসাধারণ অপূর্ব ভাইয়া আপনার জন্য দোয়া করি আপনি এগিয়ে যান,0,0,0,0,0,0
মাগির পোয়া এলো সারা দিন মোর ছারি মনের মনে তো আম দিলাম পোয়া,1,0,0,0,0,0
একটা সময় মানুষ ঘরসংসার ছেড়ে গুহায় যেয়ে আস্থানা গড়ত শুধু ভাবার জন্য,0,0,0,0,0,0
২০১৯ বেস্ট নাটক অনেক ভালো লাগছেআর নিশো ভাইয়া আর মেহু আপু তো অসাধারণ,0,0,0,0,0,0
ভালোবাসার আরেক নাম পাগলামিপাগলামি না থাকলে ভালোবাসা হয় না পাগলি সত্যি কারের ভালবাসা এমনি হয়PN,0,0,0,0,0,0
"একটা ওয়াজে মোল্লা সাহেব বেহেস্তে গেলে ৭১ জন সুন্দরী সুন্দরী হুর নারীর যে নর্ননা দিচ্ছিলেন,এইটাই কি ইসলাম",0,0,1,0,0,0
‘বেশী কিছু চাই না... কিছু একটা করেন যেটা আপনার স্বাস্থ্যের জন্য ভালো হবে... এবং এটা জেনে মানুষ উপকারিত হবে’,0,0,0,0,0,0
"সাপের বাচ্চা বুইড়া খাটাস, যে নিজে ছাগু বচন করে বেড়ায়, অমানুষ বলা চলে",0,0,0,0,0,1
ধর্মের বিরুদ্ধে কথা বলাটা আজ ফ্যাশন হয়ে দাঁড়িয়েছে - কাজী ফিরোজ রশীদ,0,0,1,0,0,0
... ফাহাদ ইলিয়াস ও আদনান নামের ১৯ বছর বয়সী ৩ বন্ধু  ‘পাঠাও’ সার্ভিস শুরু করে বছর দুয়েক আগে,0,0,0,0,0,0
আছকে অনেক ভালো লাগছে নাটকের মাঝে নামাজ পরা নিয়ে কথা বলছে আমি চাই প্রতিটা নাটকে নামজ নিয়ে বলে সবাই নামাজ পরবেন,0,0,0,0,0,0
"এখন সমস্যা হলো, মোটিভেশনাল স্পিকার পিতার বড় ছেলে ছিলো বডি বিল্ডার... সে করলো কি পট করে সেই ৪ টা লাঠির আটিটা ভেঙ্গে ফেললো",0,0,0,0,0,0
এই সমস্ত লোকের কথা না বললেই ভালো হয়। কারন এরা মূর্খ।।।। আর এই সমস্ত লোককে একগরে করে দেওয়া উচিত।।।।। সালিরে জুতা মারা উচিত।,0,0,0,1,0,1
এখানে হিন্দু মুসলিম সুখে আছি এটা দীবাকরের মতো দালালদের সহ্য হয়না।,0,0,0,0,0,1
শুধু তাই করলে হবেনা আমি করবো । সরকারের সব কথিত মন্ত্রীদের জনসমক্ষে ফাঁশি দেখানো উচিৎ । কতিপয় মৌলবাদী সংগঠন,0,0,0,1,0,0
"যে ধর্মে নিজের কাকিমার মেয়ের সাথে,পিসি মেয়ের সাথে,বিয়ে করে ভাইয়ের মেয়ের সাথে নিজের বোনের সাথে বিয়ে করে তার আবার অন্য ধর্মের মেয়েকে সম্মানের কথা মানায় না লাভ জিহাদী  উগ্রপন্থী আতংবাদি",0,0,1,0,0,0
শিক্ষাপ্রতিষ্ঠান বন্ধের চৌদ্দ মাস পূর্ণ হয়ে গেলো । আসুন আমরা শিক্ষাপ্রতিষ্ঠানের আত্মার মাগফিরাত কামনা করি,0,0,0,0,1,0
সাইবার পুলিশের লাঠির বাড়ি খেয়ে সাময়িকভাবে সোজা হলেন ত্যানা ম্যান থুক্কু নোবেল ম্যান ।,0,0,0,0,1,0
অসাধারণ একটা নাটক নাটক টা দেখে মনে হচ্ছে এত ভালো একটা জীবন যদি আমার হতো তাহলে কি ভালোই না হতো লাভ ইউ অপূর্ব ভাই,0,0,0,0,0,0
আমাদের দেশের এতো সুন্দর নাটক না দেখে সবাই ভারতের সিরিয়াল নিয়ে পরে থাকে অনেক ভালো লেগেছে নাটকটা কিন্তু বড় ছেলে নাটকটা আমাকে কাদিয়েছে ধন্যবাদ এতো সুন্দর নাটক আমাদের উপহার দেওয়ার জন্য,0,0,0,0,0,0
কুত্তার গলায় মুক্তোর মালা যেমন সুচির গলায় তেমন লাগে তাই ওর কাছে নোবেল পুরস্কার মানাই না,0,0,0,0,0,1
আমি পশ্চিমবঙ্গের বোলপুর শান্তিনিকেতন থেকে বলছি আমি সত্যি মেহেজারবিনের অভিনয় খুব ভালোবাসি তাই মিস করতে চাইনা,0,0,0,0,0,0
জুলু সোনা তুমি বারবার এক প্রমো কেন দাও আরতো ভাল্লাগছেনা তোমার মাথার স্ক্রু কি ঢিলা হয়ে গেছে,0,0,0,0,1,0
জীবনের দেখা সেরা নাটকগুলোর মধ্যে একটা সত্যি অসাধারন বলার ভাষা নাইবাস্তবতা,0,0,0,0,0,0
এদেরকে কোনো গালিগালাজ করবো না কারণ আমরা মুসলিম। এদের বিচার আমার আল্লাহ্ নিজে করবেন।,0,0,1,0,0,0
নাটক টা অনেক ভাল লাগল আমি হলেও তাই করতাম কেনে না একটা মেয়ের জীবন নষ্ট করার মানেই হয় না,0,0,0,0,0,0
নামাজ পড়া বিষয় টা অনেক বেশি ভালো লাগছে বাংলাদেশের প্রত্যেক ডিরেক্টরের উচিত না প্রত্যেক নাটকে নামাজ বিষয়টা রাখা,0,0,0,0,0,0
আমার জীবনের বেস্ট নাটক এই নাটকটা অনেক সুন্দর সুন্দর রোমান্টিক কাহিনী আশা করি সামনে আরও ভাল নাটক দেখতে পারো,0,0,0,0,0,0
মার্চ মাসের দিকে বউ আবিষ্কার করল ফ্যানের ডান্ডির উপরে কিছু কালো হয়ে যাওয়া গোলাপের পাপড়ি নাকি আমি লুকিয়ে রেখেছি,0,0,0,0,0,0
বলার মত ভাষা নেই অনেক দিন পর একটা মন ভালো লাগার মত নাটক দেখলাম গান এর কথাগল্প সব কিছু অসাধারন সত্যি কথা বলতে কেঁদে ফেলেছি ধন্যবাদ মিজানুর রহমান আরিয়ান ভাইএত সুন্দর কিছু উপহার দেবার জন্য,0,0,0,0,0,0
ইসলামিকভাবে শারীরিক সম্পর্ক হলে এইডস-এর জীবানুর কোন দিন জন্মও হতো না,0,0,1,0,0,0
চুতমারানি তুই নিজে আগে বাংলিশ বাদ দিয়া বাংলা লেখ! তারপর আবেগী ক্যাপশন দুচাইস!,1,0,0,0,0,1
আজ যদি রবিন্দ্রনাথ থাক ত থাকেও জঙি বলে ফাসি দিয়ে মার ত মরে গিয়ে ভাল করেছে না হলে বেচারার যে কি হত ।,0,1,0,0,0,0
"উনি গ্লাসের ফাঁক দিয়ে আমার নাদুস নুদুস শরীর দেখে মোটামুটি শিওর হলেন যে, আমার ফিগার আর যাই হোক, সেনাবাহিনীর ফিগার না",0,0,0,0,0,0
তারা ব্রেনওয়াশ করা ছোটবেলা থেকে শুরু করে... আমরাও শুরু করবো স্কুল কলেজ থেকে,0,0,0,0,0,0
কিছুটা টেম্পুর মত...  সেই গেটের কাছে বসবে যে আগে নামবে”,0,0,0,0,0,0
তোমার চোখে রাখলে দুচোখবুকের ভেতর চমকআর কিছু যায় না বলাএটা হয় যদি প্রেম হোক,0,0,0,0,0,0
নাটক টি খুব সুন্দর হইছেআরফান ভাই এবং তিশা আপু খুব ভালো জুটি,0,0,0,0,0,0
৩ বার নাটকটা দেখলাম হয়ত আবারও দেখা হতে পারেকিছু নির্মাণ থাকে যাদুকরী,0,0,0,0,0,0
রানু মন্ডল-আমি তো জানি আমি কে আমি-তুমি বড়ো বাল,0,0,0,0,0,1
"কিরে মাদার ফাকার,তুই নাস্তিক সেটা তোর আর তো বউ এর হোগার ভিতর ভইরা রাখ। এগুলা পাব্লিসিটি করার কি আছে ? নিজেরে কি ভাবিস মাদারচোদ? তুই বাংলার জারজ সন্তান এঈটা জানানো খুব বেশি প্রয়োজন??",1,0,0,0,0,1
শামীম ভাই বেস্ট তামিম রে কেন নিছে হালারে দেখলেই মেজাজ খারাপ হয়,0,0,0,0,0,0
ভারতীয় ঋণের শর্তে অর্ধেক প্রকল্পেই স্থবিরতা আরো কোটি ডলার ঋণ নিতে যাচ্ছে বাংলাদেশ ভারতীয় ঋণের শর্তে অর্ধেক প্রকল্পেই স্থবিরতা আরো কোটি ডলার ঋণ নিতে যাচ্ছে বাংলাদেশ সময়ের কণ্ঠস্বর,0,1,0,0,0,0
ফ্যাকাল্টি কে বলেন যে আমাদের সবার গাড়ি নাই। কেমনে আসব? আমরা গরীব,0,0,0,0,0,0
"সারাজীবন তো আর তোর দাদাদের ছায়াতলে থাকবি না তুই ....চোখ বন্ধ হলেই বুঝবি ""কত ধানে কত চাল "" ...তোর জায়গা মাটিতে হয় নাকি আল্লাহ ভালো জানেন। তোর শুভবুদ্ধির উদয় হোক এই কামনাই করি ...",0,0,0,1,0,0
বাংলাদেশের খেলোয়াদের খারাপ খেলার জন্য সরকারের উচিত সবাইকে সিল্কায় একটি বাড়ী একটি খামার উপহার দেওয়া তবে ডিজিটাল খেলোয়ার পাবে,0,0,0,0,1,0
"পায়েল যে কাপড় পরছে  এটা পরা না পরা সমান, খুব বাজে লাগতাছে.",1,0,0,0,0,0
অনেকবার প্রেম করা ছেলে একজন প্রেমিকা হারানোর কষ্টে আত্মহত্যা করতে যায় না এতটা ভেঙ্গে পরে শুধু প্রথম প্রেম হলে টেলিফিল্ম দেখে শুধু একটা কথাই মাথায় আসছে বাংলার কবির সিং 😏,0,0,0,0,0,0
শাহনাজ খুশি জাত অভিনেত্রী দিপু হাজরা আর বৃন্দাবন দাস জুটি অসাধারণ কাজ ছেবলামো টাইপ নাটকের ভিড়ে এরকম দুই একটি নাটক হয় বলেই বাংলাদেশের নাটক জগৎ এখনও বেচে আছে,0,0,0,0,0,0
বিএনপি বাবু আর লতা মুই তো লাফাইসনা সামনে আয় মা বেঙ্গে ভাত ধরিয়ে দিবো,0,0,0,1,0,0
এখানে শাকিবের ও দোষ আছে সে ইচ্ছে করলে আপুকে ভালো করতে পারতো,0,1,0,0,0,0
"ইফতারে পিৎজা চোদাও খানকির ছেলে? সাহস তো কম না!! ইফতারের পর আপলোড দিয়েছেস!! এবার দ্যাখ, কি করে সবাই ওই পিৎজাই তোর শাওার মাঝে ভরে দেয়। মাদারচোদ ফকিন্নি কোথাকার। তোকে বালমান বলে গালি দিতেও তো লজ্জা লাগে বে",1,0,0,0,0,1
অনেক সুন্দর একটা নাটক তার মাঝে আরো ভালো লাগছে নামাজের বিষয়গুলো তুলে ধরার জন্য পরিচালক এবং আফরান নিশো আমাকে অনেক ধন্যবাদ,0,0,0,0,0,0
"মৎস্য ভবন থাকার কথা চাঁদপুরে, আমরা বিশাল বিল্ডিং বানিয়ে রেখেছি ঢাকার রমনায়",0,0,0,0,0,0
"তোরা ল্যাংটা জাতি, অশালিন নোংড়াভাবে চলাফেরা করিস, ভাই বোন সবাই নোংড়া, ভাই বোনদের রাস্তায় নোংড়া ভাবে ছেড়ে দিস,  কেমন পবিত্র সম্পর্ক বুঝলাম না",0,1,0,0,0,0
"তোরা হিন্দুরা হলি গুহাবাসী,আদিমযুগে পরে আছিস,তোদের নুনু শিবলিঙ্গের মতো দেখতে হয়ে যাবে তখন আবার তোদের শিব কস্ট পাবে।",0,0,1,0,0,0
অসংখ্য ধন্যবাদ মিজানুর রহমান আরিয়ন আপনাকে অসাধারণ গল্পটাআমার অনেক ভালো লাগছে,0,0,0,0,0,0
"যে বাসায় দাওয়াত খেতে গেছি, সেখানের লিফট হুট করে নষ্ট হয়ে গেলো... ৫ তলা থেকে ঘামতে ঘমাতে নিচে নেমে দেখি উনি নিচে দাঁড়িয়ে আছে গাড়ির জন্য",0,0,0,0,0,0
“তাইলে মুখে নেস কেন যদি বুকেই ধারন করতে হয়? বুকেই থাকতে দে”,0,0,0,0,0,0
অসাধারণ একটি নাটকসাবাই সবার ভালোবাসার মানুষটার সাথে থাকলে এই ভাবে সুখে থাকবে,0,0,0,0,0,0
"সাদা পোষাকের মোজা, টাই আন্ডুপ্যান্ট পড়া জসিমরে খুজতে গ্যালারিতে ঢুকছিলাম",0,0,0,0,0,0
আরিয়ান ভাই আপনার লেখা সবচাইতে সূনদর নাটক আমার দেখা সেরা নাটক আমাদেরকে সুন্দর নাটক ওপহার দেওয়ার ধন্যবাদ আপনাকে,0,0,0,0,0,0
শুধু কাদের মোল্লা আর কামরুজ্জামানের ফাসি দিতে পারবে। কই রানা প্লাজার রানার কিছুই তো হয় না। এই ছেলে ও কিছু হবে না। বাংলাদেশে কোন সঠিক বিচার নাই। গণ জাগরন মঞ্চের লোকেরা এখন কই।মোমবাতি মিছিল করবেন না।,0,1,0,0,0,0
মাত্র ২ জন কে দিয়ে ও যে ভালো সুন্দর নাটক করা এই নাটক তার প্রমানভালো লাগার মত একটা নাটক,0,0,0,0,0,0
সীমান্ত হত্যা বন্ধের দাবীতে প্রতিকী লাশ নিয়ে ঢাকা থেকে কুড়িগ্রামের অনন্তপুর হেটে যাত্রা,0,1,0,0,0,0
"কোর্টের মত বিজ্ঞ সংস্থা কেমনে প্রথম প্রায়োরিটিগুলো স্কিপ করে, তৃতীয় চতুর্থ  প্রায়োরিটি নিয়ে ছদবদ করে একটা রায় দিয়ে দিলো",0,0,0,0,0,0
যারেই এট্টু বেহুলা ভাবিসেই কেমনে জানি মিথিলা হয়ে যায়যায় হক পরি আফু তুমি জানি ন্যায়বিচার পাও,0,0,0,0,1,0
"কাম হল একটা রাজস গুন , কিন্তু তুই ছিনাল এগুলো বুঝলে তো , পানের থেকে চুল খসলেই গালি ই দিতে জানিস , তুই আর একটা বলদ এর মধ্য কোনো তফাৎ নেই",0,0,0,0,0,1
"সমাজের যত নোংরা জিনিস তুলে এনে দেখানো হচ্ছে, এসব নোংরা জিনিস না দেখালেও তো চলে",0,1,0,0,0,0
"“কি যে বলেন, থ্যাংকস তখন দিয়েন যখন আমার কন্সটবেল বাসে করে আপনার মেয়েকে আপনার হাতে পৌঁছে দিয়ে আসবে”",0,0,0,0,0,0
অনেক দিন পর আজ আবার সেই পূরনো অনুভূতি কাজ করলো নাটক দেখে আসলে ভালবাসায় মায়া থাকাটাই বেশি জরুরি মায়ার টানের কেউ কাউকে ছেড়ে যেতে পারে দিনশেষে দুজন দুজনার,0,0,0,0,0,0
সত্যিই খুব সুন্দর এবং অসাধারণ একটি নাটক ছিল কান্নাহাসি এবং অকৃএিম ভালোবাসা যেন হৃদয় জুড়ে গেলধন্যবাদ এত্ত সুন্দর একটি নাটক উপহার দেওয়ার জন্য,0,0,0,0,0,0
আমার সরল মনের একটাই প্রশ্ন । সিরিয়ালের সব নায়ক নায়িকার জীবনের ঝড় গুলো কেনো সব সময় ফুলশয্যার রাতেই ঘটে ?,0,0,0,0,1,0
"এই কুলাংগারকে বাংলাদেশ থেকে বিতারিত করে তসলিমা,সানি লিওনির কাছে পাঠিয়ে দেওয়া হোক।",0,0,0,1,0,0
কমেন্ট পরতে আইছি। বানান ঠিক না থাকলে সাইবার আইনে মামলা করবো। বি কেয়ারফুল,0,0,0,1,1,0
"করিনি কারণ, আমি সারা জীবন এই লাইনটা গর্ব করে বলতে চাই, “এদের কেউই আমাকে দেখেনি... তাও আমাকে ফলো করে”",0,0,0,0,0,0
ভালোবাসাটা পবিত্র থাকুক আমাদের মা বাবা কে আল্লাহ পাক বুজার তৌফিক দান করুক,0,0,0,0,0,0
অপূর্ব এর সাথে মেহেজাবিন কে দারুন মানায় খুব ভাল লাগে এই জুটিকে অপূর্ব আর মেহেজাবিন সব নাটক গুলোই দারুন রোমান্টিক হয় খুব ভাল লাগে অপূর্ব আর মেহেজাবিন এর নাটক গুলো,0,0,0,0,0,0
"আমি গুনতে থাকলাম, লাইন ব্রেক করে ঠিক কত পিছে যেয়ে দাঁড়ালে আমার হাতে এসে ১৯৭১ নম্বর ফর্মটা থামবে",0,0,0,0,0,0
কোনো অতিনাটকীয়তা নেই নেই কোনো অযৌক্তিক সংলাপ জোর করে হাসানো বা কাঁদানোর চেষ্টা নেই সাবলীল অভিনয় অসাধারণ সুন্দর নাটক সুন্দর একটি অনুপ্রেরণাদায়ক গল্প এক কথায় একটি পজিটিভ নাটক,0,0,0,0,0,0
যুদ্ধের ভিডিও দেখন তার পরে বুঝবেন ভারত বাংলাদেশে বুন্ধু না শত্রু,0,1,0,0,0,0
ট্রাম্পকে নিয়ে বেশি বারাবারি ভালো না। চায়নার সাথে হাত মেলাবে কারন অর্থনীতি চাংগা করার জন্য? খেসারত দিতে হবে ভারত ও বাংলাদেশকে? ট্রাম্পকে নিয়ে এতো খুশী হওয়া ঠিক নয়।,0,1,0,0,0,0
"ফেনীতে আবার খালেদা জিয়ার গাড়িবহরে হামলা, দুই বাসে পেট্রল বোমা",0,1,0,0,0,0
এই ঈদের সবচেয়ে সুন্দর নাটক কি অভিনয়ে কি রোমান্স কি ডিরেকশ সব কিছুতে ফাটাফাটি তাই এই নাটক তো দেখতেই হবে কারণ জীবন তো একটাই,0,0,0,0,0,0
পুরা জীবন টা কে ৫৩ মিনিট উপল্পধি করলাম আসলে ভালোবাসাটা এমন হওয়া উচিৎ অনেক টা মিল আছে লাস্ট টাইমের কথা গুলা তার মুখের কথা উহহহ কে আগে মারা যাবে আমি বলছি আমি সে বলে সে আগে,0,0,0,0,0,0
সব বন্ধুদের মাঝে কেনো ভালোবাসা দেখানো লাগবে সব ঠিকা ছিল কিনতূ শেষে ভালোবাসা টা দেখানো ঠিকক হয়নি,0,0,0,0,0,0
অামার েদখা সব েচয়ে সুন্দর নাটক পুরোটা একটানা দেখেছি ধন্যবাদ জীবন চিএ এতো সুন্দর ভাবে তুলে ধরার জন্য,0,0,0,0,0,0
ধন্যবাদ বৃন্দাবন দাস এই রকম একটা ভালো নাটক উপহার দেওয়া জন্য,0,0,0,0,0,0
বই পড়ে ধার্মিক হওয়া যায় না । এর জন্য কঠোর ভাবে সংযম পালন করে তপস্যা করতে হয় ।,0,0,1,0,0,0
এই নাটকে যারা ডিসলাইক দেয় তারা নিশ্চিত হিরো আলমের ফ্যান এক কথায় অসাধারন নাটক ছিলো এটা,0,0,0,0,0,0
সকল অপকর্মের সাথে কোনো না কোনো ভাবেই ছাত্রলীগ না হয় আওয়ামীলীগ জড়িত থাকে বুঝলাম না ব্যাপারটা।,0,1,0,0,0,0
ভাইয়া আমি আপনার অনেক বড় ফ্রেন্ড আমি আপনার আপডেট নাটক কখন দেখা মিস করিনা সবগুলো নাটক দেখি অনেক সুন্দর অনেক ইচ্ছা আপনাকে একদিন সামনাসামনি দেখব আমরা সবাই দোয়া করি আপনি যেন আরও এগিয়ে যেতে পারেন,0,0,0,0,0,0
দুধ নিয়ে প্রাউড ফিল করে ! কি জুগ আসলো রে  বাবা,1,0,0,0,1,0
মিজানুর রহমান আরিয়ান সাহেবকে আন্তরিক ধন্যবাদ এমন সুন্দর একটা কাজ উপহার দেবার জন্য আফরান নিশোর অসাধারণ অভিনয় কাজটাকে আরো বেশি ভালো করে তুলেছে💯💯,0,0,0,0,0,0
"রোজা রাখসি!
নাহইলে তোরে কুত্তা,জানোয়ার,শূয়র,গাঞ্জাখোর,বলদ,মগার বাচ্চা,হিজড়ার বাচ্চা,ইয়াবারখোর আবাল বইলা গালি দিতাম শালা",0,0,0,0,0,1
"সেলফিশের মতো আমি চাই এখনই একটা ব্যবস্থা করে যেতে যেন কালকে মরে গেলেও আমার মেয়ে বড় হয়ে বলতে পারে, “উনি মারা যাওয়ার আগে একটা স্কুল করে গেছেন”",0,0,0,0,0,0
"খুনিদের শাস্তি,ফাঁসি কার্যকর করা হলো,তাড়াতাড়ি ফাঁসি দাও ধন্যবাদ,আর ছাত্র রাজনীতি বন্ধ করা হোক",0,1,0,0,0,0
আমি ও রানু দিদি কে সাপোর্ট করতাম কিন্তু আজ আমি লজ্জিত আমি ও গান ভীষন ভালোবাসি যে মুখে লতাজী আর  আশাজির গান গাই সেই মুখে এমন কথা মানায় না এটা ওনাদের কে আপমান করা হয়,0,0,0,0,0,1
ওই খানকিরে সব ছাএ ভাইয়েরা মিলা ছুদেন তাই নাকি আবার ইয়াবা সেবন করে খানকি ৷,1,0,0,0,0,1
"হিন্দু,মুসলিম উভয়কেই বাশ দিলো নুসরাত,কারও বোঝার ক্ষমতা নেই.",0,0,1,0,0,0
‘ফলস দাড়ি আবার কি? ফলস হয় শাড়ি নিচে... আর দাড়ি হয় মুখে... কি সব বলেন?’,0,0,0,0,0,0
এই নাটকটাতে নিশোর কথা গুলো খুব রিয়েলিস্টিক ছিলখুব ভাল লাগলকোন হাংকি পাংকি নাই,0,0,0,0,0,0
সত্যি অসাধারণকুর্নিশ জানাই সকল কলাকুশলীদেরঅসম্ভব সুন্দর অভিনয়অসংখ্য ধন্যবাদ এতো সুন্দর একটা পরিবেশনার জন্য,0,0,0,0,0,0
"অন্য সময় হলে নজরুলের বাপের চোখে হয়ত পানি এসে পড়তো ... সে পিছনে তাকাতেও ভয় পাচ্ছে। নজু না দেখে ফেলেছে ব্যাপারটা? দেখার অবশ্য কথা না, সে তো গেইটের বাইরে ব্যাগ নিয়ে দাঁড়ায় আছে... উঁকি তো মারার কথা না ভিতরে",0,0,0,0,0,0
কি আর বলব এক কথায় অশাধারন১০০টা লাইক দিতে পারলে হয়ত নিজের কাছে ভাল লাগত,0,0,0,0,0,0
জীবন কে বাজি রেখে খুনি বরকে কিভাবে বিয়ে করতে হয় তা জুলু মাষ্টার ওরফে পতন মালসাকে শেখাতে আসছে মরণ আর মাত্র দুই ঘন্টা পর । পতন মালসা রেডি হয়ে যাও রোমান্স শেখার জন্য ।,0,0,0,0,1,0
"‘বাবা প্লীজ বাবা প্লীজ’ শুনতে থাকার পরেও, “করেন জবাই” বলতে কলিজা লাগে",0,0,0,0,0,0
"যেই খানকীর পোলা নাস্তিক রা বিরোধীতা করছিস, তোদের সবার বোন দের কে আমি বিয়ে ছাড়া চোদব।",1,0,1,1,0,0
মনে হল নাটকটা খুব তারা তারি শেষ হয়ে গেল খন ৩৪ মিনিট গেল বোজিনাই ভালো ছিল,0,0,0,0,0,0
২০১৯ সালের সেরা নাটকমেরিল প্রথম আলো পুরস্কার চাই এই নাটকেলাভ ইউ আপু ও ভাইয়া💔💔👈,0,0,0,0,0,0
পুরা নাটকটা দেখে বেশি ভালো লাগলো যে আফরান নিশু ভাই যে ভাবে নামাজ পডলএই ভালো কাজটা যেন আমরা সব সময় আদায় করিআল্লাহ আমাদের সকলকে নামাজ আদায় তৌফিক দেন আমিন,0,0,0,0,0,0
"কিন্তু ওদিকে আমি আবার আমাদের সেসময়ের কিছু লাস্ট বেঞ্চারকেও চিনি, যারা এদের থেকে দ্বিগুণ ইনকাম করছে",0,0,0,0,0,0
খানকি মাগি একটা নাস্তিক এর বাচ্চাওর জাহান্নামে ও ঠাই হবে না,1,0,1,0,0,1
“ভেবে দেখে নিন ম্যাডাম... ওষুধ কম বেশী হওয়ায় অপারেশানের মাঝেই রুগির অনেক সময় জ্ঞান ফিরে আসে আর কষ্ট সহ্য না করতে পেরে অনেক ক্ষেত্রে রুগি কোমায় চলে যায়”,0,0,0,0,0,0
অনেকদিন পর এইরকম মানসম্পন্ন নাটক দেখলাম কাহিনী টা ভালো ছিলো,0,0,0,0,0,0
যে শালা মালাউন বলেছে ও বোনেরে চুদি তোমাদের মুখে দারি মাথায় ঠুপি রেখে ভন্ডামী কর তোমরা জংগী?,1,0,1,0,0,1
"শেষমেষ, সবাই আমার দিকে তাকালো... আমিও আর প্রশ্ন খুঁজে পাই না",0,0,0,0,0,0
স্পিচলেসএক কথায় অসাধারণ বান্নাহ ভাইয়ের গল্প আর স্কৃিন প্লের নিখুঁত সমন্বয় আর অভিনয়ের ক্ষেত্রে নিশোর পরেই ইরফান সাজ্জাদ,0,0,0,0,0,0
নাটকটায় অমি ভাই নাটকের দিকটা উল্লেখ করেছেন এটা দেখে ভালো লাগল,0,0,0,0,0,0
"আমার এলাকায় ২ টা রাস্তা খায়ে ফেলেছে আওয়ামী লীগ নেতা,, ১ টা রাস্তা ইটের খোয়া পরযন্ত আর একটা রাস্তা মাটি খুরেই শেষ।।৩ বছর হইল",0,1,0,0,0,0
ভারত বাংলাদেশে অর্থনৈতিক অঞ্চল গড়ে তোলার আগ্রহ প্রকাশ করেছে। শুধু বাংলাদেশকে বাঁশ দেওয়ার জন্য,0,1,0,0,0,0
"দেখ মামুন, আমাকে মাগীর পুতেরা কিসু করল না. সালারা বিচার করুন",1,0,0,0,0,0
আমার অর্ধেক জীবন পার হয়ে গেছে এই চুদিরভাইকে আমি মানুষ না অমানুষ তার প্রমান দিতে দিতে,1,0,0,0,0,1
"আর এর ফলে... এই রায়ের প্রতিবাদে, আজ থেকে পুরো দেশজুড়ে পরিবহণ ধর্মঘট ডেকে বসে আছে পরিবহণ সমিতি",0,0,0,0,0,0
চিকিৎসা বিদেশী জার্সি গরুর তিন লিটার করে মুত্র সকাল বিকাল তাকে পান করাও । আশা করি দ্রুত আরোগ্য লাভ করবে ।,0,0,0,0,1,0
লাইট জ্বলতে জ্বলতে এক সময় ফিউজ হয়ে যায় । আপনার ও ফিউজ হওয়ার সময় হয়ে এসেছে,0,0,0,1,1,1
"অবৈধ অ-সমাজ অ-কল্যাণ মন্ত্রীর ঘোষনা, হিজাব পড়া চলবেনা এসব নাস্তিক ও তাদের দলকে বর্জন ও প্রতিহত করুন",0,0,1,0,0,0
শিব সম্পূর্ণ নগ্ন হয়ে ঋষিদের স্ত্রীদের পিছনে দৌড়াতেন । এই অশ্লীলতার কারণে তাকে তার পুরুষ অঙ্গ হারাতে হয়।,1,0,1,0,0,0
"যতই মুখে বলব, ততই ব্যাপারটা এক্সটারনাল ড্রাইভের মতো শুনাবে... বিল্ট-ইন কনসেপ্টটা হারিয়ে যাবে",0,0,0,0,0,0
দাদা আপনার কথা ভালো লাগলো এটাই মানুষের পরিচয় মানুষ মানুষই সে হিনদু হোক আর মুসলিম হোক কিছুদিন আগে একটি হিনদু মেয়েকে রেফ করেছিলো মেয়েটির নাম পুজা এতে কিনতু আমরা মুসলমানেরা ওই সাইফুলের ফাসির দাবি জানিয়েছিলাম,0,0,0,0,0,0
মুসলমানদের কাছে গরু মাংসের উপরে কোনও খাবার নাই বছরের ৩৬৫ দিন এই এক খাবার দিলেও আমি খুশি মনে খাইতাম,0,0,0,0,0,0
অনেক অপেক্ষা করছি নাটকটার জন্য অনেক ভালো লাগছেবিশেষ করে কামাল,0,0,0,0,0,0
"মহিলা বেঈমানদের কে রাণুমন্ডল নামে গালি প্রচলন করা হোক, যেমনটা বিশ্বাস ঘাতক দের কে মীরজাফর বলা হয়",0,0,0,0,0,1
প্রশংসা করতে গেলে শেষ হবে না শুধুই এইটুকু বলব আফরান ভাই নিশো আপা নাটকে বাস্তবটা তুলে দরল ভাই আপা ভালোবাসা ও দোয়া রইল,0,0,0,0,0,0
ছালা পাকিস্তানীদের জন্য বাশ দিয়া দাও ভর দিয়া হাটবো তো অভাবে আছে ফহিন্নি রাজাকার ভুটিকুত্তার দল,1,0,0,0,0,1
আরিয়ান ভাইকে অনেক ধন্যবাদ এমন একটা রোমান্টিক নাটক উপহার দেওয়ার জন্য অপূর্ব ভাইয়ের নামটা যেমন অপূর্ব নাটক গুলো থেমন অপূর্ব সব মিলিয়ে অনেক সুন্দর একটি নাটক,0,0,0,0,0,0
"মেয়েটা উত্তর দিলো, “আমার প্রথম উইশ হলো, আমার ১০ টা উইশ পূরণ করতে হবে”",0,0,0,0,0,0
পাঁচ বার দুর্নীতিতে বিশ্ব চ্যাম্পিয়ন বিম্পির দালাল পার্থ (চোরের বেটা),0,0,0,0,1,0
আমাদের সবার প্রাণের দাবী প্রথম আলোর সাংগাতিক গুলো কে আফগানিস্তানে পাঠানো হক যুদ্ধে সরিক হওয়ার জন্য তাতে আফগান নারীদের কিছু টা হলেও সহযোগিতা হবে বলে আশা করি,0,0,0,0,1,0
"মুত্তে গেছিলাম,তর ছবি দেইখা আর একবারে হাগু দিয়া রুমে আইলাম",0,0,0,0,0,1
"টিভি/রেডিও/টক-শোতে, একাত্তুরের চেতনা চেতনা চেতনা করে এটাকে রীতিমতো পচিয়ে ফেলেছি আমরা",0,0,0,0,0,0
"এই পৃথীবি তোমার আমার, বুড়ো লোক বলছে , আর আমরা গাঁড় মারাতে আসছি",0,0,0,0,1,0
কার জীবনে একবারের জন্যও শখ হয়নি হিমুর মতো হলুদ পাঞ্জাবী পরতে বা কোনও হিমুর রুপা সাজতে?,0,0,0,0,0,0
তানজিন তিশা কে আর দেখতে ভাল্লাগতেছেনানতুন কি কোন নায়িকা বাংলাদেশে নাই বুঝিনা বাল,0,0,0,0,0,0
চাপাবাজ হিন্দুস্তানি সরকার ভুয়া সারজিক্যাল স্ট্রাইকের অভিনয় করে আর পাকিস্তান তাদের মেরেই যাচ্ছে। তারা কখনো পাকিস্তানের সাথে পারে নাই। শুধু একাত্তরের যুধ্বে বাংলাদেশি মুক্তিবাহিনীর জন্য একবার পাকিস্তানকে সাইজ করেছে। ভারত আর কখনোও পাকিস্তানের বিরুধ্ব,0,1,0,0,0,0
শেষ টা অনেক ভালো লাগ্লো আমাদের দেশের নাটক গুলোতে শেষে গিয়ে নায়ক নায়িকা কে অবশ্যই কেন বিয়া দিতে হবে বিয়ে ছাড়া কি ভালো বাসা হয় না নাকি নাটক টা এঞ্জয় করলাম,0,0,0,0,0,0
"এগুলো পতিতা হয়ে গেছে,,, নাস্তিকদের নিয়ে গবেষণা না করে জুতা মারা উচিত,,, আসলে এদের পিতা মাতা কি এদের কোন ধর্মীয় শিক্ষা দেয় নাই?? এই কি মুসলিম পরিবারে জন্ম গ্রহণ হয়ছে নাকি??",1,0,0,1,0,0
"সানিউর কুত্তার বাচ্চা, তুর বোনেরে চুদমু তুর কান্দে ফালাইয়া, তুর মাইরে চুদমো তুর বাবার কান্দে ফালাইয়া, বান্দির বাচ্চা রেন্ডির সন্তান,",1,0,0,0,0,1
"তোকে চুদার বড় সক আমার,তোর সোনার বিতরে গোস্ত বেসি চুদতে মজা লাগবে,ধুদের মাজখান দিয়ে দিবো, মজা পাইবি মাগী",1,0,0,0,0,1
"বিস্কিট খেতে খেতেও মরশেদ বলতে থাকলেন, ‘আরিব্বাই পল্লবীর নুরুর বিস্কুট খাইসেন?’",0,0,0,0,0,0
এটা তোমার মত নষ্ট মেয়েদের দেশ নয়। এদেশে নব্বই ভাগ মুসলমান আছে আর তুমি যা খুশি তা বলে যাবে জুতা পিটা দেওয়া হবে,0,0,1,1,0,0
"যদি হলিউড থেকে অফার আসে (যদিও সম্ভব না), রানু মন্ডল বলবে, আমি তো হিমেশ এর সাথে কথা বলতাম না, আমি তো জানি আমি কী?!আর হিমেশ কী?",0,0,0,0,0,1
মাকে খাওয়ানোর মত টাকা ছিলো কিন্তু ওইরকম রানুর মত মাকে খাওয়ানোর মত টাকা ছিলনা,0,1,0,0,0,0
কুলদীপ নায়ার বিশিষ্ট ভারতীয় সাংবাদিক এই জন্য ভারতের পর রাষ্ট্র নীতির কড়া সমালোচনা করতে গিয়ে বলেছেন।,0,1,0,0,0,0
আমার দেখা অপূর্ব ভাইয়ার শ্রেষ্ঠ নাটক অনেক অনেক ভালোবাসা ভাইয়ার জন্য,0,0,0,0,0,0
সাকিব হলো আই পি এলের খেলোয়াড় টাকা যেখানে সাকিব সেখানে শালা ভারতের দালাল,0,1,0,0,0,0
শালা তরে রে ইন্দুর দিয়া পুটকি মারলে যদি তর লাজ হয়! শালা মাইজ্ঞা,1,0,0,0,0,1
মানবিক বিয়ে এখন দেখতাছি মানবিক ইফতার মানবিক নামে আরও যে কি দেখবো ?,0,0,0,0,1,0
দারুন দারুন দারুন আমি কলকাতায় থাকি এই নাটক টি দেখার পর কোন ভাষা থাকে না কিছু বলার অসাধারন,0,0,0,0,0,0
ওই কুত্তাটাকে ইতর বললে তো সমস্ত ইতর প্রাণীদের অপমান করা হয়।,0,0,0,0,0,1
দারুণ একটা নাটক মনে অন্য রকম একটা ছোঁয়া লেগেছে অসাধারণ,0,0,0,0,0,0
"লেংটির ছেলে, তাই ত বড়ো বড়লোক । কারন ত কখনো তর্কেই তোদের ঠাকুরেরা জিততে পারেনি",1,0,0,0,0,0
"আবাসিক হোটেলের সামনে ঘুরঘুর করা নিব্বাকে মাগীর দালাল জিজ্ঞেস করছে, তোর কি মাগী লাগবো?",1,0,0,0,0,0
"ভন্দু 
তাই ভদ্র ভাষায় বলছি চুতম্রানি, খান্কির পুথ, আচোদা কন্ডমের রাবার,সোনাকাটা বাইনচোদ ভুষ্মি মাকিরপো তোর পিক না চোদালে হয় না",1,0,0,0,0,1
দাদা বাবু ভারতের শোকে তুমি দিশেহারা। অথচ পাশের রাষ্ট্রে আমাদের মায়ানমারের মুসলমান ভাই বোনদের জন্য বিন্দু মাত্র মাথা ব্যাথা নাই। কতইনা রিলাক্স কোথায় গেছে আজ জাতিসংঘ? ওয়াইসিও কোথায়??,0,0,1,0,0,0
এইটা কী তরবাপের দেশ নাকী জামনেচায় তাকরবি তদেরমত মালাউনদের কুতাদিয়া চুদা দরকার,1,0,1,0,0,1
"সেদিন... বিশ্ব মিডিয়া যেন আমাদের নিয়ে রিপোর্ট করার সময়; এই হেডলাইনটা অন্তত দেয় যে, “বাংলাদেশ জানতো, বিপদ আসছে”",0,0,0,0,0,0
অনেক দিন পর একটা ভালো নাটক দেখলাম বুকের বা পাশে এর পর,0,0,0,0,0,0
৩৬ টা ছবি যেমনই হোক…ওয়াশ করার পর বুঝা যাবে,0,0,0,0,0,0
ভারতে হাতি বাংলাদেশে আসলে জামাই আদর করে আর মিয়ানমারে রোহিংগা আসলে যত সমস্যা,0,1,0,0,0,0
ভারতের যদি পাওয়ার থেকে থাকে তাহলে পাকিস্তানের সাথে পারে না কেন ভারতের কেউ বাংলাদেশে আসলে জামাই বাবুর মত আদর করে তার বিনিময়ে ভারত পাখির মত নিরিহ বাংলাদেশি মারবে ভারতের জমের বাপ পাকিস্তান,0,1,0,0,0,0
"তুই কিসের নাস্তিক,নাস্তিক হতেও লজিক জ্ঞান লাগে, তুই তো ইহুদিদের দালাল টাকার বিনিময়ে সব দিতে পারিস",0,0,1,0,0,0
ছাত্রলীগকে সন্ত্রাসী সংগঠন হিসেবে ষোষনা করে ছাত্রলীগের রাজনীতি নিষিদ্ধ ঘোষনা করা হোক,0,1,0,0,0,0
"আজ তার জন্মদিনে; তার জন্য না, বরং আমার জন্য দোয়া করবেন যেনও আমি সবসময় আমার দুই মেয়ের ক্ষেত্রেই, আমার কথাটা রাখতে পারি",0,0,0,0,0,0
অসাধারণ একটি নাটক নামাজ পড়ার উপদেশ দেওয়ার জন্য রইল অসংখ্য ধন্যবাদ,0,0,0,0,0,0
ভারতের ট্রেন ট্রাজিডিতে শোক প্রকাশ করছি আমরা তোমাদের মত আবাল না যে খুশি হবো আর ভারতের এত্ত চুলকায় কেনো রে বাংলাদেশের সাবমেরিন দেইখা ? এটা তো কেবল সুরু,0,1,0,0,0,0
অপূর্ব মানেই অপূর্ব আমরা ছাই অপূর্ব আমাদের কে নাটক এর পাশাপাশি সিনেমা ও উপহার দিককারন অপূর্ব মানেই অন্য কিছুআর তাকেই আমরা নাটক সিনেমা দুইটায়েই দেখতে ছাইআর আশা আমার মতো সবাই এটাই ছায়,0,0,0,0,0,0
স্যালুট আপনাদের সবাইকে যারা এই নাটক নির্মানের সাথে জড়িত ছিলেন এক কথায় অসাধারণইরফান সাজ্জাদ ভাইতিশা আপু অসাধারণ অভিনয় করেছেন,0,0,0,0,0,0
অতীতের কথা না ভেবে থাকা টাই বেটার তাই না ভাই আমি এটাই মনে করি,0,0,0,0,0,0
নামাজের কথা মনে গিয়ে লাগলো সেলুট অারফান ভাই ভালো বাসা অারো বেড়ে গেলো অাপনার জন্য,0,0,0,0,0,0
পরিচালক কে ধন্যবাদ অনেক দিন পরে নাটকে ভালো একটা বাইক দেখার জন্য,0,0,0,0,0,0
আওয়ামীলীগ কী তার পরাজয়ের দলিলে স্বাক্ষর করে নিচ্ছে? এদের জন্য কোন ব্যবস্থা না নিয়ে বাংলার পর্দাশীলদের কেন হেনস্তা করা হচ্ছে,0,1,0,0,0,0
"পিছের জন ধাক্কা না দিলে আমি উনাকে কথা শুনিয়ে দিতাম, “৭১ ভুলে সামনে আগানো যাবে না ব্রাদার”",0,0,0,0,0,0
গাড়ির শব্দ... রিক্সার রিং ... চানাচুর ওয়ালার ডাক... বাদাম ওয়ালার ডাক... টেম্পুর স্টার্ট নিয়ে বন্ধ হয়ে যাওয়ার শব্দ... মানুষে মানুষে ঝগড়ার শব্দ... রাস্তায় মানুষের গোসল করার শব্দ ... ট্র্যাফিক পুলিশের অযথা বাঁশি বাজানর শব্দ... বলে শেষ করা যাবে না,0,0,0,0,0,0
"তবে আর যাই বোল তোদের নিরামিষ খাওয়া মা বোন গুলা সেই,আর তোদের হট সেক্সি দেবি গুলা আহহ সেই সেক্সি যেভাবে সাজিয়ে গুজিয়ে  রাখিস সেই হট লাগেরে,ইচ্ছে করে আমার ১০ ইঞ্চি শিবলিঙ্গটা ঢুকিয়ে দেই।",1,0,1,0,0,1
ভলান্টিয়ারস ফোর বাংলাদেশের ২২ হাজার ভলান্টিয়ার নিয়ে ‘ন্যাশনাল ইয়ুথ এসেম্বলি’ হচ্ছে... আপনাকে চাইই চাই,0,0,0,0,0,0
"মেধাবী যখন শিবির হয়,যখন মাদকাসক্ত হয় তখন এসব ঘটবে আবারো।",0,1,0,0,0,0
"এরকম প্রচুর উদ্যোক্তা আছে আশেপাশে; ডিজিটালাইজ লন্ড্রি ইন্ডাস্ট্রি, গারবেজম্যান,  ট্রাক চাই, অ্যাডমিশন নিনজা... নাম বলে শেষ করা যাবে না",0,0,0,0,0,0
ইবলিশের মতো বাহির হইল ক্যান দেশ থেকে না যাও জুতার মালা পরাইয়া নার্গিস খাতুনের মতো কাহিনি শুনা আবার,0,0,0,1,0,0
"জেলের হুংকার দেখিয়ে লাভ নাই, জেল, গ্রেপ্তারের ভয় নাই প্রতিদিন",0,0,0,1,0,0
কেউ এক বারের বেশী দেখেছেন এই নাটকটিআমি নাটকটি ৩ বার দেখেছি আমার দেখা সবচেয়ে সেরা নাটক এটি আশা করি আগামীতে আরো সুন্দর সুন্দর নাটক পাবো অপেক্ষাই থাকলাম,0,0,0,0,0,0
প্রত্যেক জেলায় অস্থায়ী বিমানবন্দর করে তাতে বিমান ব্যবস্থা এবং প্রাইভেট হেলিকাপ্টারের ব্যবস্থা চালু করার জোর দাবী জানাচ্ছি ।,0,0,0,0,1,0
খবরটা এমন হওয়া উচিত ছিলো বাংলাদেশের কন্ঠ শিল্পী আসিফ আকবরের সাথে সিনেমায় গান গাইবেন ভারতে কন্ঠশিল্পী মোনালি ঠাকুর,0,0,0,0,0,0
জানি হাজারো কমেন্টের মাঝে আমার কমেন্ট টি হারিয়ে যাবে তবুও বলছি আমার এক জোড়া পুরানো জুতা আছে বিক্রি করবো কেউ নিতে চাইলে জানাবেন ।,0,0,0,0,1,0
ভাই আপনাকে দেখার পর থেকে দেশে ভয়ংকর রকমের অনেক অন্যায় ঘটতে দেখেছি। ভেবেছিলাম আপনি কিছু লিখবেন। লিখেননি দেখে অবাক হইনি কারন আপনি নিজেকে এগুলি থেকে দূরে রাখতে চেয়েছিলেন। আপনি অন্য মাধ্যমে আমাদের কে ইন্সপায়ার করে যাচ্ছিলেন।,0,0,0,0,0,0
ভারত কি ভুটানের মত বাংলাদেশের প্রতিরক্ষা খাতের নিয়ন্ত্রণ নিতে চায় আমরা কারও অধীনতা চাইনা।,0,1,0,0,0,0
মনের অজান্তেই চুখে পানি চলে এসেছে অনেক অনেক ভালো হইছে,0,0,0,0,0,0
আমি ভারতীয় কিন্তু এই নাটকগুলো খুবভালোলাগেআমরা কলেজের জীবন থেকে বাংলাদেশ এর অনেক নাটক দেখিএটাও বেশ ভালোআরো একটা বড়ো ছেলে,0,0,0,0,0,0
এতো সুন্দর নাটক আমি আগে কখনোও দেখিনি শেষের দিকে চোখের পানি ধরে রাখতে পারিনি,0,0,0,0,0,0
আমি চাইনা এই বেইমান মাগীরা আর কোন বেইমান সন্তান জন্ম দেক!,1,0,0,0,0,1
"পাকিস্তানে দুই করোনা আক্রান্ত রোগীর রিপোর্ট নেগেটিভ এসেছে, আনন্দে দুজন বোমা ফাটিয়েছে তাতে ১৫ জনের মৃত্যু",0,0,0,0,1,0
সালা মালাউন শেষ করে ফেলুক কাশ্মীরে অনেক মুসলিমদের হত্যা করেছে পাকিস্তান জিন্দাবাদ,0,0,1,0,0,0
তিনি এখন ট্রাম্প কাকার সাথে যোগ দিয়ে নতুন সামাজিক মাধ্যম তৈরি করতে পারেন ।,0,0,0,0,1,0
জীবন আসলেই কঠিনবাট বাস্তবে এইরকম এখন নাইএখন জয়েন ফ্যামিলি আরো অন্যরকম পলিটিক্স,0,0,0,0,0,0
জীবন টা একটা উপলব্ধি করলাম ভালো লাগলোনিজেকে নিয়েও কিছু ভাবনা নিলাম,0,0,0,0,0,0
বাংলাদেশ এর প্রেক্ষিত মুসলিম মুমিন হিসাবে এ জেরিন এর পিক টা ডিলিট দিলে ভালো হইত কিন্তু নাটক টা ভাল্লাগছে জস,0,0,0,0,0,0
আমার ও প্রিয় নায়ক রিয়াজ আর তার নাটক আমি বেশি বেশি করে দেখি আর কার কাছে কেমন লাগছে জানি সবাই ভালো থাকেন ও হে ভুলে গেছি দাওয়াত দিতে ঈদ মোবারক ঈদ মোবারক ঈদ মোবারক,0,0,0,0,0,0
ডপিং (ড্রাগ নেয়া) এর কেইস তো কম বেশী সব দেশই করেছে... আমেরিকার এক পুরুষ এথলেটকে একবার সন্দেহ করা হলো যে সে হয়তো ড্রাগ নিয়েছে,0,0,0,0,0,0
"সবাই নুসরাতকে ঘৃণা করে। ওর মত ঘৃণিত মেয়ে পৃথিবীতে একটাও নাওর শরীরে শুধু আগুন,",0,0,0,0,0,1
"দেশে আরেক নতুন চোর বাবার আবির্ভাব হয়েছে, ওনার নাম গম বাবা",0,0,0,0,1,0
ভাই এতো আবেগ আর ভালোবাসা দিয়ে নাটকগুলা না বানালে হয়না দেখতে গেলে গলাটা ধরে আসে ছোখ ভিজে যায়,0,0,0,0,0,0
আমার প্রিয় অভিনেতা হল আখম হাসান আখম হাসান এর অভিনয় গুলো আমার খুব ভালো ভালো লাগে আপনাদের কার কেমন লাগে অবশ্যই কমেন্ট করে জানাবেন,0,0,0,0,0,0
"পার্থ সালার পুত হলো হাসিনার বড় দালাল, পার্থ কে বিএনপির যোট থেকে বাদ দেওয়া হক",0,1,0,0,0,0
অনেক সুন্দর মনে রাখার মত একটা নাটক যা বাস্তব জীবনের সাথে অনেক মিল,0,0,0,0,0,0
কেউ ভারত কেউ পাকিস্তান কেউ কেউ আবার মুসলমানের নাম দিয়ে হা হা হা হা হা মজায় আছেন মনে হয় আপনারা।,0,1,0,0,0,0
সামান্য কিছু লাইকের জন্য এইখানে এসে ইসলামের দাওয়াত না দিলেই পারেন আপনারা কারণ এখানে কেউ সালাত আদায় করতে আসে না,0,0,0,0,0,0
শেষে নামাজের জন্য উপদেশটা দেওয়ার জন্য অসংখ্য ধন্যবাদ ভালোবাসা টা আরো বেড়ে গেল সবাইকে আল্লাহ সঠিক পথে চলার তৌফিক দান করুন আমীন,0,0,0,0,0,0
আমার মনে হয় সেরা নাটক এওয়ার্ড পাওয়ার যোগ্যতা অর্জন করল নাটকটা লাভ ইউ বস আফরান নিশো,0,0,0,0,0,0
... ডাক্তারের চেম্বার থেকে বের হয়ে চোখ মুখ কুঁচকে প্রেসক্রিপশনের দিকে তাকিয়ে আছি,0,0,0,0,0,0
পাকিস্তানের সাত সেনা নিহত হওয়ার দিনটিতে ভারতীয় সেনা নিহত হয়েছিল বলে দাবি করেছেন পাক সেনাপ্রধান জেনারেল রাহিল শরীফ। চলতি মাসের তারিখে ভারতীয় বাহিনীর বিনা উসকানিতে গুলিবর্ষণের জবাব দিলে এ ঘটনা ঘটে বলে জানান তিনি।,0,1,0,0,0,0
দিন শেষে সত্যিকারের ভালবাসা গুলোই জিতে যায়হয় এপারে নয় ওপারে,0,0,0,0,0,0
ভারতের ছেলেরা খুব মেয়ে ভক্ত  সুযোগ পাইলে প্রেগন্যান্ট করে ছেড়ে দেয়,0,0,0,0,1,0
নাস্তিক ফারক্রাই কে ফাঁসি দেওয়া হউক। এদেশের মানুষ অতি তারাতারি তাকে বিতাড়িত করবে।তাসলিমা নাসরিন কে যেভাবে বিতাড়িত করা হয়েছিল তাকেও সেই ভাবে তাড়াতে হবে।,0,0,1,1,0,0
জুতা মারি তোর চোয়ালে বেটা বেয়াদব । এজন্যই তো তোদের জবাই করে ।,0,0,0,1,0,1
এক পলকে লোকান্তরে লক্ষ জিয়া কারাগারে গেছে ফিরে খালেদা জিয়ার ভয় করে রাজপথ ছাড়ি নাই । ।,0,0,0,1,0,0
"অভিশপ্ত কোটা প্রথার কারনে, বাপের নামে সন্তান খাচ্ছে, সন্তানের নামে নাতি নাতির নামে পুতি খাচ্ছে, উপোষ থাকছে জাতি",0,1,0,0,0,0
"সে ২০ টাকা হাতে নিয়ে একবার বিড়বিড় করে ‘এই বাদাম বাদাম’ ডেকে, বাদামের ডালি ধরে ভয়ে নড়তে নড়তে  দৌড় দিয়ে পালায় গেলো",0,0,0,0,0,0
কী সুন্দর নাটকটি খুশী সবচেয়ে সুন্দর অভিনয় করেছে বৌয়ের কথা শুনে বোনদের বান্দি খাটানো জানোয়ারগুলো আছে চারপাশে,0,0,0,0,0,0
মাগিবাজ নবি দাসি কিনে চুদে আর এই মাগিবাজেে তরা পির মানস।,1,0,1,0,0,1
"শাওয়া মারানি, পাশের লোকটাকে যে গালি খাওয়ানোর জন্য ফ্রেমে নিয়েছিস সেটার তাৎপর্য ব্যাখ্যা কর। ওই লোক যদি মানহানির মামলা ঠুকে তাহলে তো জীবনেও পাছা বেচেও পয়সা শোধ করতে পারবি না বে মাদারচোদ",1,0,0,0,0,1
মেয়ের বয়স মাএ ১৫ বছরএর মধ্যেই যৌবনের জ্বালা ধরে গেল,1,0,0,0,0,1
পুরো নাটক জুড়ে সব জায়গাতে একটা জিনিস স্পষ্ট ছিল সেটা হল নামাজ এর মেসেজ,0,0,0,0,0,0
আমার তো মনে হয় তোর ভোদায় পানি গড়গড় করতেছে ছেলেদের সোনা ঢুকানোর জন্য।,1,0,0,0,0,1
অসাধারণ ভাইচোখের পানি ধরে রাখতে পারলাম নাআরফান নিশো ভাই যেমনটা আশা করছিলাম এর থেকে ও বেশিফাটাই দিছেন ভাইস্যালুট আরিয়ান ভাইএতো সুন্দর একটা নাটক উপহার দেওয়ার জন্য,0,0,0,0,0,0
চোরের বাচ্চা চোর ব্যাটার পুত হলে বাংলাদেশে আইসা বাসন দে,0,1,0,0,0,0
২০১৯ এর সবচেয়ে সুন্দর নাটক অনেক অনেক শুভকামনা রইল কাজল আফরিন অমি ভাই ও বস নিশুর জন্য,0,0,0,0,0,0
মাইয়ার এত বড় দুধ দেখে বোঝা যায় এক সাথে ২০ জন নিগার লাগাত ।,1,0,0,0,0,0
সুদখোর তোদের একরাত চুদে ৫ লাখ টাকা দেবে তা তো কমই দেয়.,1,0,0,0,0,0
নাটক ভালো হইছে অনেক সুন্দর স্টোরি ক্যামেরা ভালো ছিলো না এডিটিং ভালো করতে পারে নাই,0,0,0,0,0,0
আরে এমনকি সেই আগামাসি লেনের পা ভাঙ্গা কুকুরটাও আছে আমাদের আশেপাশে,0,0,0,0,0,0
পৃথিবীর সবধর্মেই আগা কাটে খ্রিস্টান রা কাটে বৌদ্ধ রা কাটে ইহুদি রাও কাটে।,0,0,1,0,0,0
"২ দিন পরে, ঈদের দিন সকালে তাকে সেস্রায়ে বের করতে হয়েছে বাসা থেকে... সে যাবেই না",0,0,0,0,0,0
"বউ দাঁত মুখ খিঁচে সবার সামনেই বলল, “ওটির ভিতরে তোমার ফিলোসোফি না কপচালেও চলবে... আন্টি প্লিজ একে আমার সামনে থেকে সরান... তা না হলে আমি আবার সেন্স হারাবো”",0,0,0,0,0,0
হারামজাদি নাজায়েজের বাচ্চাকে ফাসিতে চড়ানো হুক তুই কাফের এইবার বুঝবি ট্রল কত প্রকার ও কি কি কাফেরের বাচ্চা,0,0,1,1,0,1
গল্প টা ব্যাতিক্রম অনেক দিন পর ভালো একটা নাটক দেখলামবিশেষ করে নিশুর নামাজ পড়া টা ভালো লেগেছে,0,0,0,0,0,0
আবাল পাকিরাকি তোর মাবোনকে ছেড়ে দিছিল?তোদেরকেইতো মালাউন বলেছিল তোদের আব্বুরা,0,0,1,0,0,0
নাটকটা ভালোলাগার কারন হচ্ছে নাটক টাতে নামাজের দাওয়াত দেওয়ার জন্যনাটকটা ভাল লাগার মতোই একটা নাটককিন্তু ভালোলাগার মাত্রাটা বেড়েগিয়েছে নামাজের দাওয়াত দেওয়ার জন্যধন্যবাদ নিশো ভাইঅমি ভাইপলাশ ভাইতিশা আপুএবং অন্যআন্য সকলকেআশা করি ভবিষ্যৎতে আরো ভালো ভালো নাটক আপনারা আমাদের উপহার দিবেন,0,0,0,0,0,0
"এক সংবাদ সম্মেলনে তারা বলেন ‘রাজনৈতিকভাবে এর দায় আমরা নিচ্ছি এবং আমরা পদত্যাগ করছি ...এ ধরনের দুর্ঘটনা এড়াতে যা করা জরুরি ছিল, আমরা তা করতে পারিনি’",0,0,0,0,0,0
কি বলবো আরিয়ান ভাইয়ের নাটক গুলো এত ভালো হয় দেকলে মনে হয় বাস্তব কিছু আর নিসো ভাই তো কথায় ই নায় ভালোবাসি আরফান নিসো ভাই,0,0,0,0,0,0
অসাধারণ অনেক কিছু শিখার আছেসবচেয়ে ভালো লাগলো নামাজ পড়ার বিষয় টা ডিরেক্টার কে অনেক অনেক ধন্যবাদ,0,0,0,0,0,0
ভারত দশ কুটি কিনলে লাভ মালাউন কোন কাজে আসবেনা ।বড় বাপ পাক আর চীন,0,0,1,0,0,0
"প্রথম প্রথম আমারই বিরক্ত লাগত... হয়ত খেতে বসেছি, সে খাবার টেবিলে আমার সামনে এসে করুন চেহারা করে তাকিয়ে আছে",0,0,0,0,0,0
"তোদের মতো নাস্তিক বুঝবি মরলে,আল্লাহর হুকুমে ওনার বিবাহ হইছে,মালাউনদের বাচ্চা তুরা বুঝবিনা",0,0,1,0,0,0
ভাইজান পায়েলের বুকের কাপর নেই৷  কিন্তু কমরে এতো কাপর জুলতেছে এটা  কেরকম অস্লিলতা,1,0,0,0,0,0
আমার অফিসে কাজ আছে দেখে বউ বাচ্চারা আগেই চলে গেছে সেখানে... আমি অফিস শেষ করে ডাইরেক্ট ভেন্যুতে চলে গেলাম,0,0,0,0,0,0
বুঝতে হবে ভারতে হিন্দু মারা গেছে আর মায়ানমারে মুসলিম সুতরাং যিনি যে ধর্মের সে ঐ জাতির জন্যই শোকাহত হবে,0,0,1,0,0,0
“এই নেন আমাদের লিফলেট... এখানে সব বিস্তারিত লেখা আছে রক্ত দানের ব্যাপারে”,0,0,0,0,0,0
"আসসালামু আলাইকুম ভাইয়া। ভাল থেকেন, সুস্থ থেকেন। আপনাদের দুজন এর জুটি অনেক ভালো লাগে। অনেক ভালো হয়েছে।",0,0,0,0,0,0
"কেউ এসে বলে, আমি বাসা থেকে বের হয়ে এসেছি... কেউ এসে বলে, আমি একজনের বাসা গড়ে দিয়েছি ... বা, কেউ বলে, আমার বউ আমাকে মেরেছে...",0,0,0,0,0,0
যখন বাংলাদেশ থেকে হিন্দুদেরকে তারানো হচ্ছিল তখন কোথায় ছিল সহিংশুনতা,0,0,1,0,0,0
"তবুও বলবো ওরে চুতমারানি """""" কি করলি এডা ""!"" চুদাইনে সাপোর্টার এখনো আছে """""" একাধারে অষ্টধাতু বাতের আংটি পান্ডার তেল প্যামপাস প্যাড সেরেনার এ্যাড """" যদিও ব্রাজিলের চান্স ছিলো সেটাও গেল",1,0,0,0,0,1
আপনার জন্য শুভকামনা রইল আপনি আরো ভালো করেন আরো নাম করেন আরো অনেক সুন্দর সুন্দর কাজ আমাদেরকে উপহার দিন নিয়ে মত সব সময় কাজ করতে থাকুন সবচেয়ে খুশি হব মুভি করলে,0,0,0,0,0,0
ধুর মিয়া সারা দিন জঙ্গি সামলাতে যায় তার পর ভারত তো আছেই গোদের উপর বিষফোঁড়া মত ফেসবুক চালানোর সময় কই?,0,1,0,0,0,0
"রোল ডাকার সময়, যখন স্যার বলে, যারা কালকে আসেনি তারা ১০ টাকা করে দাও তখন আমি যাক অন্তত মাইর থেকে বাচা গেল",0,0,0,0,1,0
খুবই সুন্দুর নাটক কিছু কিছু মানুষের জীবনেরগল্প সত্যিই এমন হয়,0,0,0,0,0,0
লাস্ট মুহূর্তে একটা পেয়েছিলাম সেটার নাকি কেরেক্টারে প্রবলেম আছে... ছেলে ঘেঁষা গরু... চাহুনি ভালো না,0,0,0,0,0,0
সত্যি উপভোগ করার মতো একটা নাটক দেখলাম নিশো+মেহেজাবিন সুপার,0,0,0,0,0,0
"১৯৭১ এ ভারত সাহায্য না করলে আজকে এই বাংলা ভাষায় কথা বলতে পারতি না, ফাকিস্তানের পা চাটতি।",0,1,0,0,0,0
যদি বাংলা দেশকে স্বাধীন এবং সানতিতে রাখতে চাও তাহলে তোমাদের যে বর্তমান প্রধান মন্ত্রী আছেন ওর সিংহাসন থেকে নামিয়ে দাও,0,0,0,0,0,0
"সাত দিন আগে এক কথা বলেন, আর সাত দিন পরে আরেক কথা বলেন ।",0,0,0,0,0,1
"মসজিদে সাদা পোষাকের পুলিশ থাকবে, ওয়াজ মাহফিল রেকর্ড করা হবে",0,0,1,0,0,0
মোল্লাদের একটাই দোষ সারাদিনরাত শুধু আল্লাহ আল্লাহ আল্লাহ এই কারণে এদেরকে মরতে হবে কোন আল্লাহ পাল্লা বাঁচাতে পারবে না,0,0,1,0,0,0
হায় হায় সবাই দেখো ন্যাকা মোহর নিজেই মেকআপ লাগিয়ে ঘুমিয়ে ঘুমিয়ে প্লেন চালানোর স্বপ্ন দেখছে আবার পুলিশ হওয়ার স্বপ্ন দেখছে,0,0,0,0,1,0
ধর্মনিরপেক্ষতার লেবাস লাগিয়ে ভারত ৬ ই ডিসেম্বর বাবরী মসজিদ শহীদ করে,0,1,1,0,0,0
দিন দিন আটার বস্তা হয়ে যাচ্ছে।নায়িকা হিসাবে আর মানাচ্ছে না,0,0,0,0,0,1
"ভোদাটা  ছবি তুলেন না কেন,ওরে লেংটা করে ভোদাটা ভিডিও করেন ভাই",1,0,0,0,0,1
ছাএ শিবিরের সময় উপযোগী একটি উদোগ। বিরোধিতার জন্য রিরোধিতা না করে সকলে একত্রে এই কমসূচি তে অংশগ্রহন করা দরকার। বারমার মুসলমানরা আওয়ামিলীগ বিএনপি বা জামাতের না। তারা পৃথিবী সকল মুসলমানদের ভাই বোন।,0,1,0,0,0,0
এক কথায় অসাধারণ অসাধারণ জার কোন তুলনাই হয় না ভালোবাসা অবিরাম ভালবাসার কোন মৃত্যু হয় না যাকে ভালবাসি তাকে না পেলে কত যে বেদনা সেই বোঝে,0,0,0,0,0,0
কমেন্ট ভালো মানে নাটক ভালো শুরু করলাম দেখা সবার ইতিবাচক কমেন্ট,0,0,0,0,0,0
যাস্ট ওয়াও এমন নাটক আরো বেশি বেশি দেখতে চাই কারণ জীবন তো একটাই,0,0,0,0,0,0
"তারা বলছে, আশেপাশে তাৎক্ষণিক কোনও ট্রিটমেন্ট না পেলে, এটা লাগিয়ে দিলে ক্ষতের ক্ষতিটা হয়তো ওতটা বাড়বে না",0,0,0,0,0,0
অসাধারন নাটকআমি শিহরিত মিজানুর রহমান আরিয়ান পরিচালিত প্রত্যেকটা নাটকই জোশঅপেক্ষায় রইলাম পরবর্তী নাটকের জন্য,0,0,0,0,0,0
দেখেন ভাই ইনু একটা কুকুরের মতও ওকে গালি দিলে কিচু হবেনা কারন সে মালিকের কথা মতও কাজ করে তা নাহলে মুজিবের খুনি হিসাবে শালার ফাসি হয়ে যাবে।,0,0,0,0,0,1
একটা অফার আছে যে সুপুরুষ পরির জন্য বড় করে একটা সার্টিফিকেট দিবে সে সু পুরুষটি পরির সাথে একরাত একদিন সাথে থাকার সুযোগ পাবে অফার সীমিত,0,0,0,0,1,0
"কক্সবাজারের মতো এতো নামকরা একটা জায়গাটারে পুরা হোগা মাইরা দিসে, হালা চুদমারানির ভাতিজা মরে না কেন",1,0,0,0,0,1
তাবিজ্জারটা আর ভাল্লাগতেছেনা বচ আরি ফের তাই এখন দেওয়ানবাগীরে দিয়ে হোগা মারা শুরু করছে।হ্লা বাঁঈনচোদ।,1,0,0,0,0,1
আচ্ছা বাংলাদেল কী সেমী ফাইনালে গিয়েছে ? আজ ভারতের একজনের সাথে চেট করলাম তারা আমাদের টাইগারকে কুকুরের সাথে তুলনা করেছে । সালারে খুব দিয়েছি,0,0,0,0,1,0
ভারতের খবর না লিখলে তোদের পেটের ভাত হজম হয় না ।মালাউন ।।,0,0,1,0,0,0
ওদের চোখের পানি ঝরাচ্ছেন ভালো কিন্তু সাথে আমাদের টাও কেন,0,0,0,0,0,0
খানকিছেলে শুধু না এদের ফেমেলি শেষ করে দেওয়া দরকার ভালো লাগলো,1,0,0,0,0,0
"৩ দিন আগে হাইকোর্ট নির্দেশ দিয়েছে, ডাক্তারদের হাতের লেখা ভালো করতে হবে",0,0,0,0,0,0
অনেক ভালো লাগচে নাটকটাবিশেষ করে নামাজ এর সিন গুলাএই রকম নাটক ফিউসারে দেখতে চাই,0,0,0,0,0,0
নাটকটা দেখে চোখের পানি ধরে রাখতে পারলাম না একেবারেই বাস্তবধর্মী একটি নাটক খুব ভালো লাগলো,0,0,0,0,0,0
তানজিন তিশা রিয়েলি এক্সপ্রেসড হারসেল্ফ সী ইজ ডুইং ওয়েল নাও এ ডেইজ,0,0,0,0,0,0
কাল তারা হুমায়ূন আহমেদের ৬৮তম জন্মদিন উপলক্ষে কার্জন হল থেকে নুহাশ-পল্লী পর্যন্ত হেঁটে যাবে,0,0,0,0,0,0
অসাধারণ নাটক বেস্ট দুইটা মুখ এদের নাটক অনেক ভালো হয় বাজার এ পাঠানোর সিন টা অনেক ভালো লাগছিলো,0,0,0,0,0,0
"নুরু কি কথা বলছে!নাকি বাস্তব বোমা পাটাচেছ। সাবাশ বাঘের বাচ্ছা, এগিয়ে যাও, ছাত্রলীগ দমন করতে।",0,1,0,0,0,0
আওয়ামীলীগ চেতনাবাজ ব্যবসায়ীরা কোথায়। বাংলাদেশের দেশপ্রেমিক মুক্তিযোদ্ধারা মরলে আওয়ামীলীগ এর কি? আওয়ামীলীগ এর চেতনা শুধু আওয়ামীলীগ মুক্তিযোদ্ধা হিন্দু মুক্তিযোদ্ধা ভারতীয় মুক্তিযোদ্ধা দের জন্য চেতনা খাডা হয়ে যায়। যেমন আওয়ামীলীগ রাজাকার হাসিনার বেয়াই চেতনার ঠেলায় এখন ভুয়া মুক্তিযোদ্ধা হয়েগেছে।,0,1,0,0,0,0
"মজা করার মত টপিক না, সব কিছু নিয়ে মজা হয়না  
সেও একজন মানুষ, দোয়া করা ছাড়া কিছু করার নাই, আল্লাহ যেনো উনার সহায়তা করেন",0,0,0,0,0,0
আমি কিন্তৃু বাংলার সব মুসলিমদের পাকিদের বিছ মনে করি। তাই হিন্দুরা ভারত চলে যাওয়া পাকি বিছদের মনে হতে পারে,0,1,0,0,0,0
“আলহামদুলিল্লাহ্‌ ...আপনার মেয়েকে পাওয়া গেছে... আমি স্কুল মাস্টার বদরুল... মেয়ে খানিকটা অসুস্থ... হাস্পাতালে নিতে হবে... কি করব?”,0,0,0,0,0,0
এমন একজন খেলোয়াড় এর নাম বলেনতো? দিনে ভারতে খেলে রাতে পাকিস্তানে খেলে,0,1,0,0,0,0
"বক্তব্য পরিহার করে,জনসম্মুখে অাল্লাহর কাছে তাওবা কর,নাহয় তুর অবস্থা তসলিমা নাসরিনের মত হবে।",0,0,1,1,0,0
"আসলে তোমরা নাস্তিক রা হলা সর্ব হারা, মরার সময়ই বুঝবি শালারা।",0,0,1,0,0,0
"শালা লোকে এখন পাগল চুদে 
তুর মা যে চামড়ার ব্যাবসা করে তুকে জন্মো দিছে সেইটার পরিচয় এখানে দেওয়ার দরকার নেই",1,0,0,0,0,1
মালাউনের দেশ হয়ে গেছে। যেখানে সেখানে রাজনীতি। আই কিক টিম মেনজমেন্ট।,0,0,1,0,0,0
"আমি চাই আমার বিয়েতে আমার বন্ধুরা এরকম কিছু সুন্দর ছবি ক্যামেরাবন্দী করুক, কিন্তু শালারাতো মাল খেয়ে স্টেজের পিছনে পরে থাকবে",1,0,0,0,0,1
তুই তো হিন্দু তাই তার বুখারী শরিফ এর হাদিস বুঝে আসবেনা।,0,0,1,0,0,0
আপনার কথার ধারা বোঝা যাচ্ছে আপনার হিন্দু দের প্রতি মহব্বত আর মুসলিমদের প্রতি ঘৃণা। আর নিজে আগে ঠিক হয়ে অন্য কে বলেন।,0,0,1,0,0,0
ভারত না থাকলে তোরা এত দিন পাকিস্তান থাকতি। তাই বলি ভারতকে গুরু ভাব।,0,1,0,0,0,0
নিশো ভাই এজন্যই তোমাকে পছন্দ এবং ভাল লাগে সব নাটকে যদি সাবার নামাযের স্কিন থাকে খুব ভাল লাগবে,0,0,0,0,0,0
চোখের পানি আর ধরে রাখতে পারলাম না স্যত্তিকারে ভালোবাসা এমনি হয় পিওর লাভলাভ ইউ মেহু+নিশু২০১৯ এর সেরা নাটক হবে এটিএমন এমন নাটক আরো বেশি বেশি চাই পরিচারক ভাইয়া অনেক অনেক ধন্যবাদ আপনাকে,0,0,0,0,0,0
এই ভিডিও দেখে আমিও এটাই বলতে চাই বাঃ রানু দি বাঃ,0,0,0,0,0,1
আপনি তো হারামি রাষ্ট্র । অতএব সবকিছু থেকে আপনার মানচিত্র মুচেফেলা উচিৎ ।,0,0,0,1,0,0
ব্যাকগ্রাউন্ড মিউজিক টা কে মাথা থেকে বের করতে পারছি নাঅনেক অসাম একটা মিউজিক,0,0,0,0,0,0
"হিরু আলম তুমি হলে রিয়েল হিরো, অনেক অনেক দোআ ও শুভ কামনা রইলো তোমার জন্য। এগিয়ে যাও",0,0,0,0,0,0
জামাতের আমির একটি ছোট্ট শিশুকে বানালে সেও রাজাকার বনে যাবে,0,0,0,0,1,0
"এরশাদ যদি নিজেকে পুরুষ বলে, তাহলে হিজড়ারাও লজ্জা পাবে - কাদের সিদ্দিকী",0,0,0,0,1,1
আর কি বলবো রাজাকার প্রমাণ তারা করতে চাচ্ছে ত আমাদের রাজাকার হয়েই ওদের আম্মুর পেটে,0,1,0,0,0,0
আর জন্ম থেকেই ট্রলের শিকার হওয়া ইউনাইটেড ন্যাশনস অব নোয়াখালী আর ডাকাতদের আতুরনিবাস বরিশাল,0,0,0,0,1,0
খুব ভালো লেগেছেবাস্তবতার সাথে মিল আছেবিশেষ ধন্যবাদ যে কাহিনীটা লিখেছেআরিয়ান ভাইকে অনেক ধন্যবাদ,0,0,0,0,0,0
মিজানুর রহমান আরিয়ান এই রকম একটা গল্প উপহার দেওয়ার জন্য অনেক অনেক ধন্যবাদ,0,0,0,0,0,0
ইসলাম কি অবিশ্বাসী দের নিকৃষ্ট প্রানী বলে না?ইসলাম কি ভিন্ন মতের মানুষকে হত্যা করতে বলেনা?,0,0,1,0,0,0
কিন্তু সাকিব খান সবসময় যে মিডিয়া কে বলে আসছিল বাপ্পির সাথে তাকে নুড অবস্থায় অপু বিশ্বাস কে ধরেছে সাকিব খানতাহলে কি সাকিবের কথাই সত্য প্রমানিত হল,0,1,0,0,0,0
"এই সেই খুনি বাপ্যাদিত্য বসু, ২৮ অক্টোবর লাশের উপর নৃত্য করেছিলো",0,1,0,0,0,0
"কিছু একটা বলা দরকার দেখে বললাম, “আচ্ছা ভাত আমি দিনে ২ লোকমা করে কম খাবো চলবে?”",0,0,0,0,0,0
আসলে নাটকটা অনেক অনেক ভাল চিল তাদের তিন জনের অবিনয়টা অনেক মজার চিল,0,0,0,0,0,0
মুসলিম গরু চোর সন্ত্রাসী বাংলাদেশীদের হিন্দুস্থান থেকে বাহির হতে হবেই,0,0,1,0,0,0
আওয়ামী লীগের দুর্নীতিবাজ নেতারা দুর্নীতির টাকার জন্য নিজের বাপ কেউ রাজাকার বানাতে পারে,0,0,0,0,0,0
এই দেশে যেই জন্মগ্রহন করবে বাই-ডিফল্ট তার মাঝে চেতনা থাকতে হবে,0,0,0,0,0,0
হেলো আঙ্কেল আপনার ছেলে চুরির টাকা দান করে কুল হইতে চায়,0,0,0,0,0,1
"ব্রেকআপ খুব কষ্ট দায়ক, শালা শীতের সকালে কোনদিন টিউশন পড়তে গেছিস?",0,0,0,0,1,0
চরিত্রহীন বেশ্যা নাস্তিক সাফা কবির তোরে জুতা পিটা করে দেশ থেকে বাহির করা এখন সময়ের দাবি।,1,0,1,1,0,1
কিজে ভালো লাগলো কাউ কে বলেবুঝানো যাবে না কারন জীবন তো এক টাই,0,0,0,0,0,0
এই লোক গুলো এমন ভাবে লেখেছে যেন মনেহচ্ছে মায়ের পেটের বোন এটা মানুষ একটা বাজে ধারনা দেওয়া মতো হেডলাইন বুঝলেন ভাই,0,1,0,0,0,0
খুব ভালো লাগলো নিজের কিছু সৃতি খুঁজে পেলাম অনেক দিন পর,0,0,0,0,0,0
অমি ভাই ধন্যবাদ অনেক দিন পর সত্যিই এই ওয়ার্কটা বেস্ট অপেক্ষায় ছিলাম এ রকম নাটকের যেখানে ডায়লগ টা থাকবে নামাজ নিয়ে লাভ ইউ অমি ভাই,0,0,0,0,0,0
"যেদিন ঘটবে, সেদিন তো আর স্ট্যাটাস দিতে পারব না... তাই, আজ পোষ্টডেইটে স্ট্যাটাস দিয়ে এদের সবাইকে দোষী সাব্যস্ত করে গেলাম",0,0,0,0,0,0
দরিদ্র মানুষের উন্নতি আমরা কেউ সহ্য করতেই পারিনা এটাই আমাদের মহৎ গুণ,0,1,0,0,0,0
মেয়েদের সেক্স উঠলে কিভাবে বুঝবেন? ৫ টি গোপন কথা জেনে নিন,1,0,0,0,0,0
"খানকির পোলা, হিন্দুদের ধর্মের প্রতি দরদ নাই, মুসলমানের আছে তুই ধর্মের কি বুজস",1,0,1,0,0,0
আমার দেখা সেরা নাটক গুলোর মধ্যে একটা অসাধারন লেগেছে সেরা নাটকের পুরষ্কার পাওয়ার মতো একটা নাটক,0,0,0,0,0,0
এইসব মাগী দের কে চুদা শাউয়াতে নাগা মরিচ লাগাইয়া দিলে ভালো হত|,1,0,0,1,0,1
আইনের আওতায় নেয়াহয়না কেনো আমরা রাজাকার মুক্ত সোনার বাংলা দেখতে চাই,0,0,0,0,0,0
"পাকিস্তানের কারনে আজ আমরা নিরাপদে আছি কারণ পাকিস্তান মানেই ভারত ভেঙ্গে মুসলমানের দেশ, ভারতের হিন্দুরা এখন এটাকে কি নাম দেবে",0,1,0,0,0,0
"বা, সেটাও না পারলে ১ কপি অন্তত প্রিন্ট করে আপনার নিকটস্থ থানায় দিয়ে আসতে পারেন",0,0,0,0,0,0
কি যে ভালো লাগছে নাটক টা বলে বুজাতে পারবো না এক কথায় অসাধারণ সুন্দর একটা নাটক,0,0,0,0,0,0
"এনজিওর প্রতি অর্থ মন্ত্রী! স্যার, টাহা-পয়সা দিয়া যান নইলে কিছু রাবিশ দিয়া যান খাইয়া পেটটা ভরি আমার দলের অনেক ক্ষুধা",0,0,0,0,1,0
এই সিরিয়াল দেখলে আমার মন ও ভজন বাবুর মতো গেয়ে উঠে বাবা তুমার দরবারে সব পাগলের খেলা হরেক রকম পাগল দিয়া মিলাইছ মেলা,0,0,0,0,1,0
সব তো ঠিকই ছিলো কিন্তু ১০ বছর পর কলেজ কেমনে কি সাথে না হয় আরো ২ বছর ধরলাম তাও কি ১২ বছরে কেউ কলেজে যায় জানা ছিলো নাতবে নাটক টার কাহিনী ভালো ছিলো,0,0,0,0,0,0
অনেক সুন্দর একটা নাটকআমাদের সবাইকেই একদিন এই রকম পরিস্থিতিতে আসতে হবেএকটা অনুরোধ সবাইকেআমরা বিয়ের পরে কখনো বাবা মা কে ভুলে জাবো না,0,0,0,0,0,0
এসব খবর উদ্দেশ্যমুলক এবং ষড়যন্ত্র।পাকিস্তানকে আমেরিকার নতুন সরকারের কাছে সন্ত্রাসী রাষ্ট্র হিসাবে প্রমাণ করার জন্য ভারতীয় মালাউন কাফিরদের চক্রান্ত। এগুলো মিথ্যা মনে হয়,0,0,1,0,0,0
এই মহিলাটা খুব লোভী--খান্কী মাগি কে জুতো খুলে মারা,1,0,0,0,0,0
নাটকটা ভালো হইছে কাহিনী ভালো এবং অভিনয়ও ভালো ধার্মিক নাটক টা আসলেই গতানুগতিক নাটকের কাহিনীর চেয়ে ভিন্ন কিন্তু একটা জায়গায় সমস্যায় ছিল এবং সেটা হলো মেয়েটার পর্দা রাস্তায় চলে ফেরা করার সময় পর্দার মধ্যে থাকলে আরো ভালো লাগতো,0,0,0,0,0,0
"ওনার জন‍্য , অনেক ভাল কীছু করার প্রতিভা হয়ত নষ্ঠ হবে",0,1,0,0,0,0
জামায়াতসহ ধর্মভিত্তিক সব দল নিষিদ্ধ করতে হবে এই লন জুতা মারেন শালারে,0,1,0,0,0,0
ওই হমন্দির পুত বাংলাদেশ রান না করতে পারলে রেন্ডিয়ারে তো বাংলাদেশ রানে অলআউট করতো,1,0,0,0,0,1
সত্যিই অসাধারণ একটা নাটক ছিল ধন্যবাদ পরিচালক ধন্যবাদ আমার প্রিয় অভিনেতা আরফান নিশো,0,0,0,0,0,0
ওকে ছাফেত এর কাছে পাঠিয়ে দাওয়া তবেই সব বুজতে পারবো,0,0,0,0,1,0
এই রকম বড় মেয়েকে বিয়ে করতে হবে। দুধ খেয়ে মজা পাব।,1,0,0,0,1,0
তর চোখ ২ টা পুটকির ভিওে ভইরা দিমু....পরে চোখে খালি গু দেখবি হালার গরের হালা।,1,0,0,0,0,1
ইচ্ছে হলেই ড্রয়েং রুমে যেয়ে পিপি করছে... তো ইচ্ছে হলে সোফার উপরে বসে পাতা চিবাচ্ছে,0,0,0,0,0,0
এত সুন্দর একটা নাটক উপহার দেওয়ার জন্য ধন্যবাদ অমি ভাই,0,0,0,0,0,0
একই নাটকে স্বামী স্ত্রী আর তাদের সন্তানেরা বা আসাধারন ধন্যবাদ দাস বাবুকে এই রকমের নাটক উপহার দেয়ার জন্য,0,0,0,0,0,0
নিশো ভাই আপনে পারেন ভাই পারেন নাটক টা সেই রোমান্টিক,0,0,0,0,0,0
এতো কথা না বলে ওরে ওর জায়গায় বসিয়ে দেন ভিক্ষার ঝুলি নিয়ে দোষ তো আপনার দেরেই একটা কিছু নিয়ে অতিরিক্ত বাড়াবাড়ি করলে এমোনিই হয়,0,1,0,0,0,0
রাজনৈতিক মিথ্যা মামলার মাধ্যমে তাকে হত্যা করা হয়েছে। এর পরিনতি বাংলার মানুষ একদিন দেখতে পাবে ইনশাল্লাহ।,0,1,0,0,0,0
আপনাকে পাগল এর মত ভালোবাসি নিশু ভাই এই কথা টাই অশ্রু আনতে পারেপাথুরে মন এর ও২ প্রিয় মানুষ এর অভিনয় আর সাথে প্রিয় আরিয়ান ভাইসত্যি অসাধারণ,0,0,0,0,0,0
সে চিত হয়ে পড়ে থাকা অবস্থায় প্রথম যে সিদ্ধান্তটা নিল তা হলো মামলা করবো... স্যু করে দিব,0,0,0,0,0,0
আরে মন্ত্রী সাহেব বাংলাদেশ তো ভারতের পাশেই আছে এই কথাটা কোঠি মানুষই যানে,0,1,0,0,0,0
আপনাদের ধর্মে এত ধর্ষণ কেন?আপনাদের ধর্মগ্রন্থ গুলোতে শুধু ধর্ষণ আর ধর্ষণ এগুলোর মানে কী?,0,0,1,0,0,0
ফুচকা বা বেলুন দেখাতে না... এই ঘোর থেকে ফিরে বাস্তবে রুপ দিতে পারা ছেলেগুলোর চেহারা দেখাতে,0,0,0,0,0,0
ঐ যারা কমেন্ট করতেছেন ধীরে সূস্থে করেন।আর বানান যেনো ভুল না হয়। আপনার প্রতিটা কমেন্ট অনেক মূল্যবান।,0,0,0,0,0,0
হিন্দু হয়ে সুসলমান সেজে কথা বলিস । তর মা গরুর চুদা খেয়ে তোকে জন্ম দিছে এটা সত্য না কি মিথ্যে আগে বল ।,0,0,1,0,0,0
সব রাজাকার মেরে ফেলা হউক অথবা পাকিতে পৌছে দেয়া হউক আমীন,0,1,0,0,0,0
হিন্দুরা নাস্তিকদের গালি দেয় না কিন্তু মল্লারা গালি দেয় কারণ কি?,0,0,1,0,0,0
এই চরিত্র একমাত্র শাহনাজ খুশির জন্যই পারফ্যাক্ট চোখে পানি চলে এলো,0,0,0,0,0,0
অপূর্ব মানে অপূর্ব নাটক টা না খুব সুন্দর হয়েছে এ যাবত আর দেখছি আরো কত বার যে দেখবো আই মিস ইউ নতুন বছরের সেরা নাটক,0,0,0,0,0,0
ভালো লেগেছে অনেক সুন্দর একটি নাটক রিয়াজ ইভানার অভিনয় অনেক ভালো লেগেছে,0,0,0,0,0,0
"আপনি ঐসব ফালতু মনগড়া ধর্মকাহিনী না পড়ে একটু লেখাপড়া করুন আর নিজেকে মহাজ্ঞানী ভাবা বন্ধ করুন, যদিও আপনার অবস্থাটা বুঝি এইসব গল্প কেনো মন দিয়ে পড়েন",0,0,1,0,0,0
"তৌহিদ,সালমান,এই বর্তমানে যেটার ভিডিও দেখছি এই ফকিন্নির নাম জানি না,এনিওয়ে সবগুলার চ্যানেল আনসাবস্ক্রাইব করতেছি।",0,1,0,0,0,0
ভাইদের একটু রিয়েকশান দরকার ছিল একটু প্রতিভাদ করাও দরকার ছিল তাহলে সমাজের বউকানা ভাই ও বউদের শিক্ষা হত,0,0,0,0,0,0
বুকের নিচটা অনেক রসালু এবার ধরে ঠোঁট চাপ দিয়ে ধরে একটু চুষান দিতে পারলে তো আপা খুশি হয়ে যেত,1,0,0,0,0,0
যুব মহিলালীগ নেএী কিভাবে যুবতী মেয়েদের দিয়ে দেহ ব্যবসা করেন।,0,1,0,0,0,0
"ওরে চার কোণাইঞ্চা খাম্বা, তুই যা ভাবছিস তা আমরা থাকতে কখনোই হবে না।",0,1,0,0,0,0
এত সুন্দর একটা নাটকে কেমন করে ভিউ এত কম হয় ধন্যবাদ সুন্দর একটি নাটক উপহার দিবার জন্যে আশাকরি সামনে আর এমন নাটক উপহার দিবেন,0,0,0,0,0,0
"স্যার, ১০ টাকায় চাল আর ঘরে ঘরে চাকুরী দেয়ার কথা ছিল যে সেটার কি হল",0,1,0,0,0,0
নাটকটা যত সুন্দর তারচেয়ে অনেক বেশি ভাল লেগেছে মিনারের গানটা সব মিলিয়ে নাটকটা অতুলনীয় সুন্দর,0,0,0,0,0,0
অপু হিন্দু ধর্মরে চলে গেছে তাতে আমাদের কি আমার কথা হলো কেউ যেনো আমাদের ইসলাম ধর্মকে অপমান না করে,0,1,0,0,0,0
দিনশেষে ভালবাসায় জয়ী অনেক অনেক ধন্যবাদ আরিয়ান ভাই আফরান ভাই ও মেহেজাবীনক আপুকে,0,0,0,0,0,0
ওরে বাবা বিশ্বের কত বড় খেলোয়ার যে টেস্ট ম্যাচেও টি বিশ প্রাকটিস করে ।,0,0,0,0,1,0
"এটা কেবলই নূরুল হকের ছবি নয়, এ যেন বর্তমান বাংলাদেশের প্রতিচ্ছবি",0,0,0,0,0,0
মা দূর্গার মূর্তি যখন বাশ দিয়ে খাড়া করে রাখিস তখন হাসি লাগে,0,0,1,0,0,0
"আরে - পো হাল, এবারও তোর শুক্রবার, এই তোর একদিন ভোট না দিয়া যাবি কই?",0,0,0,1,0,0
"গাড়ে টুনি ঝুলিয়ে ছবি তুলে তারপর বলো ট্যাগ করবেন না, তোমার ঐ বালের ছবি বালেই ঝুলিয়ে রাখো",1,0,0,0,0,1
আবেগ টা এক বারে বের হয়ে গেল সত্যিই অসাধারণ আরিয়েন ভাই কে অনেক ধন্যবাদ এরকম কাহিনীর জন্য,0,0,0,0,0,0
প্রথম আলো রোনালোকে নিয়ে যতই নেতিবাচক পোস্ট করুক না কেন রোনালদো রোনালদোই।যার সাথে তুলনা চলেনা মাছি মশাদের।,0,0,0,0,0,0
গিফট কর্নারে বসা লাল সিল্কের টাই পরা ইয়াং ছেলেটা যে গিফট রিসিভ করছে সে জিজ্ঞেস করল ‘এটা কি?’,0,0,0,0,0,0
যেখানে মোদির মতো জঙ্গি সন্ত্রাসী ভারতের রাষ্ট্র ক্ষমতায় সে করবে আবার জঙ্গি দমন,0,0,0,0,1,0
ভালো লাগছে গানগুলো কার আর মিউজিক ট্র্যাক নিয়ে কেউ বিস্তারিত জানাবেন প্লিজ গানগুলো ভালো লাগছে অনেক,0,0,0,0,0,0
"সে যাই বলুক না কেন,,সবার উচিত ওর সবকিছু বর্জন করা!!",0,0,0,1,0,0
চুরের সাত্তি নোক কাটা পুরিযে মারা নয। এটা এক ধরনের খুন। অার খুনের সাত্তি ফাসি যারা এ কাজ করেছে তাদের ফাসি দেওযা দরকার অামি মনে করি।,0,1,0,0,0,0
নতুন নাস্তিকের নাকি আমদানি হলো দেশে?.......জুতাটা খুলে তোর গালে দুটো বাডি বসাতে পারলে এই ঘরমে কিছুটা শান্তি পেতাম।। কুকুরের বাচ্চা কোথায়কার।।,1,0,1,1,0,1
ওকে স্যাটেলাইটের সাথে বেধে আকাশে ছেড়ে দিলো না কেন? হালা ফুডার পু ফুডা।,0,0,0,0,0,1
একচুয়ালি বাংলাতে একটা কথা আছে কথাটা হচ্ছে কুকুরের পেটে ঘি ভাত সহ্য হয় না ঠিক তেমনি রানু দিদি ধন্যবাদ,0,0,0,0,1,1
"তোদের কেন বাপ হিজলা বলে বেটা, দেশে আসতে সাহস লাগে",0,0,0,1,0,0
রানু মন্ডল ওর কপাল ভালো যে অতীন্দ্র চক্রবর্তী ওনার ভিডিওটা ভাইরাল করেছিল আজ তাকে বলছে চাকর কাল বলবে হিমেশ রেশমিয়া উনিও চাকর তারপরের দিন বলবে সালমান খান উনিও চাকর ভগবানের চাকর বা রানুদি বা,0,0,0,0,0,1
এই ভারতীয় ভিখেরী শালা গো কি নিজেদের কোন পেইজ নাই? শালারা বাংলাদেশের পেইজে ঢুকে ঘেউ ঘেউ করে কেন?? তাইলেই বোঝ তোদের ভারত মাতা তোদের বাঙালীদের জন্যে টা ফেইসবুক পেইজ পর্যন্ত করেনি আমাদের দেশের পেইজে এসে গরুর মুত খেয়ে গন্ধ ছড়াচ্ছিস,0,0,0,0,0,1
রানু মন্ডল একটা অকৃতজ্ঞ বেইমান ছি ছি এত বাজে বাজে কথা বলো কি ভাবে দাদা আপনি একদম ঠিক কথা বলেছেন রানু মন্ডল এখন খুব উপরে উঠেছে বলে ওর বুদ্ধি লোপ পেয়েছে ও যেখানে ছিল সেখানে নামিয়ে দেওয়ায় ভালো,0,0,0,0,0,1
অসাধারণ লেখা অভিনেতা চরিত্র সবসময় বৃন্দাবন এর নাটক অভিনয় পারিবারিক সামাজিক বর্তমান সমাজের এপিটওপিট পরিস্কারভাবে তুলে ধরাহ্যাপি ফ্যামিলি নাটক দেখিয়েন সবাই,0,0,0,0,0,0
অনেক অনেক ভালো লাগছে নাটক দেখলাম আর কিছু বুঝতে পারলাম অসাধারণ ভাই ও আপু,0,0,0,0,0,0
আজ আমার ভুল ভাঙলোরানু ভিখারি মুখ দেখা ও পাপওর গালাগালি দিলে ও রাগ মিটবে নারাস্তার কুকুর রাস্তায় ভালো শোভা পায়,0,0,0,0,0,1
তারেক জিয়ার জন্মদিন উপলক্ষে পাউন্ড কেকে কাটার পিছনে বি এন পি ও জামাত শিবিরের হাত আছে বলে আমরা মনে করি ।,0,1,0,0,0,0
পাবলিক মাথায় তুলতেও জানে আবার পায়ের জুতার মালা মাথায় পরিয়ে দিতেও জানে।,0,0,0,0,0,1
সত্যি ভালোবাসা গুলো এই ভাবে বেঁচে থাকুক সারাজীবন এক কথায় অসাধারণ একটি নাটক,0,0,0,0,0,0
"ঐ, তোর দেশ চুরি হয়ে গেল আরে ধুর, আমি রাজনীতিতে নাই",0,0,0,0,1,0
নিশো বস আমার খুব প্রিয় একজন অভিনেতাআমার খুব ভাল লাগেবাস্তব চরিত্রগুলো দেখতে পাইনিশো বসের ভক্তরা লাইক দিন,0,0,0,0,0,0
লটির পোলা রাজাকার নাপাকিস্তানে জিন্নাহ বাচচাদের গুষ্টি মারি ।জয় বাংলা জয় বঙ্গবন্ধু ।রাজাকার পাকিস্তান মুর্দাবাদ ।,1,0,0,0,0,0
ভাভাগো এখনো কত মানুষ জেগে আছে কমেন্টবক্স চেক না করলে জানতাম এই না,0,0,0,0,1,0
সত্যি বেশ আনন্দদায়ক নাটক অভিনয় ভালো এবং কৌতুকপূর্ন ও মজার বিষয়,0,0,0,0,0,0
"পেট ঢোল বানায়া ইফতার করছিলাম
তোর ছবি দেইখা বমি হইয়া গেলো রে বান্দির পুত",1,0,0,0,1,0
একটু ফরওয়ার্ড করি স্টোরিটা; এক এঞ্জেল এলো... কাঁদছো কেনও ভাই ডায়লগ দিলো... ডুব দিয়ে একটা সোনার কুড়াল আনলো... তারপর রুপার...,0,0,0,0,0,0
"আল্লাহ আমাদের সবাইকে পাঁচ ওয়াক্ত নামায পড়ার তৌফিক দান করুক আর বেশি বেশি আল্লাহর কাছে দোয়া করি যেনঃ এমহামারী আযাব থেকে বাচঁতে! "" আমিন """,0,0,0,0,0,0
শাকিবের পুরা শরীল ঢাকছে মেয়ে টাকে লেংটা রাখছে কেন কাপর নাই  মেয়েটা কী গরীব,1,0,0,0,0,0
"‘তো যারা পিএইডি করেছে... বা অন্যান্য হায়ার স্টাডিজ করেছে, তারা কি শাইন করে না?’",0,0,0,0,0,0
"আরিফ খানের পুটকি দিয়ে আমি হিরু আলম রে ডুকাইতে চাই
আর আরিফ খান রে মোটা আপার পুশি রে খাওয়াইতে চাই
মোটা আপার পুশি নাকি অনেক ক্ষুদার্থ",1,0,0,0,0,1
এই যুগের ছেলেমেয়েরা আসলে খুববেশি বিনোদন কে ফলো করেআজ যদি সব বিনোদন বেপরোয়া আর খোলামেলা না হত তবে মানুষ এতটা খারাপ চিন্তা ধারণা হত নাআসলে মানুষকে খারাপ করে তার পরিবেশসেখানে মানুষের দোস দিয়ে লাভ কি,0,0,0,0,0,0
"এই সকল অভিনেতাদের জন্য, বাংলাদেশ চলচ্চিত্রের এই অবস্থা, বাংলা চলচ্চিত্রের পর্দা তেকে এই সকল নাস্তিক কে, বহিষ্কার করা হোক,বাংলাদেশ সরকারের কাছে আমার আবেদন রইলো...... জয় বাংলা",0,0,1,1,0,0
বাংলাদেশ ভারত চীনের প্রতি পৃথিবীর মানুষের দাবী হতে পারে মায়েনমার দখল করে শান্তি ও সম্প্রীতি প্রতিষ্ঠা করা।,0,0,0,0,0,0
"চল চল চল
আরিফরে চুদতে চল!
উরপে তুলিয়া নিচে নামিয়া,
আরিফরে চুদতে চল! 

পানিতে ডুবাইয়া,
আকাশে তুলিয়া,
আরিফরে চুদতে চল!",1,0,0,1,0,1
কিছু পাগলা একাত্তরে ছিল দেখেই দেশটা স্বাধীন হয়েছে। অনেকদিন পর... ইনফ্যাক্ট অনেক জেনারেশান পর আবার একটা জেনারেশানের আবির্ভাব ঘটেছে এই দেশে যারা আসলেই পাগলা,0,0,0,0,0,0
ভারতের প্রতিরক্ষা মন্ত্রীর বাংলাদেশ সফর এহল একটা কুঠনিতিক চাইল যেহেতু বাংলার অব্যাবান্ত্রিন ব্যাপার ভারতের কাছে গোপন নয় যা গোপন থাকার কথা ভারত সবসময় বাংলাদেশকে অবহেলাকরে অাসছে এরই মাধ্যে চিন বাংলাদেশকে দুটি সাব,0,1,0,0,0,0
"জনগণের বিনা ভোটের অশিক্ষিত মন্ত্রী  সংসদ সদস্য হয়ে চেয়ার দখলে বসে আছে, তাদের মুখের ডায়লগ এমনি হবে।।",0,1,0,0,0,0
হিন্দুরা ব্রিটিশদের আর্য মনে করে পূন্য লাভের আশায়  নিজেদের মা বোনদের যেভাবে কুঠিতে পাঠিয়ে চোদা খাইয়ে এলগো ইন্ডিয়ান আর রুশো ইন্ডিয়ান জাত তৈরি করেছে সেইভাবেই মনে হয় তোকে আমি তৈরি করেছি আয় ছেলে বুকে আয়।,1,0,1,0,0,1
শালি তোদের সবাব চরিত্ত ভালো বোঝায না তোরা দুই জন আত্তা মাগী ৷,1,0,0,0,0,1
"তুই কী মাগির পুত নাকী হিজরার পুত,,
এতো গালি পাড়ে তাও স্টক কইরা মরস না",1,0,0,0,0,1
"রোজা রমজানের মাসে কি এগুলা না দিলেই নয়?
সব শালা শয়তানের ভোজবাজি!",1,0,0,0,0,1
ওদের রেডি করিয়ে বিকালে প্রজেক্ট কম্বলের ফান্ড রেইজিং ইভেন্টে নিয়ে গিয়েছিলাম “দেখ স্যান্টা... কত স্যান্টা”,0,0,0,0,0,0
পালতু একটা নাটক । জবা কি পারবে তা শুনতে শুনতে নিজে কি পারি তা ভুলে গেছি আবার আসছে তিতলী কি পারবে এসব পারবে পারবে শুনতে শুনতে নিজে যা যা পারি সব ভুলে যাচ্ছি,0,0,0,0,1,0
"তার এক বান্ধবী আমাকে বলছে, ‘কিন্তু আঙ্কেল কেকের উপরে ৮ লেখা থাকবে কেন? সে তো এতদিন আমাদেরকে বলেছে ৯’",0,0,0,0,0,0
লাস্ট মোমেনটে অপুরবোকে পুরোনো ভালোবাসার মেয়ের কাছে ও তার বাবার কাছে গিয়ে একবার দাডাতে হতো পাইলট ড্রেসে তাহলে আমার মনে হয় নাটক টা একদম ফাটাফাটি হতো তাও যেটুকু দেখলাম খুব খুব সুন্দর লাগলো,0,0,0,0,0,0
ঠিক এমনি অত্যাচার করে ছিলো ইহুদিরা আমার প্রিয় নবী হজরত  মোহাম্মদ (সঃ) কে ।,0,0,0,0,0,0
একদম নিখুঁত অভিনয়় এইসব নাটক গুলা কেন যে চ্যানেল পায় না বুঝি ইই না অন্তত্য এইটা চ্যানেল পাওয়া উচিত ছিল,0,0,0,0,0,0
আসিফ তুমি ইসলাম নিয়া গামাইয়া না! নাম দিছ ইসলামের আর কাম কর সব বদমাইসের ইসলাম বুজতে গেলে মাদ্রাসায় পরতে হবে!,0,0,1,0,0,0
এই নাটক টা যদি ২০২০ হয়তো তাহলে হয়তোবা আবারো এই নাটক টা জন্য নিশো ভাই এই বছরের শেরা হতো,0,0,0,0,0,0
আসলে আমি কখনো কমেন্ট করি না তো লিখতে বাধ্য হলাম এক কথায় অসাধারণ বর্তমান পরিস্থিতির সাথে অনেক মিল রয়েছে টিমের সকলকে অসংখ্য ধন্যবাদ বিশেষ করে লেখক পরিচালক এবং দুই অভিনেতা অভিনেত্রী থ্যাঙ্ক ইউ,0,0,0,0,0,0
"আমাদের দেশ ছোট বলে ভারতের চেয়ে পিছিয়ে, না হয় মুতার জন্যও তোদের সাথে সম্পর্ক রাখতাম না,",0,0,0,0,0,1
শুধু সাদামাটা ভাবে বলা ‘সংখ্যায় বড়’ না... সংখ্যায় ২০০ গুণ... ৩০০ গুণ... ৫০০ গুণ বড়,0,0,0,0,0,0
যতই অনুশীলন করো লাভ নেই ম্যাচ খেললে বোরিং করে পঞ্চাশ করবে ! আর না খেললে পানির বোতল টানবে,0,0,0,0,1,0
পেপসি খাওয়া পাইপ নাই বলে আমি আজও দেখেই গেলাম না হলে আজ পাইপ তা রেখে সমানে বিঁড়ি পু কির মত টান দিতাম,0,0,0,0,1,0
তাই শুধু মাত্র আপনার পোস্ট দেখার জন্য বাসার ডিম পাড়া মুরগি বেঁচে এম বি কিনে বসে আছি,0,0,0,0,1,0
অনেকেই খুব ভালো ভালো মন্তব্য করেছেনহুম সত্যিকার অর্থে নাটকের গল্পটা ভালো লেগেছে তবে যদি নায়িকার পোশাক নিয়ে পরিচালক আরো সচেতন হতেন তাহলে আরো ভালো হত যা হোক পরবর্তীতে পরিচালক হয়তো এই ভুলগুলো মাথায় রেখে কাজ করবেন,0,0,0,0,0,0
এতো বার্ণ করতে চাইয়ো না । পরে কবে যে নিজে বার্ণ হইয়া যাবা টেরই পাবা না ।,0,0,0,0,1,0
সালমান শাহর পরে যদি কেউ থাকে সেটা হচ্ছে আফরান নিশু ভালো বাসা অভিরাম ভাই,0,0,0,0,0,0
সবাই নির্বাচন নিয়ে অভিযোগ করছে আর নির্বাচন কমিশনার হাই তুলে ঘুমাচ্ছে,0,0,0,0,1,0
এসব দেখার সময় নাই তারা এখন মালাউন বলা অপরাধি খোজায় বেসতো।,0,0,1,0,0,0
এই বছরের সেরা অভিনেত্রী শাহানাজ চুমকি এবং সেরা নাটক এটাই ধন্যবাদ বৃন্দাবন দাস কে,0,0,0,0,0,0
ভারত কিংবা মিয়ানমার কোনো দেশের মতোই সংখ্যালঘু নির্যাতন বা নিধন বাংলাদেশে হচ্ছে না।,0,0,0,0,0,0
খুব ভাল লাগল আমি কলকাতার নাটক ভাল লাগে বিশেষ করে আখম হাসান আপনি অসাধারন আপনাকে জানাই ধন্যবাদ,0,0,0,0,0,0
পাকিস্তান আগে ভাবুক যে ভারতে কোটি জনগন আর পাকিস্তানের কোটি জনগন আমরা চআই না কোনো সংঘাত হোক,0,1,0,0,0,0
"আল্লাহ তো আপনাকে অনেক দিয়েছেন, তার কিছু অংশ গরিব অসহায় মানুষদের সাহায্য করলে কি খুব বেশি ক্ষতি হয়ে যাবে?",0,0,0,0,0,0
রোহিঙ্গাদের নির্বিচারে হত্যার নির্দেশ ছিল রাখাইনে আইসিসিতে দুই সেনা কর্মকর্তার স্বীকারোক্তি,0,1,0,0,0,0
এই সমস্ত নাস্তিক দের কে দেশ থেকে বিতাড়িত করতে হবে।নয়তো দেশে আগুন। দর্ষন রাস্তায় মরতে হবে,0,0,1,1,0,0
এর ৫ ভাগের ১ ভাগও যদি একটা করে শেয়ার কিনে,0,0,0,0,0,0
তুই তো একটা বোকাচোদা তোকে দেখালে কি আর না দেখালে কি তুই বোকাচোদা থাকবি,1,0,0,0,0,1
অনেকদিন পর একটা পজিটিভ বিষয় নিয়ে নাটক দেখলাম সেটাও আমার প্রিয় অভিনেতার মাধ্যমে বন্ধুত্ব বিশ্বাস নামাজ এবং বাবা কে সম্মান করে আপনি সম্বোধন করাএক কথায় অসাধারণ এভাবেই ছড়িয়ে যাক নামাজের পরিপূর্ণতাভালোবাসা অবিরাম নিশো ভাই এবং কাজল আরেফিন অমি ভাই,0,0,0,0,0,0
ছেড়ে আসা যায় কিন্তু ছেড়ে থাকা যায় না রাগ করাযায় কিন্তু রাগ করে থাকা যায় না,0,0,0,0,0,0
‘না না... সুস্থ হোক... আচ্ছা ভাই কিছু মনে করবেন না...কিছু টাকা পাঠাবো? চিকিৎসার জন্য?’,0,0,0,0,0,0
আমি বললাম ‘মৃত্যু এমনে টাইম দিয়ে আসে? আর সে তো মরে নায়... ঝাঁকুনির কারণে আঘাত পেয়ে জ্ঞান হারিয়েছে’,0,0,0,0,0,0
যেই ধর্মের ইশ্বর গাঞ্জাখেয়ে ছেলের মাথা কেটে ফেলে..সেখানে এত বড় বিশ্বজগৎ তাকে কিভাবে নিয়ন্ত্রণ করবে,0,0,1,0,0,0
যাক অবশেষে আরিয়ান ভাইয়ের নাটকে অনেকদিন পর একটা হ্যাপি এন্ডিং দেখলাম,0,0,0,0,0,0
আমার যদি কিছু দেবার থাকতো তাহলে এই নাটক নির্মিতার হাতে ওঠিয়ে দিতাম আল্লাহ এত সুন্দর নাটক আমি জিবনে ও দেখিনাই আর অপূব ভাইয়া কে আমার হাজার সালাম,0,0,0,0,0,0
এই নাটক ও অপূর্ব মেহজাবিন অভিনিত ভালো থেকো তুমি ও নাটকটি এক ই গল্প,0,0,0,0,0,0
"আগে নিজে লুচ্চামি ছাড়, ভালো হ।মানুষের জন্য ভালো কিছু কর,তারপর অন্যদের উপদেশ দিস অথবা অন্যের কাজের সমালোচনা করিস।",0,1,0,0,0,0
চুর চুর হো জায়গা ভারত কো জো আঁখ উঠাকে দেখেগা জয়হিন্দ,0,0,0,1,0,0
দাদবাবুদের  দেশ থেকে পাঠানো ১১ বস্তা ভিটামিন (গাঁজা) আটক করেছে পুলিশ,0,0,0,0,1,0
"২ দিন পরে এক দাওয়াতে সোফার কোণায় বসে দাঁত বের করে দৈ দিয়ে রসগোল্লা খাচ্ছি, উনি দেখি আমার সামনে",0,0,0,0,0,0
নাটকে ছোট্ট মেয়েটির অভিনয় খুব সুন্দর আপনাদের ভালোলাগলে একটা লাইক দিন,0,0,0,0,0,0
নাটকটা সত‌্যিই অসাধারণ শেষের দিকে নিসো ভাই নামাজের কথা বলাতে ভাল লাগল,0,0,0,0,0,0
আজ থেকে আগে এরকম পরিবার বাস্তবে ছিল শাহানাজ খুশি অসম্ভব ভালো অভিনয় করেছেন,0,0,0,0,0,0
আওয়ামীলীগ-বিএনপি'র রাজনৈতিক বলয়ের বাইরে গিয়ে রাজনীতিতে প্রতিষ্ঠিত হওয়া নুরুল হক নুরের পক্ষে সম্ভব হবে বলে মনে হয় না।,0,1,0,0,0,0
"‘শব্দটা গরিলা না... গেরিলা... আর তুমি যদি এতো বুঝো, তুমি দেশে কি করো? তোমার তো আফগান থাকার কথা’",0,0,0,0,0,0
হায়দ্রাবাদের মতো এনকাউন্টার করতেই হবে নচেৎ এক মাসের মধ্যেই ফাঁসি চাই,0,1,0,0,0,0
ভারতের জন্য শোক আরেক পাশে দেশে মুসলমাদের মারছে তাতে কোন মাতা বেথা হয় না এ কেমন কথা,0,1,0,0,0,0
হুজুর  মরার পর টের তো পাইবা তোদের আল্লাহ তোদের জন্য বেহেশত এ ৭২ টা মেয়ে হুর রাখবে মানে ৭২ টা বেশস্যা মাগী  রাগবে,1,0,1,0,0,1
স্বাধীনতার পর ভারত যখন সিলেট বিভাগ তাদের দাবি করে তখন দেশপ্রেমিক দের গা জলে না।,0,1,0,0,0,1
"পোস্টে লাইক দিতে পারছি না!!Angry React দিয়ে মজাও পাচ্ছি না, জুকারবার্গ React মধ্যে একটা জুতা রিয়েক্ট দিলে ভালো হতো",0,0,0,0,0,1
এতোক্ষন বডি দেখাইয়া হইলো না এখন পা নিয়ে চলে আসছে । কাজ কাম না থাকলে যা হয় আরকি,0,0,0,0,1,0
মায়ানমারে আমার ভাইকে মারতেছে তার কোন খবর নেই।ভারতের খবর নিয়ে নাচানাচি দালাল কোথাকার,0,0,0,0,0,0
নাটকটা এমনিতেই অনেক ভালো লেগেছে আরও বেশি ভালো লেগেছে শেষে নামাযের আহ্বান দেয়ার কারনে,0,0,0,0,0,0
বাহ খুব সুন্দর নাটক নাটকটি দেখে অনেক শেখার কিছু আছে ধন্যবাদ ডিরেক্টরকে এবং অভিনেতাদের কে,0,0,0,0,0,0
কয়েকটা বাংলা সেরা নাটকের নাম দরকার ছিলোযা জানা আছে কাইন্ডলি বলবেন প্লীজ,0,0,0,0,0,0
"ধর্মকে বিজ্ঞান দিয়ে যুক্তি দেন৷কি কারনে মাসির মেয়েকে বিবাহ করা যাবে না , তাদের উভয়ের রক্ত সম্পর্ক যেখানে আলাদা ৷",0,0,1,0,0,0
ভালোবাসার মানুষ যেমন এই থাকুক না কেনো তার পরও তাকে ভালো লাগে ভালবাসা,0,0,0,0,0,0
কেউ দেখা যাবে ইমোশোনাল হয়ে বলে উঠলো ২০০ কম্বল দিব,0,0,0,0,0,0
"ছোট মেয়ে পাশ থেকে বলল, “২ টা চুরি করার টাইম পাইনি আঙ্কেল”)",0,0,0,0,0,0
পরিচালক আরিয়ান ভাই সত্যিই প্রশংসার দাবিদার স্টোরি টা অসাধারণ ছিলো প্রত্যেকেই নিজ নিজ অবস্থান থেকে ভালো অভিনয় করেছেস্পেশালী মিথিলার বাচ্চাটা অনেক কিউট ছিলো,0,0,0,0,0,0
কাশ্মীরে কুত্তার মতো মারখেয়ে চলেছে ভারত তাই জাতির দৃষ্টিকে ভিন্নদিকে ঘুরানোর জন্য নতুন প্লান মালাউন গুলারে ধোকা দেয়ার সামিল,0,0,1,0,0,0
"আমার ছোটবেলার ইচ্ছে ছিল যখন অনেকক বড়লোক হবো, তখন আমার বাসার পাশের তেজকুনিপারা ড্যাশিং সেলুনের মুনির ভাইকে চাকরি দিবো",0,0,0,0,0,0
‘এক পরিবারকে একাধিক গাড়ির লাইসেন্স না দেয়া’ এখনও আমরা শুরু করতে পারিনি... করবো করবো অবস্থায় আঁটকে আছি,0,0,0,0,0,0
"ওর কথা হচ্ছে, “আমি গাছ-বলদ মালায়ন” আমার সাথে কেন দলিল দিয়ে কথা বলে! দামড়া-বলদের সামনে দলিল-প্রমান-যুক্তি সবই অকেজো ।",0,0,1,0,0,0
তর মতো মেয়েদের জন্মের টিক নাই রাস্তায় জন্মেছিলে মনে হয়।,1,0,0,0,0,1
"আজ ছেলে বলে, বখাটে মেয়েদের ভয়ে, রাস্তায় বেরোতে পারি না",0,0,0,0,1,0
"তরে বিচানায় নিয়া খালি পুটকি মারে আমারা জানি,তুই জাহান্নাম মাগি, জাহান্নামির পোলাদের তরে নিয়া জাহান্নামে পুটকি মারবে",1,0,1,0,0,1
"মনডায় কয়,এই হালার পুতেরে ধইরা ল্যান্টা কইরা, এখন বৈশাখ মাসে কোন খাম্বার লগে উপুত কইরা বাইন্দা রাখি, যেন কাল বৈশাখী ওর হোগার মধ্যে একটা ঠাডা ফালায় মাইরা ফালায়
হারামজাদা,!!",1,0,0,0,1,1
খুব ভাল একটা নাটক ভাল লাগলপ্রবাস থেকে কে কে দেখছেন লাইক দিন,0,0,0,0,0,0
এই নাটকের দুইটা মানুষ কেই অনেক বেশী ভাল লাগে নিশো এবং তিশা অসাধারন তারা,0,0,0,0,0,0
পরিচারককে আকর্ষণ করছি প্লীজ অনলি মি পার্ট টু খুব সুন্দর নাটক অসাধারণ,0,0,0,0,0,0
তুমি ইসলাম ত্যাগ করেছো তাতে কারো বাল ছেড়া যায় নাই।,0,0,1,0,0,1
মহিলারা যে কি জন্য কলকাতার সিরিয়াল দেখে বুজে আসে না নাটক টা দেখে চোখে পানি এসে গেলোজয়েন ফেমেলি দেখতে চাই ধন্যবাদ বৃন্দাবন দাস দাদা সুন্দর একটা নাটক উপহার দেওয়ার জন্য,0,0,0,0,0,0
মানুষ রাস্তায় হাগু করলে যেমন কুত্তা গুলা দৌড়ায় আসে সেগুলা খাওয়ার জন্য ঠিক তেমনি এ পত্রিকায় মুসলমানদের কোন কমেন্ট দেখলে বেজন্মা মালাউন গুলো কুত্তার হাগু খাওয়ার মত করে ঝাপিয়ে পড়ে।,0,0,1,0,1,0
মালাউন কথা ঠিককরেবল।তোদের বাবা হচ্ছে পাকিস্তানেরা।দেখিসনা তোদের খমোতানাই পাকিস্তানের সাথে যুদ্ধ করার।,0,0,1,0,0,0
অনেক ধন্যবাদ এতো সোনদর গান উপহার দেয়ার জন্য ধন্যবাদ মিনার ভাই কে,0,0,0,0,0,0
"মোটা দুধ কেনো হবে না ৫ জনের হাত দেওয়া,কোন হাত টাই ভালো কাজ করেছে কে জানে",1,0,0,0,0,1
এই রকম ধরনের কোনো কাহিনী এইভাবে দেখাতে থাকলে সামাজিক অবক্ষয় হবে এতে যে কোনো পরিবারের ভাবমূর্তি নষ্ঠ হতে পারে,0,1,0,0,0,0
আফরান নিশোর পাগড়ি খুলে বিয়ের আসর থেকে পালিয়ে যাওয়ার দৃশ্যটা সেই রকম মজার ছিলসময় হাহাহা,0,0,0,0,0,0
অামার লাইপে সবচেয়ে বেস্ট নাটকনা দেখলে মিস করতামঅাসলে মানুষের জন্য সেকরিপাইজ করা,0,0,0,0,0,0
এই নাটকটা খুবই ভালো লাগছে আমি বলব অনেক অসাধারণ নাটক,0,0,0,0,0,0
ভাই আমরা কি বিটিবি চ্যানেল দেখতেছি এত বিজ্ঞাপন ক্যারে এই বিজ্ঞাপনের জন্য টিভি ছাইরা ইউটিউব এ আসলাম এখানেও শান্তি দিবেন না,0,0,0,0,0,0
"এই হল ডিজিটাল ফর্মুলা জাতির সাথে আর কত ভন্ডামি, ধান্দাবাজি?",0,1,0,0,0,0
কি বলবোবলার ভাষাই হারিয়ে ফেলেছিএই নাটকের সামনে পিছনের সবাইকে ধন্যবাদসুন্দর একটি নাটক উপহার দেয়ার জন্য,0,0,0,0,0,0
যে এই নাটক টা লিখেছেনতাকে ১লক্ষ বার ধন্যবাদ এত সুন্দর নাটক লেখার জন্যলেখক ভাই সামনে আরো এত সুন্দর নাটক চাই,0,0,0,0,0,0
কথাগুলো একেবারে সত্য। অস্ট্রেলিয়ার হারার কােন তো এটাই যে তাদের এখন গিলক্রিষ্ট নাই। ধোনি অবসর নিলে ভারতের ঠিক এই অবস্থা হবে।,0,1,0,0,0,0
যে ঝলকে ইংল্যান্ড অষ্টোলিয়ার মত দলকে মাঝমাঝে হারিয়ে টেষ্টেও আমরা এগিয়ে যাচ্ছি বলে গলাবাজি করব ।,0,0,0,0,1,0
আমরা তো দেখলাম ইউটিউব এর মাধ্যমে গাড়ি আওয়ামী লীগ এর লোকজনে পোড়ালো। অথচ মামলা করে দিলো বিএনপির নামে।,0,1,0,0,0,0
সন্ত্রাসীরা মনে করে  ১৫ই আগস্ট দুনিয়ায় কেউ জন্ম নিতে পারবেনা।।,0,1,0,0,0,0
যতদিন অল্প বয়সে খানকিরা থাকবে ততদিন এই এগুলো হবে ভোদায় পানি কেল কেল করে,1,0,0,0,0,0
নিশো ভাই আপনাকেই বলছি আপনি ৫ওয়াক্ত নামাজ পড়ুন খুব ভালো লাগে পাঞ্জাবি টুপিতে,0,0,0,0,0,0
"এরে মাদারচোদ কি করছস এইডা? দিলি তো রোজাডা ভাইঙ্গা। তোরে কতবার না করছি দিনের বেলা ছবি দিবিনা, শূয়ারের বাচ্চা",1,0,0,0,0,1
অসাধারন আমার জানের প্রানের বান্ধবী ঘাসফড়িং আজ আমাকে বলেছিল নাটকটি দেখিস সত্যি বান্ধবী অনেক সুন্দর একটা নাটক আর তার থেকেও চির সত্যি আমি সারাজীবন তোর পাশে থাকব আমার ঘাসফড়িং,0,0,0,0,0,0
"৬৪ জেলা থেকে আসা ভলান্টিয়ারদের কোনও আত্মীয়স্বজন যেন ডিস্টার্ব না করতে পারে, সেই কারণে কক্সবাজার করছি প্রোগ্রামটা”",0,0,0,0,0,0
"আমাদের হিন্দু ধর্মে এসব বিয়ে করার কোনো নিয়ম নেই এই জন্য বিয়ের আগে কনে পক্ষ ও বর পক্ষ সবার নাম, গোত্র, জন্ম কুন্ডলি, তিথি, নক্ষত্র সব দেখে তবে বিয়ে দেওয়া হয়",0,0,1,0,0,0
"জাহেদা খাতুন তো বোকাচদ্দা নায়িকা,,,,, সালা বোকাচদ্দা জুতা মারি জাহেদা খাতুন কে",1,0,0,0,0,1
জীবনে যতই নতুন কেউ আসুক না কেন প্রথম ভালোবাসাকে কখনোই মন থেকে মুছে ফেলা যায় নাসে যতই অবহেলা করুক না কেন আর অনেক সময় হাজার ভালোবেসেও ভালোবাসার মানুষকে পাওয়া যায় না,0,0,0,0,0,0
"চীনে আইপিএল সরাসরি দেখা যাবে এটা শোনার পর চীন সরকার, তাতে আমার বাল ছিড়া গেলো",1,0,0,0,1,0
"আমি শুধু বলছি, “শাইন করার জন্য, পড়াশোনাটাই একমাত্র উপায় নয়”",0,0,0,0,0,0
"তোমার মুখে দাঁড়ি তোমাকে পুলিশে ধরবে, আর তোমার মুখে দাড়ি নাই তোমাকে আল্লাহ ধরবে",0,0,1,0,1,0
"এটা যতদিন না চেইঞ্জ করার উদ্যোগ নেয়া হবে, ততদিন ছুরি চাকু দাড়ি-মোছ কামানো যতই লিমিটেড করেন, লাভ হবে না ভাইটি",0,0,0,0,0,0
"কুখ্যাত নাস্তিক মুরতাদ লতিফ সিদ্দিকীর দৃষ্টান্তমূলক শাস্তি চাই, দিতে হবে",0,0,1,0,0,0
"ভাবছেন এটা মিসর, না এটা বাংলাদেশ ফেরাউনের প্রেতাত্মারাই এ কাজ করছে",0,0,1,0,0,0
ভালবাসা এমনই কিছু যা কখনো বুঝানো যায় না অসাধারণ নিশো ও মেহজাবিন জুরি,0,0,0,0,0,0
বাংলা নাটকের এক মহা সিন নায়ক নাইকা ভাববে আর গান চলবে পিছনে এই সিন টা সব নাটক এ ই থাকতে হবে,0,0,0,0,0,0
"কালকে খবরে দেখলাম, “মগবাজার থেকে ৫ জন ভুয়া ডিবি ধরা পড়েছে। এদের কাছে পাওয়া গেছে, ওয়াকিটকি, হ্যান্ড কাফ, ডিবি লেখা জ্যাকেট, আর STOP সাইন লেখা 'আর.এফ.এল' প্ল্যাস্টিকের দুটো স্ট্যান্ড”",0,0,0,0,0,0
ধর্মীয় অনুভূতি তে আঘাত দেওয়া অপরাধে তুই মাগীর ফাঁসি চাই৷,1,0,1,1,0,0
একটা গল্প এতটা সুন্দর হতে পারে আমি চিন্তাই করিনিএন্ড শামীম ভাই এর অভিনয়,0,0,0,0,0,0
নাটকের শেষের পার্টটা কেমন ছিল অাপনাদের মতামত চাই অার প্রথম পার্টটের কথা ত বলতে চাই না হহহ,0,0,0,0,0,0
"সারা দিন রাত রাখে প্রাইভেট কোচিংএ মস্ত বড় একটা ব্যাগের বোঝা কাধে দিয়ে।
খেলাধুলার সময় পায় না বাচ্চারা।মানুষিক বিকাশ না ঘটলে শিক্ষার বিকাশ কিভাবে ঘটবে?",0,0,0,0,0,0
"কমেন্ট ডিলিট করতে থাক, দেখি তুই কমেন্ট লাইন ডিলিট তো কর",0,0,0,1,0,0
"‘চিপসের প্যাকেট’ ... বা, ‘রক্ত চাই’ লিখে পোষ্ট হোমপেইজে আসার আগেই “রক্ত দিতে চাই” টাইপ স্ট্যাটাসের কথা মাথায় হুট করে আসলো তাই বললাম... এরকম হাজারটা ওয়ে আছে ট্রেন্ড ভাঙ্গার",0,0,0,0,0,0
অসাধারণ একটা নাটক ভাই বৌউ পেলে বাড়ির বোন কাজের মেয়ে হয়ে যায় বিন্দাবুন দাস কে অনেক ধন্যবাদ আপনাকে এমনটা যেন আমরা কেউ না করি,0,0,0,0,0,0
এরা মেয়ে নামের রক্ত পিপাসু ডাইনি এদরনের মেয়ে গুলিকে কঠিন বিচার করা হয়,0,1,0,0,0,0
অনেক সুন্দর হয়ছেতবে যদি ছেলে কে কোরঅান শিক্ষা দিতো তাহলে কষ্ট পেতে হতো না,0,0,0,0,0,0
ওমি ভাই যতো গুলা নাটক বানায় সব গুলা খুব সুন্দর হয়,0,0,0,0,0,0
ও গো কবি তুমি এত বিরক্ত কেন আমাকে কহিতে পারো তোমার কি তাহার পোজ পছন্দ হয় নি,0,0,0,0,1,0
গ্রামের মেঠো পথের ভাঙা রাস্তায় একজন গাড়ির ড্রাইভার কিভাবে গাড়ি চালায় দেখেছেন?,0,0,0,0,0,0
ফাসির মন্চে দারিয়ে বলবো কুরআন আমার সংবিধান আমি কুরআনের আইন মানি,0,0,0,1,0,0
অসাধারণ নাটক ভাই নামাজ কথা গুলি আরো সুন্দর করে দিলো,0,0,0,0,0,0
নিশু ভাইয়ের অভিনয় খুব সুন্দরদোয়া করি ভাই বেঁচে থাকুনআরো আমাদের অনেক অনেক নতুন নাটক গিফট করো,0,0,0,0,0,0
বিএনপি কামালের পা চাটতে গেছে যেনো আইনের লড়াই করে খালেদা জিয়া কে বের করে,0,1,0,0,0,0
এত সুন্দর নাটক ডিজলাইক কমিউনিটিদের জন্য সমবেদনা সাবিলা নুর এই নাটকে ঠিক ছিল মানিয়েছে,0,0,0,0,0,0
ভাগ্য ভালো এমন কথা কোন হুজুর বলে নাই।বল্লে নিদ্বিধায় রাজাকার বানিয়ে ফাঁসি দেওয়া হইতো।,0,0,1,0,0,0
ভাই রে ভাই!কি কবিতা রবীদা বেচেঁ থাকলে নির্ঘাত ফাসি লইতো,0,0,0,0,1,1
দুর্ভাগ্য আমাদের দেশের মুসলিমরা ধর্মীয় পড়াশুনা ছেড়ে দিয়েছে জাহেলিয়াত বা অগ্গতা বেশীরভাগ মুসলিমকে (নামধারী) গ্রাস করেছে।,0,0,1,0,0,0
আর ভারতের মালাউনরা বাংলাদেশে হিন্দুদের কিছু হলে বড় বড় কথা বলে,0,0,1,0,0,0
"ইয়েস, একদিন বাঙ্গালী তার সকল স্বাধীন অধিকার হারাবে-কবি বলে গিয়েছিলো",0,0,0,0,0,0
ধধন্যবাদ পরিচালক কে এতো সুন্দর একটি নাটক উপহার দেওয়ার জন্য,0,0,0,0,0,0
জণগন মারা গেলে আলীগের কিছু আসেনা করন কি ? তারা কি রাজাকার ?,0,1,0,0,0,0
ছিঃ ছিঃ লজ্জা করে না রানু মন্ডল একদম ফালতু পায়ের জুতা পায়ে শোভা পায় মাথায় শোভা পায় না জন্ম গত সংস্কার থাকা চাই শিক্ষা থাকা চাই একটা ভিখারি যদি রাজা হয় নি লজ্জ এই সব মহিলাকে জুতা মারা দরকার,0,0,0,0,0,1
ভাই ধন্যবাদ এইরকম সুন্দর করে নাটক বানানোর জন্য আরো নতুন নতুন এইরকম নাটক উপহার দিবেন আশা করি,0,0,0,0,0,0
"আমি ব্যাপারীর পাশে যেয়ে আস্তে করে বললাম, “ব্রাদার এটাও কি আপনার পালা গরু? কখন আসলো মোমেনশাহী থেকে? ... তো ছোডো পিকআপের ভাড়া মনে পরেছে?”",0,0,0,0,0,0
মালাউন কী বাচ্চা কাভি নেহি আচ্ছা জো ভি আচ্ছা ও শুয়োর কি বাচ্ছা মালাউন দের বেশি করে মারুন,0,0,1,0,0,0
আমার দেখা সেরা নাটক অনেক হাসলাম শামিম তুমি বেস্ট ভাই,0,0,0,0,0,0
বুঝলাম না মানুষ কেমনে এই নাটক কে রুচিশীল বলে সব ফাউল নাটক,0,0,0,0,0,0
মসজিতে গিয়া ডগি স্টাইলে শুয়ে ১টার পিচে আরকটা পুটকিতে আঙ্গুল দিয়া সুখ লাভ করস তরা হিজরার মত।বোকাচুদার মত লুইচ্ছা নবিরে অনুসরন করস।কুরান পরে ধন কারা করস।,1,0,1,0,0,1
"ওরে বাপরে! জান নিয়া পালাই, এমনিতেই ৫০% ভোটের অধিকার কেড়ে নিয়েছে আওয়ামীলীগ",0,1,0,0,0,0
যদি ১ টার বেশি লাইক দেয়া যেতো আমি একাই ১০০কোটি লাইক দিতাম,0,0,0,0,0,0
শুধু বাংলাদেশে মালাউন বললেই সম্প্রদায়ীক উষ্কানি বলে ভিনদেশিরা হাউ হাউ করে মিডিয়া কাউ কাউ করে আর এখন কিছু বলবেনা,0,0,1,0,0,0
এক কথায় ও একটা অসভ্য নোংরা খারাপ মহিলা মুসলিম নামে কলঙ্ক,0,0,1,0,0,1
নোবেল শুনলেই মনে হয় সুদর্শন কেউ ... মডেল নোবেলের অবয়ব চোখে ভাসে,0,0,0,0,0,0
"বাবা-মা খুশি হয়ে পিচ্চির নাম রাখে ইমতিয়াজ... কারন; যে রক্ত দিয়েছে, তার নাম ছিলো ইমতিয়াজ",0,0,0,0,0,0
"আসিফ নাস্তিকের সাথে,যে দাঁতভাঙ্গা উত্তর দিতেছেন,তাকে অনেক ধন্যবাদ।",0,0,1,0,0,0
মালাউন কা বাচ্চা কাভি নেহি আচ্ছা ও ভি সাচ্ছা ও তো শুয়োর কা বাচ্চা,0,0,1,0,1,0
"গান শুনে এখন আর মাথা ঝাঁকাতে পারছিনা। অথচ এক সময় শুধু মাথা না, পুরা শরীরই আনন্দে লাফাত।",0,0,0,0,0,0
আমাদের নায়ক হলেন হিরো আলম ভাই প্রকৃত নায়ক হলেন সেই বাদবাকি সব গুলো জুতো চোর এই শালারা জুতা চুরি করে বড়লোক হয়েছেন নায়ক ভিলেন হয়েছেন শালার বাচ্চারা।,0,1,0,0,0,0
ওটা রানু মন্ডল না ওটা হচ্ছে গু গুসান দাস বাথরুম পায়খানা মন্ডল,0,0,0,0,1,1
ভাই সবকিছুর পরেও বললেন যে নামাজ পড়তে হবে কথাটা অনেক ভাল লাগছে,0,0,0,0,0,0
কিরে শালার বাচ্চা বাশের বারির বেথা কি কমে গেছে যে আবার আবলামু করতে আসছিস,1,0,0,0,0,1
খুনি জিয়ার তত্ত্বাবধানে সংগঠিত জেল হত্যাকান্ড খুনিদের পুরস্কার হিসেবে পাঠানো হয় বিভিন্ত দূতাবাসে চাকরিতে,0,1,0,0,0,0
অনেক ভালো একট নাটক উপহার দিলেন অমি ভাই সত্যি দেখে মন টা ভরে গেলো বিশেষ করে নামাযের উপদেশ টা েদওয়াতে,0,0,0,0,0,0
খানকির পোলা কয়কি আমাদের দেশের পুলিশ দেখলে সাধারন মানুষ বয়ে পালায়,1,0,0,0,0,1
অনেক অনেক সুন্দর একটা নাটক দেখলাম নাটকের নাম দেখে বুঝতে পারিনি যে নাটকটি এত সুন্দর হবে যখন লাইক কমেন্ট দেখলাম তখন বুঝতে পারলাম সুন্দর হবে,0,0,0,0,0,0
"ঝরের গতিতে যে আসে সে ঝরের গতিতেই যায় ,  আর এটা তো নিশ্চিত রানুর খেলা শেষ হবে তাড়াতাড়ি",0,1,0,0,0,0
তার অপরাধ শিরচ্ছেদ । সাজা উচিত একে ফাঁসি নয় বা শিরচ্ছেদ ॥,0,0,0,1,0,0
শরির ছুঁয়েই পরান জুড়াল মন ছোঁয়ার দরকার নাই এক বইতে সব থাকিলে লাইব্রেরীতে কেন ভাই ।,0,0,0,0,1,0
"আজ পর্যন্ত মানুষকে এটুকুই বুঝলাম... তাকে জানোয়ার বললে ক্ষেপে যায়, কিন্তু সিংহ বললে খুশি হয়”",0,0,0,0,0,0
একাত্তর টিভির কাছে গেলেই তো ফোন রেকর্ড পাওয়া যাবে । নাকি আজকাল তোমরাও এই কাজ শুরু করেছো ?,0,0,0,0,1,0
ঈদের দিন সকালে আমার দুই মেয়ে তাদের নিজেদের বাথরুমে লেক্সাসকে গোসল দিলো... এখন নিচে নিয়ে যাওয়া হবে একে কোরবানির জন্য,0,0,0,0,0,0
রেন্ডিয়ার কুওার বাচ্ছারাতো অবশ্যই জাকীর নায়েককে নিষিদ্ধ করবে কারণ তাদের মনে ভয় যদি ড জাকির নায়েক যব বিধর্মীকে মুসলিম বানিয়ে ফ্যালে তাহলে রেন্ডিয়ার কী হবে এই ভয়ে রেন্ডিয়ার কুওা সরকার ড জাকীর নায়েককে নিষিদ্ধ করছে৷,0,0,1,0,0,0
হিরো কে জংগল থেকে ধরে এনেছে মনে হয় জংলী জানুয়ার,0,1,0,0,0,1
যম যমী কি করেছিল?বোন একটু পড়াশোনা করুন তর্কে জিততে না আপনার পূর্বপুরুষ এর বেলায় এক নিয়ম এখন একরকম সেটা সম্ভব না আপনার মতো অসুস্থ দ্বিচারী মানুষ ই বলে,0,0,0,0,0,1
"স্যারের কাছে প্রাইভেট পড়া পোলাপান ফেল করার পর, তুই শালা জাতীয় বেইমান",0,1,0,0,1,0
"আর ইন্ডিয়ান টেলিভিশন তে যেসব বড়লোক  দেখায়, তারা দুই টাকার ফকির দুই লাখ পাইলে যেই অবস্থা হয় সেটা",0,0,0,0,1,1
তুমি ভুল করে কসাইয়ের কস্টিউম পড়ে ফেলেছো । চেঞ্জ করে এসো বাবা । লোকে না হয় কসাই বলবে,0,0,0,0,1,1
কোথায় ডাকসু আর কোথায় জাতীয় রাজনীতি !বড় বড় রথী মহারথীরা রথ চালাইতে পারলো না আর এর চেয়েও  কি নুর বড় কিছু  ?,0,0,0,0,1,1
এখন যদি ভারত বা ভারত সহ দেশ টা মুছে দিতাম প্রিথিবী থেকে,0,0,0,1,0,0
বৃন্দাবন দাস সত্যই এক অসাধারণ লেখকগ্রাম বাংলার সব চরিত্র তার অসাধারণ লেখনিতে তুলে ধরেছেআর বৃন্দাবন দাসের ছেলে দিব্য জ্যোতি ও সৌম্য জ্যোতির অভিনয় দারুনঅসাধারণ বৃন্দাবন দাদা,0,0,0,0,0,0
"মেকাপ করা একটি আর্ট, যা ছেলেরা পাওে না তাই হিংসায় জ¦লে পুড়ে মরে",0,1,0,0,0,0
সত্যি নাটকটা অসাধারণঅসাধারণ একটা ভালোবাসার গল্প ধন্যবাদ পরিচালক কে তার সাথে ধন্যবাদ নিশো ভাই ও মেহজাবিন আপুকে,0,0,0,0,0,0
প্রতিটা মানুষের ক্ষেত্রে জীবনে একবার হলেও তার প্রিয় মানুষটাকে হারানোর জরুরী অন্তত প্রিয়র গুরুত্ব টা বোঝার জন্য,0,0,0,0,0,0
"মাদারি তর ধরমের আগা আছা না মাথা আছে,করস মূরতি পুজা,বুজবি কি চারাল,তদের ব্রেন ত গোবর আর হারামে ভরা কি বুজবি বল।",0,0,1,0,0,0
এরকম সুন্দর সুন্দর সামাজিক নাটক আমরা আরো চাই আর তানজিন আপু তো এক্কেবারে ফাটাইয়া দিলো,0,0,0,0,0,0
রেন্ডিয়া একটা জাত খানকির দেশ যেখানে মাগী আর খানকির পোলাদের অভাব নাই ।,1,0,0,0,0,1
মনটা ভরে গেল এ রকম একটা নাটক দেখার পরে সবাইকে ধন্যবাদ পরিচালক এবং যারা অভিনয় করেছেন অসাধারণ হয়েছে নাটকটা,0,0,0,0,0,0
ছিনতাইকারি চোর ডাকাত ও শিবির ক্যাডারদের যুবদল বানিয়ে নামিয়ে দিছো এটাই তো পারবে,0,1,0,0,0,0
অসাধারণ নাটক মানুষ একা হইলে যে কত কস্ট পায় যারটা সেই বুঝে ধন্যবাদ বান্নাহ ভাই আপনি আর বাস্তবতা একই অর্থ,0,0,0,0,0,0
"একবার এক গাড়ির দোকানে যেয়ে গম্ভীর মুখে বললাম, এই গাড়িটা পছন্দ হয়েছে... কিন্তু আমার গাড়ির নম্বরটা হতে হবে",0,0,0,0,0,0
"বলছিলাম হজ্জ্বে যারা যায় তারা সবাই বেকার, প্রধানমন্ত্রী চাকরি খাইছে, এখন আমি নিজেই বেকার",0,0,1,0,0,0
ও যে কখন পুরো লেংটা হয়ে পোজ দেয় তাই দেখার বাকি। হায় রে অসামাজিকতার একটা শেষ আছে।,1,0,0,0,0,1
কয়েকটি খারাপ ভাষা ব্যবহার না করলে কিন্তু নাটক টা আরো সুন্দর হতোএমনিতে অনেক সুন্দর লাগছেবস বলে কথা,0,0,0,0,0,0
জাস্টফ্রেন্ড বা বেষ্টফ্রেন্ড নাম হলে আরও সুন্দর হতশেষে নিশুর সাথে বিয়ে হলে আরও সুন্দর হত,0,0,0,0,0,0
যাদের এ বাতাস সহ্য না তারা যদি প্রতিবাদ করে তাহলে তাদের উগ্রবাদী বলবে...,0,0,0,0,0,0
এই ঘটনার অন্তরালে জামায়াত শিবিরের ভূমিকা রয়েছে। কেউ রাগ করবেন না একটু ফান করলাম।,0,0,0,0,1,0
জাকির খাঙ্কির পোলা জঙ্গির বাচ্চাটাকে পিটিয়ে ভারতে এনে লেংট করে পিটিয়ে মেরা ফেলা হউক।,1,0,0,1,0,0
অসুবিধা নাই। নিজেরা দুর্নিতি করে সহযোগিদের ফাসিয়ে দিলেই দুর্নিতি দমনের অভিজ্ঞতা হবে।,0,0,0,0,1,0
সেটা তো জবার বাই হাত কা খেল । পরিচালক একবার বলুক ।,0,0,0,0,1,0
খুব ভালো লাগলো অপুর্ব নাটক আসলেই অপুর্ব তার প্রতি টা নাটক আমার খুব ভালো লাগেআর মেয়েটার অভিনয় খুব ভালো কিনতু হিজাবের একটু প্রোবলেম ছিল আমার নিজস্ব মতামত আর কি,0,0,0,0,0,0
আপু অনেক নিতে পারে। উফ কিভাবে এত ছেলের সাথে পারে?,1,0,0,0,0,1
শাহনাজ খুশি আপার মতো গুণী শিল্পী খুব কম ই আছে,0,0,0,0,0,0
তোর ভাষায় বুজাযায় তুই কেমন ঘরের মেয়ে। তোরে পাইলে কুত্তা দিয়া পাল দেওয়াইতাম বেশ্যা,1,0,0,0,0,1
মিজানুর রহমান আরিয়ান ভাই মানে ঐ বেস্ট গল্প অপেক্ষার পালা শেষ হলো অধির আগ্রহ নিয়ে ছিলাম নাটক টার জন্য,0,0,0,0,0,0
এদেশে কেউ নিরাপদ নয় তবে নিরাপত্তা দিতো এদেশের পুলিশ মিডিয়া মন্ত্রীরা যদি শ্রদ্বাবাজন শিক্ষক বা মানুষ গড়ার কারিগর না হয়ে ভারতের একটা ছাগল হতো তাহলে নিরাপত্তা নিশ্চিত করা যেত।,0,1,0,0,0,0
হালার ঘরের হালা জানোয়ার তোর মত সবাই জারজ না আমরা নিজের জীবনের বিনময়ে হলেও আমরা আমাদের ধর্মের মান রহ্মা করব,1,0,1,0,0,1
পালতু মেয়েটার নাটক দেখা বন্ধ।।সামনে পাইলে মামা সস্তা জুতা মারব।।দোস্ত তুই আমার পিছনে থাকিস।।,0,0,0,1,0,1
"আফটার অল একটা অঞ্চলের স্বাধীনতার ঘোষক তিনি, একটু তো ভাব থাকবেই",0,0,0,0,0,0
ধন্যবাদ আরিয়ান ভাই এতো ভালো একটা নাটক আমাদের উপহার দেওয়ার জন্যসালাম নিশু বস,0,0,0,0,0,0
অনেক সুন্দর ছিল নাটকটা সালের সেরা নাটক নিশো ভাইয়ের এটা,0,0,0,0,0,0
"গুলি ছোঁড়ার সময় নার্ভটা যেন স্থির থাকে, এর জন্য কয়েক মাস জার্মানীতে ইলেকট্রিক ম্যাগনেটিং প্রযুক্তির সাহায্য নিয়েছে ভারতীয় শুটার অভিনব বিন্দ্রা",0,0,0,0,0,0
দ্বিতীয় ইনিংসে আর মাত্র রান করলেই ভারতের বিরুদ্ধে জিতে যাবে ইংল্যান্ড হাতে আছে চার চারটি উইকেট,0,0,0,0,1,0
সবচেয়ে বেষ্ট পার্ট ছিল ডাক্তারের কাছে হাত ধরে টেনে নিয়ে যাওয়া ভালোবাসার প্রমাণ দেয়ার জন্য যথেষ্ট অসাধারণ নাটক এরই নাম ভালোবাসা নাই কোন মাখামাখি নাই মেকআপের বাহুল্যতা,0,0,0,0,0,0
শালা চাঙ্গি তোর কাঁটা ধোন মুখে দিয়ে ফটো তুল... এত দিনে ঠিক হইছে ধোন কেটে হিজ্রা হইছিস,1,0,0,0,0,1
দারুন একটা ম্যাচ চিলো এটা অসাধারন খেলেচে বাংলার মেয়েরা আশা করি সব সময় জয়ের ধারা দরে রাগবে বাগিনীরা ।,0,0,0,0,1,0
নাটকের তো এন্ডিং ই হল না আশা করি ২য় পার্টে ভাল করে এন্ডিং দিবেন,0,0,0,0,0,0
"অপু তোমাকে আমি বিয়ে করব কি বলেন, তারপর একসাথে ঘুমাবো",0,0,0,0,1,0
"সাকিব-আল-হাসান কে দিয়ে মন্দির উদ্বোধনের খুশিতে, ইন্ডিয়াতে ক্রিকেটার ধোনি কে দিয়ে গরু জবাই করে রাষ্ট্রীয়ভাবে কাঙ্গালী ভোজের আয়োজন করা হোক।",0,0,1,0,0,0
হা হা হা অনেক ভাল লাগছেলাইফ এ অনেক কিছু হয়ে যায় আমার ও এই রকম অবস্তা হইছিল কিন্তু আল্লাহ মাফ করছে এখন আমরা অনেক হেপি আমাদের একটা সুন্দর বেবি আছে দুআ করবেন কেউ যেন এই পরিস্থিতি তে না পরে,0,0,0,0,0,0
ভারত আমাদের দেশটা ডংশ করে দিচ্ছে হাসিনা খমতার লোভে কিছু দেখে না ভারত আমাদের গার্মেন্টস শিলপ ডংশ করছে,0,1,0,0,0,0
রানু মন্ডল মতই লোকের জন্য বাঙালি জাতি বদনাম হচ্ছে এইজন্য কেউ কাউকে উপকার করতে চায়না,0,0,0,0,0,1
তোরে কাঁঠাল দিয়ে চুদানো দরকার । একদম খাজা কাঁঠাল এর চোদন ! একদম দুই ঠ্যাং দুই দিকে ফাক করে ফচাত ! করে কাঁঠাল তোর হুগার মধ্যে ভইরা দিয়া দরকার ।,0,0,0,0,1,0
"আগে শিউর হওয়া দরকার এটা ও বেলছে কি না,,,যদি বলে থাকে তবে,,তওবা না করা পর্যন্ত ওকে সর্বদিক দিয়ে বয়কট করা উচিত।।",0,0,1,1,0,0
"ভন্দু কেউ তোমায় দোহা মারবেনা...

অপেক্ষা করো সবাই তোমার গুহা মারবে...",1,0,0,0,0,1
নান্নুর বউ টাকে ভালো করে চিনি একজন চরিত্রহীনা মেয়ে চালচলনে লুচ্চামি,0,0,0,0,1,0
এখানে শাকিবের দোষ ও ইচ্ছে করলে মেয়েটি কে ভালো মানুষ করতে পারতো,0,1,0,0,0,0
যুদ্ধ চাই না কিন্তু ভারতকে সমর্থন করি এই দুইটি ব্যাকই আপনার কোনটা সত্য?,0,1,0,0,0,0
"এক পর্যায়ে মেয়েদের বললাম, “এখন জামাইয়ের জুতা চুরি হবে... এলার্ট থাকো... দেখে মজা পাবা”",0,0,0,0,0,0
কি প্রচন্ড শক্তিশালী গল্প অসাধারন উপস্থাপনা মিজানুর রহমান আরিয়ান বাংলা নাটককে অনেক উপরে নিয়ে গেছে আরো ভালো কিছু চাই আপনার কাছে অপেক্ষায় থাকবো,0,0,0,0,0,0
বা আপনার কুতায়ে-মুতায়ে লেখতে পারা ১০টা নাম দিয়েই হবে?,0,0,0,0,0,0
এই পিচে বাংলাদেশ খেললে যদি রান কোরতে না পারে তবে ভারত রান করার খমতা রাখেনা।কারন আমরাই বিশশের সেরা টা পোয়েছি।আমাদের যা আছে ভারত আগামী বছরে আমাদের পাশে ও আসতে পারবে না কিরিকেটে। ওরা পারে চুরি কোরতে,0,1,0,0,0,0
মায়ানমার এ শতে শতে মুসলিম হত্যায় ওনার দুখ্যো হয়না হবে কি করে ওরা যে মুসলিম ট্রন দূরঘটনায় মারা গেছে ওরা মালাউন হাছিনার বংশ দর। ওনার তো রাতে গুম হওয়ার কথানা।,0,0,1,0,0,0
মাসুদ নামে কেউ নাই... গত সপ্তাহে একটা চোর ছিলো মাসুদ নামে বাট পরে তো এরে কোর্টে চালান করে দেয়া হয়েছে গতসপ্তাহেই,0,0,0,0,0,0
কিন্তু ভারত চায়না থেকে কমপক্ষে বছর পিছিয়ে আছে সমস্ত ক্ষেত্রে।,0,1,0,0,0,0
মুসলিমদের মাথা আর গরুর মাথার মধ্যে খুব একটা পার্থক্য নেই,0,0,1,0,0,1
নাটকটার এড দেখে আইডিয়া হয়েছিলো কি নিয়ে নাটকটাযতটুকু ভালো লাগবে ভেবেছিলাম তার চেয়েও বেশি ভালো লেগেছেঅসাধারণ একটা নাটকনিশো ভাই আর মেহু আপুর এক্টিং বরাবরের মতই সেই ছিল,0,0,0,0,0,0
এত সুন্দর সুন্দর গল্পের খোঁজ পান কোথায় বলুন তো খুব খুব ভাল লাগলআগামীতে আরও এগিয়ে যান,0,0,0,0,0,0
পিলখানা হত্যাকাণ্ডের মাধ্যমে দেশপ্রেমিক গর্বিত বাহিনী ধংস করে দেয়া হয়েছে,0,1,0,0,0,0
আমার দেখা অনেকগুলো নাটকের মধ্যে ব্যাচ একটি এখ ন অপূর্বর নাটক দেখলেই মনে পড়ে এই নাটকটির কথা,0,0,0,0,0,0
এটা মনেহয় কোন হিন্দু মালাউনদে কাজ হবে। দেখা যাক দুই এক দিনের মদ্ধ্যেই জানা যাবে এতো বড় ধর্মের কাজ কোন মালাউনকরেছে। তবে একটা কথা যে এই কাজ করেছে সে কিন্তু একটা মালাউনের জাত,0,0,1,0,0,0
তারাই ভারতকে সাপোট করেছে বাংলাদেশের কাছে বেশী । এই কুত্তার বাচ্চা হিন্দুদের দেশ ভারতের দখল করে নেওয়া দরকার,0,0,0,1,0,0
বাংলা যে নাটক দেখি সব নাটক এ তানজিন তিশা কে আর ভালো লাগেনা,0,0,0,0,0,0
এরকম ছোটছোট হাজারো ইস্যু আছে... আপনি চ্যালেঞ্জ এক্সেপ্ট করতে পারেন; হয়তো আজ থেকে স্মোক করবো না... রেড মিট কম খাবো... রেগুলার হাটব... রেগুলার ৭ ঘণ্টা ঘুমাবো... সাইকেল চালাব...,0,0,0,0,0,0
এদের যদি কিছু মেডিক্যাল নলেজ দিয়ে গ্রুমিং করা যায় এবং এই হেড মাসাজটাকে ইন্টারন্যাশনাল লেভেলে প্রমোট করা যায়... আমি শিওর প্রতি বিদেশী এই দেশে এসে একবার হলেও হেড মাসাজ নিয়ে যাবে,0,0,0,0,0,0
তোমাদের জাকিছু আছে তাই নিয়েই তোমরা প্রুস্তুত থাক ! মনেরখ সেমিফাইনালে জখন উঠেছি তখন বিনা লরায়ে ভারতকে ফাইনালে জেতে দিবনা ইনসেআল্লাহ ! এবারের সংগ্রাম আমাদের ফাইনালে ওঠার সংগ্রাম এবারের সংগ্রাম আমাদের চাম্পিয়ান ট্রফি নেওয়ার সংগ্রাম !,0,0,0,0,1,0
আজকের ফাইনালের জন্য সম্ভাব্য বাংলাদেশ নাগ একাদশ শীষনাগ তামিম ষ্যাররনাগ লিটন লম্বুনাগ সৌম্য লিটলনাগ মুশফিক নাগরাজ সাকিব সহ নাগরাজ মাহামুদুল্লাহ মিউনাগ সাব্বির বাবুনাগ মেহেদী কাটারনাগ মুস্তাফিজ হ্যাপিনাগ রুবেল কালানাগ নাজমুল হাসান,0,0,0,0,1,0
নিশো আর তিশার বিয়েটা হলো না দেখে খুব খারাপ লাগলো বিয়েটা হলেই ভালো লাগতো নামাযের যে বার্তা দেওয়া হয়েছে তা খুবই সুন্দর নাটকগুলোর মাধ্যমে এমন সুন্দর বার্তা দেওয়া উচিত ধন্যবাদ গল্পকারকে এজন্য,0,0,0,0,0,0
এইরকম পচে যাওয়া মানুসদের কথা অনলাইন এ না আসাটাই উচিত।ওকে যে ঘাড় ধরে ভারত দল থেকে বের করল।আর এই পাগল এ কয় কি,0,1,0,0,0,0
তুই কয়টা ভোট পাবি রে বিএনপি এর সাথে না থাকলে । তর মত বোয়াদব নাই পাথ ।,0,1,0,0,0,0
অনেক ভালো লাগলো নাটকটিঅনেক সুন্দর একটি গল্পএবং গল্পে নামাজের প্রতি একটা ভালোবাসাতা সুন্দর ভাবে ফুটিয়ে তুলার জন্য অসংখ্য ধন্যবাদ অমি ভাই সেই সাথে পুরো টিমকে ও ধন্যবাদ,0,0,0,0,0,0
এই হামলার পিছনে ভারতের হাত থাকতে পারে কারন কিছু পেতে হলে কিছু খোয়াতে হয় জেমন সেনাবাহিনী হত্যা করে তারা অনেক কিছু পেয়েছে,0,1,0,0,0,0
মম র সাথে ছাড়া সবগুলোই দেখিছি।মমর সাথে দেখতে ভালো লাগে না।বাকীগুলে দারূন।,0,0,0,0,0,0
অন্য কারো তবে শাহরিয়ার কবিরের নয় সেটা আমি ১০০% কনফার্ম।,0,0,0,0,0,0
"শুতে যাব, এমন সময়; ‘তুমি না বললে মশা চেক করেছ... তাহলে মশারী ভিতরে এটা কি?’",0,0,0,0,0,0
পৃথিবীর সবচেয়ে দ্রুতগামী হল মানুষের মনকার মনে কে আছেকী আছে না বললে পৃথিবীর কোনো শক্তিই নেই তা জানবার নাটকটি দেখে খুব ভালো লাগল ধন্যবাদ পরিচালক ও এন টিভি কে,0,0,0,0,0,0
যারা বিচারক তারাই ছাগল তা যারা প্রতিযোগিতা তাদের কি অবস্থা হবে,0,0,0,0,0,1
"ভাবতে বসে আজই প্রথম লক্ষ্য করলাম প্রাণ থাকুক আর নাই থাকুক, দুই আত্মার জন্যই এই ‘৪০ দিন’ ব্যাপারটা গুরুত্বপূর্ণ",0,0,0,0,0,0
"নাটক এর জগতে সবচেয়ে ভালো লাগতো সাফা কবির কে, আর ঐ সাফা কবির নাকি নাস্তিক, অর মুখে এখন জুতা মারি,,, কুত্তি সাফা কবির,,,,, যে যেখানে দেখবেন অর মুখে জুতা নিক্ষেপ করবেন ,,,",0,0,1,1,0,1
সাড়াশি অভিযানে পুলিশের জঙ্গি ও সন্ত্রাসীর তালিকায় এই সোনার ছেলেরা আছে কি?,0,0,0,0,0,0
সুসমা ভারতে বসে বাংলাদেশের হিন্দুদের জন্য কান্নাকাটি করে। আর ভারতের মুসলিমদের জন্য আমাদের মন্ত্রীরা কি প্রতিবাদ করার সাহস রাখে? প্রতিবাদ করলেই গদি যাবে,0,1,0,0,0,0
গত মঙ্গলবার ইংরেজি দৈনিক নিউ এইজের এক প্রতিবেদন এমন তথ্য জানানো হয়েছে। গত সোমবার পর্যটন মন্ত্রী রাশেদ খান মেননের সাথে এক বৈঠকে ভারতের এমন আবদার তুলে ধরেন দেশটির ঢাকাস্থ হাইকমিশনার হর্ষবর্ধন শ্রীংলা।,0,0,0,0,0,0
একটা কথাই বলব শামীম ভাই কে দেখলেই হাসি চাপে শামীম ভাই কি বলবো কোনো কথা হবে না বাথরুমে টাওয়ার ভালো থাকে ওটা কিন্তু কি বলবো বাংলাদেশী দের ভাষাই জোশ ভাইয়া,0,0,0,0,0,0
সুশীল সমাজ এটা তাই কুত্তা নিয়ে ঘুমায় । আঙ্গুল ফুলে কলা গাছ হলে কুত্তাও বিছানায় জায়গা পায় ।,0,0,0,0,1,1
"একটা ওয়ার্ড গুছানোর মতো ভালো মানুষ সরকারে নেই, এটা বিশ্বাস করি না",0,0,0,0,0,0
ও জানত না ও কি ও আমার চেট মাগি একটা,1,0,0,0,0,0
আজকের রাতের জন্য সাব্বিরকে একজন সুন্দরী মডেলের সাথে সময় কাটানো সু ব্যবস্থা করা হোক ।,0,0,0,0,1,0
খানকি চুদি দেশে যদি আবার একটা এর মতো যুদ্ধ লাগে তাহলে ভালো হবে পাকিস্তান আবার লুটেপুটে খাবে মোদী আর ট্রাম্প চেয়ে দেখবে আর চিন ওদের দেশেই মুসলমান মারা হয়,1,0,0,0,0,1
"ট্রাস্ট মি, এ বছর ইলিশ বাজারে নেই... থাকলেও কেউ কিনছে না",0,0,0,0,0,0
আখম হাসান ভাইয়ের নাটক গুলো সত্যিই খুবই ভালো লাগে ভালো লাগে তার প্রত্যেক নাটকের অভিনয় আমার পছন্দের একটি অভিনেতা আ খ ম হাসান ভাইয়াধন্যবাদ ভাইয়া এত সুন্দর করে নাটক ফুটিয়ে তোলার জন্য,0,0,0,0,0,0
তুই তো খানকি মাগি টাকার মুখ দেখেছিস তাই জন্য এতো গরম,1,0,0,0,0,1
কাশ্মীর সীমান্তে স্বাধীনতাকামীদের সাথে দখলদার ভারতীয় বাহিনীর সংঘর্ষ। তিন দখলদার ভারতীয় সন্ত্রাসী কে গুলি করে হত্যা। আপনাদের লেখা আরো সংযত হওয়া জরুরী। স্বাধীনতাকামীদের সন্ত্রাসী বলেন কি করে?,0,1,0,0,0,0
এই নাটক অপূর্ব ভাই এতো ছেঁকা খায় কেন নাটকটা তো সুন্দর হতে পারতো আরিয়ান ভাই দেখবেন প্লিজ,0,0,0,0,0,0
আ খ ম হাসান কে এই নাটকে ভালো লাগেনি কারণ তার শরীরের সাথে এতো খাবার মানায় না কিন্তু তার অভিনয় অসাধারন,0,0,0,0,0,0
ভারত বাংলাদেশের মাটিতে কি কখনও খেলছে?ওদের কথা শুনে মনে হয়,0,1,0,0,0,0
মানুষ মাত্রই ভুলতাই বলে এমন করতে হবে ভাই আজ যদি সাফা ফাঁসি দিয়া মইরা যায় তোমরা সবাই দায়ি থাকবা,0,0,0,1,0,0
আমিও খুব বেশি ভালোবেসেছিল তবে সে হাতের রেখায় ছিলো না আমার 💔,0,0,0,0,0,0
মোহাইমিনুল দোস্ত নাটকটা তুই আস্তির লিখছোস ভাল লাগলো দেখেঅল দ্যাে বেস্টদোস্ত,0,0,0,0,0,0
জী ভাই সুন্দর কথা বলেছেন।তাদের জন্য আমাদের দেশের এই সমস্যা।তারা কোরআন সম্পর্কে কিছু জানেনা অথচ চিল্লাই।,0,0,1,0,0,0
ক্যামেরার সামনে কাপড় খুলতে পারে কিন্তু সাংবাদিকদের কাছে মুখ খুলতে পারে না । আসলেই সব ই নাটক ।,0,0,0,0,1,0
যদিও সবার ক্ষতি হবে তারপরও দক্ষিণ এশিয়ায় একটি যুদ্ধ হওয়া খুবই দরকার আর সেটা ভারত পাকিস্তানে মধ্যে এই যুদ্ধের মধ্যদিয়ে ভারত নামক স্টুপিড রাস্টটা ভেঙ্গে টা রাস্ট হবে কাশ্মীর হবে স্বাধীন মুসলিম রাস্ট।।।,0,1,0,0,0,0
ভাই খোদার কসম ইরফান ভাইকে জড়িয়ে দরতে ইচ্ছে করতেছে অনেক অনেক সুন্দর একটা নাটক হয়েছে,0,0,0,0,0,0
"বাল পেটের দায় করে যারা বলছিস , ওদের তো দেখতে হাতির মতো কাজ করে খেতে পারে না শর্টকাট কাজ পেলো",0,1,0,0,0,0
বলদ নয়াদিগন্ত কালকে রিপোর্ট করলো হিলারী শপথ নেওয়ার প্রস্তুতি নিচ্ছেন ট্রাম্প শিবিরে হতাশা।,0,0,0,0,0,1
আরিয়ান ভাইয়া আপনাকে অনেক অনেক ধন্যবাদ এইরকম একটা নাটক উপহার দেয়ার জন্য,0,0,0,0,0,0
কু-প্রস্তাবে রাজি না হওয়ায় হিন্দু বিধবাকে বেধড়ক পেটালো আওয়ামীলীগ নেতার ছেলে,0,1,0,0,0,0
ভারতের বিরুদ্ধে হলে এটা দালাল আর ভারতের পক্ষে হলে গুড সংবাদ।,0,1,0,0,0,0
ভারতে জখন মুসলিম ভাই বোন দের উপর নির্যাতন করে তখন তো আমাদের সরকার কোনো কিছু বলেনা তাহলে আপনারা এতো কথা বলেনা কেনো,0,0,0,0,0,1
বুলেট প্রুফ কিনা এটা দেখতে অনেক বাঙালি ইট পাথর মারবে না এটা বিশ্বাস করা জায় না কারন আমাদের তো ঘরের বউয়ের সাথে জিদ করে সুকেশ ভাংগার অভ্যাস রয়েছে ।,0,0,0,0,1,0
ভাই এই নাটকটির শেষ করতে পারলে ভালো লাগতো যাই হোক এই নাটকটির পার্ট ২ অতি সিঘ্রই দেখতে চাই অন্য নায়িকা দিয়ে মিল দেখাবেন প্লিজ,0,0,0,0,0,0
বাস্তব জীবনের সাথে অনেকটাই মিল আছে খুব সুন্দর লাগলো নাটকটা দেখে চোখে পানি চলে এসেছে,0,0,0,0,0,0
মহিন বাপ্পি সিগারেটের আগুন দিয়ে নিচতলা জ্বালিয়ে পুড়িয়ে ছারখার করে দিবো । লজ্জা সরম কি বুড়িগঙ্গা নদীর পানিতে ঢেলে দিছস ?,0,0,0,0,1,1
যারা জামায়াত ইসলামির নতুন আমীর জনাব মকবুল আহমেদ কে রাজাকারের কমান্ডার বলে অপ্রপ্রচার করছেন কু রুচিপূর্ন ভাষা ব্যবহার করছেন,0,1,0,0,0,0
চুল বড় করে কোমর নাড়িয়ে হেঁটে এসে মেডেল নিয়ে গেলো :P,0,0,0,0,0,0
আপনার মতো সিটিংকে জায়গা দিয়ে ওনি এক ভুল করছেন আপনার কথায়কি আরো একটা ভুল করবে কি মোসলমানকে জায়গা দিয়া জায়গা ঠিকেই দিতো জদি ওনারা হিন্দু বা ভারতের লোক হোইতো,0,1,0,0,0,0
…“বাপ টিভির এই ছোট লাল লাইট জ্বললে সমস্যা কি? এটা তো আর হ্যাজাক লাইট না যে তোমার ঘুমাতে সমস্যা হবে”,0,0,0,0,0,0
‘কট ওয়ান... গেট আনাদার ফ্রি’ সিস্টেমে তাদের ভাই বোন বন্ধু বান্ধব সবাইকেই ধরতে হবে,0,0,0,0,0,0
এইটাই তো ইসলাম ধর্মের নিয়ম তাই না অন্য ধর্মকে নিন্দা করা এইটা বুঝি ইসলাম ধর্মের কোরানে লিখা আছে অন্যদের ধর্মকে নিয়ে সমালোচনা করা যতসব পাগলের কারখানা,0,0,1,0,0,0
এই রকম ছেলেকে জুতা পিটা করা দরকার জারা বোউ কে বাসায় রেখে অন্য মেয়ের সাথে প্রেম করাআর এমন মেয়েকে জুতা পিটা করা দরকার যে মেয়ে জানে ওনার ঘরে বউ আছে তার পরে ও তার সাথে প্রেম করে,0,0,0,0,0,0
"থিওরেটিক্যালি যেহেতু আমি ড্রাইভ করছি এই মুহূর্তে, আমিই তো ড্রাইভারই... তর্কের কিছু নাই",0,0,0,0,0,0
হিমেস জী আর খেয়ে দেয়ে কাজ নেই মুম্বই তে আর গায়ক গায়িকা ছিল না যে পাগলি কে দিয়ে গান গাইতে দিল,0,0,0,0,0,1
গাড়ি থেকে নেমে এসে দুই ছেলে পারলে ২ জনকে খেয়ে ফেলে,0,0,0,0,0,0
চমৎকার একটি নাটক নিশো বস এন্ড তানজিন তিশা বেষ্ট জুটি আমার খুব ভালো লাগছে উনাদের অভিনয় আর কাহিনী টা অসাধারণ ছিলো,0,0,0,0,0,0
"সুমির কাছ থেকে উদ্ধার করা ভিজিটিং কার্ডে সে নিজেকে লালখান বাজার পুলিশ ও ডিবি সোর্স হিসেবে উল্লেখ করেছে।  তার বাবা মরহুম আমির হোসেন সওদাগর এবং মা আছমা বেগমের নামও ভিজিটিং কার্ডে লেখা আছে।,,",0,0,0,0,0,0
প্রথম আলো এটা লিখতেও ভয় পায় যে তার সাংবাদিককে আটকে রেখে মারধর করা হয়েছে ।,0,0,0,0,1,0
র্দীঘদনি স্কুল-কলজে বন্ধ থাকায় হাত খরচ না পাওয়া স্টুডন্টেদরে র্বতমান অবস্থা :,0,0,0,0,1,0
কোন আবালে এই ব্যাখ্যা চুদাইছে? এমন কিছু হলে গোটা ভারতবর্ষেও থাকবে না । থাকলে সব জায়গায় থাকবে।,1,0,0,0,0,1
ভালো লেগেছে অনেক সুন্দর একটি নাটক দেখলাম অভিনয়তটা অসাধারন ছিল,0,0,0,0,0,0
নামাজঃ বিউটিফুল থিং ইটস এ লাইফস্টাইল ভাল লেগেছে অমি ভাই,0,0,0,0,0,0
সবাই ভালো ছিলো কিন্তু বেষ্ট ফ্রেন্ড আর এতো ভালোবাসায় ভরপুর একটা সম্পর্কে বিয়ে না করা টা কেমন লাগে,0,0,0,0,0,0
"শো রুমের মালিক বললেন, ‘বস নম্বর তো পরে, আগে গাড়ি পছন্দ করেন’",0,0,0,0,0,0
"গালি দেওয়ার জন্য তাড়াহুড়া করতে গিয়ে শত শত লোক আহত হচ্ছেন।
তারপর ও কষ্ট করে আমি কিছু বলে যাই কুত্তার বাচ্চা তুই মানুষ না তুই হ্লালার পো আওয়ামীলীগ।",0,0,0,0,1,0
এখনো অজানা অপরাধে প্রিয়া সাহার বিরুদ্ধে ব্যাবস্থা নিচ্ছে নি সরকার এজন্য জনগণের উচিৎ আগে কোনো পাবলিক প্লেসে দেখামাত্র প্রিয়াসাহাকে জুতাপেটা করতে থাকা নতুবা আমাদের কর্মসূচি অনির্দিষ্টকালের...,0,0,0,1,0,0
ভারতের জায়গায় বাংলাদেশ থাকলে তিন সেশনেই খেলা শেষ হইতো বানীতে দাদার দাদা গাঙুলি,0,0,0,0,1,0
নিশো এত ভালো অভিনয় করে যা বলার বাহিরে মাইন্ড ব্লোইং,0,0,0,0,0,0
অনেক সুন্দর একটা কাজ উপহার দেওয়ার জন্য ধন্যবাদ আশাকরি এরকুম আরো উপহার পাবো,0,0,0,0,0,0
ভারতকে ভয় না দেখিয়ে মায়ানমারকে দেখানোর প্রয়োজন তাহলে হয়তো কিছু মুসলিম প্রানে বাঁচবে।,0,0,0,1,0,0
"ছোটবেলা থেকে যে আঙ্কেলটাকে কিপটা জানতাম, সেও আজ গাড়ি না বের করে সিএনজি করে এসে ১৫ হাজার টাকা দিয়ে গেছে",0,0,0,0,0,0
মিজান বাই এই সব নাটক আমাদেরকে উপহার দিবেন তাহলে আমরা ভাল মত উপবুক করতে পারব বেষ্ট ওব লাক মিজান বাই,0,0,0,0,0,0
মিথিলার সাথে কেন মিল হলো না ব্যাচ ২৭এর আর একটা পার্ট বের করা হোক যেটা তে অপূর্ব মিথিলাকে আবার ফিরে পাক,0,0,0,0,0,0
নাটক দেখা শুরু করলাম আশা করি বরাবরের মতো এইটা ও অনেক সুন্দর হবে,0,0,0,0,0,0
ভারতীয় মাদার চুদ গোরে খালি পুটকি মারার দরকার এদেরকে আবার কিসের সাহায্য করছে সরকার ? সরকার কিছু খাইছে নাকি?মালাউনরা দুনিয়ার সবচেয়ে নিকূষ্ট জাতি,1,0,0,0,0,1
এই তুই কি এই দেশের পড়ালেখা শেষ করেছিস এত শুদ্ধভাবে কথা বলিস কিভাবে মূর্খ মন্ডল তোর চেয়ে কুকুর দেখতে ভালো লাগে তোকে না ফকিন্নি,0,1,0,0,0,0
এরকম করে কারণ সে সামনে গর্ত দেখতে পাচ্ছে... তাই সে গর্তগুলোকে এভয়েড করে চলছে,0,0,0,0,0,0
আজ খেকে তোমারে আর খাইলাম না....পাবলিক তোরে বয়কট সুদাচ্ছে .,1,0,0,0,0,0
নাটক টি দেখে জিবনের চলার সঠিক পথটি আজ দেখতে পেলাম ৷ জানিনা কি বলে জে ধন্যোবাদ দিবো ভাষা খুজে পাইতেছি না ৷ এমন জিবন বদলে দেওয়া নাটক আরো বেশি বেশি বানাবেন ধন্যোবাদ অনেক অনেক ভালো লেগেছে,0,0,0,0,0,0
"ওকে প্রশ্ন করা উচিৎ চিলো,এই অডিসনে এই পজিসনে পোচাতে কয় টা খাটে রাত কাটাতে হয়েছে।",1,0,0,0,0,0
আমার মনে হয় সবচেয়ে কম বাজেটের মধ্যে সেরা একটা নাটক পরিচালক মাত্র দুজন মানুষকে নিয়ে এক ঘন্টার একটি নাটক শেষ করে দিল এবং একটি বাসার মধ্যেই,0,0,0,0,0,0
আরিফের বোদায় মাথা দিয়ে মাচিকের রক্ত দিয়ে বোন টার ওড়না লাল করে মরিচের মত খুলে গেছে,1,0,0,0,0,0
অনেক সুন্দরছবির চেয়ে সুন্দরবিদেশের মাটিতেএই রকম নাঠকদেখলে মন ভালো হয়ে জায়,0,0,0,0,0,0
মন ছুঁয়ে যাওয়ার মত নাটকতবে নাটকের নাম বাংলায় দিলে ভালো হতো,0,0,0,0,0,0
আরফান নিশুর অভিনয় গুলো খুব ভালো লাগে আমার প্রত্যেকটি নাটক আমি দেখি এই চ্যানেলটি সব নাটক চ্যানেল থেকে এক নাম্বার হবে ইনশাআল্লাহ,0,0,0,0,0,0
অসাধারণ জব মনে হচ্ছিল বলিউডের কোন রোমান্টিক ফিল্ম দেখছি জাস্ট মাইন্ডব্লোয়িং,0,0,0,0,0,0
বাদল মিয়া দৌড়ে লাফ দিয়ে তাদের রেললাইনের উপর থেকে ধাক্কা দিয়ে সরালেন,0,0,0,0,0,0
মোদিজী আপনি ভারতে ঢুকে থাকা কোটি বাংলাদেশী অনুপ্রবেশকারীকেও ফেরত পাঠান আসাম বাংলা দিল্লী মুম্বাই সব জায়গা থেকে বাংলাদেশী অনুপ্রবেশকারীদের ভাগান,0,1,0,0,0,0
আবার নাজানি কি করতে আইতাছে। ভাল ত হইব না খারাপ ভড় দরনের কেছু আল্লাহ ভারতের হাত থেকে বাংলাদেশকে বাচাও,0,1,0,0,0,0
লাল ডেস পরা মেয়েটা আপনার নুনুতে হাত দিতে চাইতেছে মনে হয়।,1,0,0,0,0,1
"ঘমটার নীচে ক্ষ্যামটা নাচ,  এই নোংরা মহিলা কে সেলিব্রিটি মানায় না",0,1,0,0,0,0
খানকি মাগি তোর পতন হলো বলে আর এই খানকির সঙ্গ কারো দেওয়া উচিৎ না,1,0,0,0,0,1
"যেটা কোরআন ১৪০০ বছর আগে বলে গেছে, সেটারই আজকের সাইন্টিফিক ব্যাখার নাম অটোফেজি",0,0,0,0,0,0
শামীম ভাইয়ের শেষের কথাগুলো অসাধারণ লেগেছে হৃদয় ছুঁয়ে যাওয়ার মত,0,0,0,0,0,0
তোমার যে কোন জায়গায় উকুন আছে তুমি নিজেও জানো না বালের মা,0,0,0,0,0,1
আমার জিবনে দেখা একটা সেরা নাটক ধন্যবাদ এতো সুন্দর নাটক উপহার দেওয়ার জন্য নিশো ভাইয়ার অভিনয় অনেক অনেক সুন্দর হয়েছে,0,0,0,0,0,0
অসাধারণ একটি নাটক মন যাকে ভালোবাসে তার কোন যোগ্যতা দেখেনা শুধু মন দিয়ে মনকে চিনে নেয়,0,0,0,0,0,0
"তোর আল্লাহ মানুষকে জান্নাতি হুর বা ব্যশ্যার লোভ দেখিয়ে মানুষকে জংগি হতে বলে,তার চরিত্র কতটুকু ভালো",0,0,1,0,0,0
নাটক দেখার শুরুতেই কমেন্ট পড়তে কে কে ভালবাসেনআরিয়ান ভাইয়াকে অনেক অনেক ধন্যবাদ এত সুন্দর একটা নাটক আমাদের উপহার দেওয়ার জন্য,0,0,0,0,0,0
"যেমন আবরার কেন তিস্তার পানির হিস্যা নিয়ে কথা বলেছে এইজন্য সে শিবির ,তাকে মেরে ফেলতে  হবে",0,1,0,0,0,0
ওর মা এর ভাতার এর জন্য অরে কতো চুদাচুদির কথা শুনতে হয়,1,0,0,0,0,1
"ওই মিয়া কালা ভুস্কি মাগীর বাচ্চা, আপনের দুই মার মুখে আমি চুদি",1,0,0,0,0,0
"দাঁড়ি টুপি দেখলেই যারা মোদের বল জঙ্গি, আখেরাতে তারা হবে আবু জাহেলের সঙ্গি",0,0,1,0,0,0
ভারতের যারোঝ সন্তানদের কাজ থেকে আপনি বালো কিছু আশা করেন। কি। তা হলে আপনি অনেক বুকা মানুষ,0,1,0,0,0,0
হলো ভারতের ভিখারিদের চামচা । বলদটাকে চামচামি করার জন্য পাঠাইছে ভিখারিরা ।,0,0,0,0,0,1
আফরান নিশো মেহেজাবিন সাথে যদি আরিয়ান ভাই থাকে তাহলে এমন নাটক আশা করা যায় খুব ভালো লাগলো ভাই,0,0,0,0,0,0
দাড়ি টুপি পরে ইসলামকে হেয় করছে। সালা জংগিদের ফাসি দেওয়া হউক,0,0,1,0,0,0
ভালো ছিল টপ এক্টার বাংলাদেশের নিশো ভাইয়া সব চাইতে ভালো লাগে নিশো ভাইয়ারে একটা নাটক মিস করিনা,0,0,0,0,0,0
তুমি আমারই নাটকটি ভালোবাসা এমনই একটি জিনিস যার মাঝে কোন কিছুই বাধা মানে না আর ভালবাসলে এমন ভাবে বাঁচতে হয় যে ভালোবাসা কারো শক্তির নেই আলাদা করে দিতে এক আল্লাহ ছাড়া,0,0,0,0,0,0
"এখন প্রশ্ন করন উচিৎ চিলো, ওর অডিসনে এই পজিসনে পোচাতে কয় টা খাটে রাত কাটাতে হয়েছে",1,0,0,0,0,0
যুবলীগ ছাত্রলীগ এখন সন্ত্রাসী বাহিনীতে পরিণত হয়েছে তাই জাতি এদেরকে ঘিনা করে।,0,1,0,0,0,0
বর্তমানে এ ধরনের মাল যাত্রাপালায় দেখা যায় এদের সস্তা অভিনয়ের কারনে আজ হলে দর্শক খুঁজে পাওয়া যায় না,0,0,0,0,1,0
উপদেশ মুলক নাটকআর ভালবাসা কখনোই লুকাতে হয় না যাকে ভালবাসেন তাকে বলে দেয়াই ভালোসে না হয় নাই বা মানলো,0,0,0,0,0,0
হারামজাদা বলি কেন? উপ্তা কইরা যখন চুদে দিবে তখন বুঝবা,1,0,0,0,0,0
আমাদের বাংলাদেশের নাটক গুলা এত সুনদর পুরা বাসতব জীবন এর মত এত সুন্দর অভিনয় করছে তানজিন তিশা আর সাজজাত ভাই অসাধারন,0,0,0,0,0,0
পাকিস্তান তোদের কাছে বিনীত অনুরোধ।ভারতের সাথে যোদ্ধের আগে অন্তত একটা পারমানবিক বোমা মিয়ানমারে মার।যাতে সেখানের মুসলিমরা শান্তিটুকু ফিরে পায়।,0,0,0,1,0,0
"তোরে ভুতে চোদে নাকি খালি ফটো আপ্লোডান চোদাস, শাউয়ারপুত চোদানীমাগী!",1,0,0,0,0,1
পৃথিবীর সকল প্রাণীকে স্বাস্থ্যবিধি মানতে হবে এমন কি ছোট প্রাণী অ্যামিবা থেকে শুরু করে বিশাল আকৃতির তিমি সবার মাক্স পরিধান বাধ্যতামূলক করতে হবে ।,0,0,0,0,1,0
পাত্তা না দেওয়ায় ভালা । পাছে লোকে কত কি বলে । তুমি চালাইয়া যাও । খেলে যাও টাকা নাও,0,0,0,0,1,0
শুনুন মূর্খের অশেষ দোষ কিচ্ছু করার নেই শিক্ষিত বোঝে ইঙ্গিতে আর মূর্খ বোঝে কিলে,0,0,0,0,0,1
মাহির মতো গাদা না থাকলে ঐক্যের কোন সমস্যা হবে না ।,0,1,0,0,0,0
উনি ম্যানহলের ভিতরে থাকা অবস্থাতেই আমরা চাচার বাসায় মিটিং এ বসেছি,0,0,0,0,0,0
চোরের মায়ের বড় গলা কথাটা ছোট বেলায় অসংখ্য বার পড়ছি কিন্তু চোখে দেখিনি তাই আফসোস ছিল । সেই আফসোস আল্লাহ দূর করতে এখন প্রতিদিন চোখে দেখাচ্ছে ।,0,0,0,0,1,0
"একজন সাধারণ মুসলমান ভাই হিন্দু ধর্ম নিয়ে যা জানেন,কোন হিন্দু গুরুও তা জানেনা",0,0,1,0,0,0
ভাই নাটক টা আমার কাছে অনেক ভালো লাগছে ধন্যবাদ পরিচালককে,0,0,0,0,0,0
তারেক জিয়ার গুনগান আর জিয়ার মাজারে ফুল দেওয়া ছারা কিছুই করতে পারবে না,0,1,0,0,0,0
ভোদা কবির।তোর নাটকের কপালে জুতা ও থুতু মারি।তোরে আনলাইক দিলাম।,1,0,0,0,0,1
প্রবাসীরা সবচেয়ে বেশি নাটক দেখে কি কথা ক্লিয়ার না বেজাল আছে,0,0,0,0,0,0
"একটা জিনিস বুঝলাম না,চোর,গুন্ডা,সন্ত্রাস,ধর্ষক,চাদাবাজ এরা আবার  হাজি হয় কিভাবে?",0,0,1,0,0,0
অসাধারণ নাটক আফরান নিশো ভাই আর তিশা অসাধারণ জুটি দুজনের অভিনয়ই সেরা নিশো আর তিশা আমার ক্রাশতিশা আপুকে নীল জামাটায় অনেক সুন্দর লেগেছে,0,0,0,0,0,0
"আমাদের হিন্দুদের কলঙ্ক সৃজিতশালা আর মেয়ে পেলো না ,  গাই বাছুর সহ বিয়ে তাও আবার মুসলিম মেয়ে",0,1,0,0,0,0
অামার দেখা বেস্ট টেলিফিল্ম ১ কোটি মাইলফলকের দ্বারপ্রান্তে অগ্রিম কনগ্রেটস ১০০০০০০০+ ভিউস ✅,0,0,0,0,0,0
"আমি যখন ইংল্যান্ডে পড়ি, তখন আমার সাথে একটা জার্মান ছেলে ছিল... একদিন সে কমডের দোকানে কমড কিনতে গেল",0,0,0,0,0,0
“কার ছুডু বেলা? তোমার না গরুর? গরু তো এখনও ছুডুই আছে... দাম কতো চাও?”,0,0,0,0,0,0
অসাধারন গল্পএর পার্ট ই আমার কাছে ভাল লেগেছে দেখার সময় অনেকটা ইমোশনাল হয়ে গিয়েছিলামজয় হোক বাংলা নাটকের,0,0,0,0,0,0
মায়ানমারে মুসলিম মেরে শেস করে ফেলল তার কোন খবর নাই ভারতে ট্রেন দুর্ঘটনায় হিন্দু মরেছে কিনা তা নিয়ে সরকারের মাথা বেথা হাসাইলি মুরে,0,0,1,0,0,0
আমরা রাস্তায় এতে যেতে যেতে যাকেই সামনে পাব জিজ্ঞেস করবো... “রক্ত দিয়েছেন কোনদিন?... প্লীজ দিবেন... কাউকে দেয়ার জন্য এর থেকে ভালো গিফট হতেই পারে না”,0,0,0,0,0,0
"কাল এক ঝাঁক তরুন তরুণী দেখেছি, যারা নেশার মত কম্বল ডোনেট করে সস্থির নিশ্বাস ফেলেছে দেখেছি",0,0,0,0,0,0
শুধুমাত্র দুইটা মানুষ দিয়ে এতো সুন্দর স্ক্রিন প্লে ক্যামনে সম্ভব সত্যি খুব অবাক হলামধন্যবাদ বান্না ভাই,0,0,0,0,0,0
অপূর্ব মেহজাবিন আমার দেখা সেরা জুটি বাংলাদেশের মধ্যে আপনারা একমত হলে লাইক দান,0,0,0,0,0,0
এ নাটক টাতে আরফান নিশু কে অনেক ইস্মার্ট সুন্দর দেখাচ্ছিল খুব সুন্দর গল্পের একটা নাটক খুব ভালো লাগলো,0,0,0,0,0,0
ইউটিউবে যদি লাইকডিচলাইক ছাড়া ফেসবুকের মত ৬ টা ইমোজি থাকতো তাহলে রিয়েক্ট দিয়ে বুঝায় দিতাম ঠিক কতটা ভাল লাগছেআরেফিনঅমি ভাই আসলেই অসাধারন গল্প তেরী করে আর বসআফরান নিশো ভাইয়ের কথা কি বলব সেতো রিয়েল হিরো আর তানজিন তিশাও অসাধারন,0,0,0,0,0,0
আহারে ঠিক অামার জামাই টার মতোঠিক নাটকের অভিনয় টা মতো আমার জামাই ঠিক এমন করছে শশুড় বাড়ীতে এসে ঠিক অামার জামাই চরিত্র মত নাটক টা হয়েছে ধন্যবাদ পরিচালক কে,0,0,0,0,0,0
দামে কম মানে ভালো কাকলি ফার্নিচার দামে কম মানে ভালো কাকলি ফার্নিচার দামে কম মানে ভালো কাকলি ফার্নিচার আচ্ছা পেলেনের শিট গুলা কাকুলি ফারনিচারের ?,0,0,0,0,1,0
"আমার-আপনার যেমন অপমানবোধ আছে... ঠিক তেমনই, প্রত্যেকেরই সেইম অপমান বোধ আছে রে ভাই",0,0,0,0,0,0
নাটকটি খুব ভালো লাগলো নাটকটির অপেক্ষায় ছিলাম তাও আজ দেখা হল নাইস নাটক,0,0,0,0,0,0
"মেয়েটা তো বাচ্চা মাতারী, লেসবু পার্টনার বের করবি ভালো কথা আছে এখন খেয়াল করবি কোথাও কি কানেকশন আছে",1,0,0,0,0,0
আমি তোকে বলছি এখানে খারাপ কিছু বলি নাই এখন বলতে হবে শুন বাংলাদেশে কোনো বেধর্মী রাখা হবে না তোদের মতো বৌদ্ধ মালাউন বেধর্মী বাংলাদেশে রাখা হবে না তোদের কে লাথি মেরে লাথি মেরে বাংলাদেশ থেকে বাহির করতে হবে।,0,0,1,0,0,0
"নেশা করে পুরাই মাতাল, নাস্তীক পারার সদস্য কিনা সে জন্যয় এ অবস্থা",0,0,0,0,0,1
মৃত্যুর পর তুই কোথায় যাবি সেটা কি ভেবেছিস?তুই ত মুসলমান এর যুগ্যই না। তোকে জুতার মালা গলায় দিয়ে সারা দেশ ঘোরানো দরকার। তাহলে বুজবি বিশ্বাস কাকে বলে।,0,0,1,1,0,0
আমি মিথিলা আপুমেহজাবিন আপুকে অনেক পছন্দ করি অপূর্ব ভাইয়ার অভিনয়টা অসাধারণ ছিলোসবার অভিনয় অনেক সুন্দর ছিলো,0,0,0,0,0,0
আর নাস্তিক টা সত্য জানতে চাচ্ছে না।ও  আপনাকে আটকাতে চাচ্ছে।,0,0,1,0,0,0
"প্রতিহিংসার রাজনিতি বিএনপি করে,কয়েক বার আওয়ামিলীগ কে মেরে ফেলার চক্রান্ত করেছি বিএনপি",0,1,0,0,0,0
"সে বিষয়টা ধরতে পারেনি দেখে পালিয়েছে... কিন্তু বিশ্বাস করেন, তাকে শব্দহীন একটা জায়গায় রেখে আসেন, সেও দ্বিগুণ বেগে (বাদামের ডালি রেখেই) ভেগে আসবে সেখান থেকে বাংলাদেশে",0,0,0,0,0,0
"আউরা মাগীর জাউরা পোলা
তোর মারে চুদতে আমার লাগে না যে বালা
তোর মায়ের ভোদা কেন এতো কালা?",1,0,0,0,0,1
কি কথাটা বল্ল হা হা হা ছাত্রলীগের  টেগ আছে এজন্য  ভালো  কিছু  করলেও  নাকি সবাই  খারাপ বলবে। তার মানে সত্যি  সত্যিইকি ছাত্রলীগ  বালানা?,0,1,0,0,0,0
"শালা শুয়োরের বাচ্চার অবস্থা দেখ, খানকির পুত জারজ সন্তান, তর মা ধর্ষিতা ও মূর্খ তুই ও মূর্খ বেয়াদবের বাচ্চা বেয়াদব ।",1,0,0,0,0,1
আর জেই ভারত শাসন করেছিল মুসলমানেরা সেই ভারতে আজ মুসলমানদের কি অবস্থা সেটা চোখে পড়েনা আপনাদের। নিজের বেলায় আনা আর অন্যের বেলায় কাচকলা এটাতেই প্রমান হয় আপনারা কত বড় সার্থপর।,0,1,0,0,0,0
দোয়া করি আরো ভাল ভাল নাটক আমাদের কে উপহার দিতে পারবেন ভাল থাকবেন শোভ কামনা,0,0,0,0,0,0
ছাগলকে প্রথমে সেস্রায়ে আনতে হয়েছে লিফটে করে বাসায়... সে আসবেই না,0,0,0,0,0,0
নিশু ভাই মাইয়ার ছোট বোন ও অনেক সুন্দর ছিল আপনি তার দিকে দেখলেইত ভাল হয়ত এত কাহিনি করা লাগত না,0,0,0,0,0,0
আমার ভালোবাসার মানুষটার জন্যই এই নাটকটা দেখেছি হয়তোবা তার অজান্তেই ভালোবাসি খুব ভালোবাসি,0,0,0,0,0,0
ভারতীয় আধিপত্যবাদের বিরুদ্ধে সোচ্চার হতে দেখা যায় তাদেরকে আসলে এরা আসল কালপ্রিট,0,1,0,0,0,0
নাটক টা দেখা ভালো লাগলআর নাটক এর ঠিমের প্রত্যক সদস্যদের প্রতি শুভেচ্ছা রইল,0,0,0,0,0,0
"একজন ওসি প্রদিপের বাল ছিড়তে পারেনি স্বরাষ্ট্রমন্ত্রী, তার আবার প্রসংসা!!!",0,0,0,0,1,0
"মানদার পো আজ ব্রাজিল হারলে, তোরে আমি ব্রা দিয়ে চেপে মেরে ফেলব.",1,0,0,1,0,0
ট্রেনের কামরায় রানু মন্ডলের মত অনেক গায়িকা ট্রেনের কামরায় ভিক্ষা করতে দেখা যায়,0,1,0,0,0,0
ইহুদীদের কাজই তো হচ্ছে মানুষদের পথভ্রষ্ট করা। এই সমস্ত ফিতনা থেকে আল্লাহ্ আমাদের সবাই কে হেফাজত করুন আমীন,0,0,1,0,0,0
তোর চুলে গু লাগাইসস কা আরিপ্পাতোর চুলে গু লাগাইসস কা আরিপ্পা,0,0,0,0,0,1
গল্পের প্রথম দিকটা খুবই সুন্দর ছিল আর মাঝখানে কিছু এলোমেলো আর শেষটা খুবই সুন্দর হল,0,0,0,0,0,0
ঐ খানকির বাচ্চা সময় টিভি তোদের কে জুতা পিটা করব এরা অসহায় মানুষ এদের নিউজ তৈরী করতে রাত জাগস অথচ ভারতের অবৈধভাবে এনে এই দেশে পুলিশের চাকরি দিছে সেই নিউজ কই ভালো হয়ে যা,1,0,0,0,0,1
সত্যিই আ খ ম হাসান বাই একজন অসাধারণ অভিনেতা খুব বালো লাকছে বাই,0,0,0,0,0,0
ভাই ইন্ডিয়া তে গেলে সবাই মোটা হয়ে যায় আমিও চিকনা ছিলাম । দিয়ে ছোটতে টানা তিন মাস ইন্ডিয়ায় থাকা লেগেছিল একবার । এসে আর কেউ চিনতে পারেনি এক দুই কেজির বাচ্চা তিন শূন্য কেজি হয়ে গেছিল,0,0,0,0,1,0
সত্যিই কতাকি আমাদের বাংলাদেশেএতো সুন্দর নাটক বানাই মানুষ কেনজেহেনদি মুবিনিয়ে পরেথাকে বারুতিয়নাটক নিয়ে পরেথাকে এক কতা বাংলা নাটক চমউকার,0,0,0,0,0,0
সালা মালাউনের বাচ্চা বেশি কথা বলবি তর মা বোন কে চুদে খাল বানাব খানকির বাচ্চা।,1,0,1,0,0,1
আরে ভাই তাড়াতাড়ি যা করার কর আর সিরিয়ালটা শেষ কর বাড়িতে টিভি দেখতে পাইনা তোদের জন্য,0,0,0,0,1,0
তুই যে আধা লেংটা কেমরাতে আসিস তোদের জন্মের ঠিক নাই মাগি,1,0,0,0,0,1
সেরা নামাজ পড়ার উপদেশপ্রত্যেক নাটকে এই রকম একটা মেসেজ থাকলে আমাদের সমাজ অনেক উপকৃত হত ধন্যবাদমিপরিচালক,0,0,0,0,0,0
শেষের দিকে নাটক দেখে চোখের পানি ধরে রাখতে পারলাম অনেক সুন্দর নাটক,0,0,0,0,0,0
অসাধারণ একটা নাটক সত্য কথা বললে বেয়াদব এই রকম বেয়াদব যদি বাংলার সব ঘরে হয় তাহলে সোনার বাংলায় দূনীর্তি থাকবে না,0,0,0,0,0,0
"বা, আইন করেন... এসএসসি বা এইচএসসিতে হাতের মার্কসের উপর প্রতি সাব্জেক্টে আলাদা ১০ মার্কস বাধ্যতামূলক থাকতে হবে",0,0,0,0,0,0
নাটকে নামাজ পড়ার দাওয়াত দেওয়া টা মাশাআল্লাহ ভালো লাগছে অনেক,0,0,0,0,0,0
মেহেদি হাসান ভাই বাস্তব একটা গল্প তুলে ধরার জন্য ধন্যবাদআসলে এমন কিছু মেয়ের জন্য আজ অনেক সুখের সংসার গুলা নষ্ট হয়ে যাচ্ছেতারা নিজের সুখের জন্য অন্যের সুখ নষ্ট করছে,0,0,0,0,0,0
ফেসবুকে পোস্ট দেখে শেষ মুহূর্তে খুলনা যাওয়ার বাস থেকে নেমে হাসপাতাল চলে আসে কলেজ পড়ুয়া এক ছেলে,0,0,0,0,0,0
নাটকের শেষে অংশ টা অনেক ভাল লাগলো এর মাধ্যমে সকলের কাছে নামাজ পড়ার জন্য উৎসাহ প্রদান করা হলো,0,0,0,0,0,0
ডেন্ডিয়ান মালাউন মালাউনীরা খোলা যায়গায় পায়খানা করে শুধু দিল্লীর পরিবেশ নষ্ট করছে না এরা প্রতিবেশী রাষ্ট্রগুলোর পরিবেশও নষ্ট করছে তাই ডেন্ডিয়ান মালাউন মালাউনীদেরকে সব রাষ্ট্র মিলে লাতি আরম্ভ করছে পৃথিবী থেকে তাড়িয়ে দেয়ার জন্য,0,0,1,0,1,0
"ছোটবেলায় নানুর কাছে গল্প শুনতাম, “রেল লাইন ভেঙ্গে আছে দেখে এক ছেলে তার লাল শার্ট খুলে তা উড়িয়ে ট্রেন থামিয়েছে”",0,0,0,0,0,0
"শুরুতেই আপনার বলা দরকার ছিলো আমি ""আহসান হাবীব পেয়ার এ এইচ পি টিভি ঢাকা বাংলাদেশ!",0,0,0,0,0,0
অনেক নাটক দেখেছি ভালো লাগে বাট এই নাটক দেখে আমার চোখের পানি চলে আসছে অনেক সুন্দর আমার খুব খুব ভালো লাগছে,0,0,0,0,0,0
বততমান সরকার মুখে ধর্মের কথা বলে আর কাজে কর্মে ধর্মের বিরোদিতা করে এই সরকার কে নিন্দা জানাই,0,0,1,0,0,0
খানকির পোলারে....... নামাজ থেকে এসে তর মুখটা দেখতে হবে ভাবলে মুতু করতাম আমার তলপেটের সব জমানো জল.,0,0,0,0,0,0
পরদেশী পরদেশী না গেয়ে তোর বাল দেশী কথাটা দিতে পারতিস পা ডার পো ভেড়া ।।,1,0,0,0,0,1
ঢাকা বিশ্ববিদ্যালয়ের মত একটা জাগায় এই রকম একটা প্রাণী কে কিভাবে তারা রাখতেছে আমি বুঝি না,0,0,0,0,1,0
হালারপুতেরে কেউ এশা আপার কাছে দিয়ে আসুন । ওর নুনুর রগটা কেটে দিক ।।,1,0,0,0,0,1
অসাধারণ যত বার দেখি তত বার দেখতে মন চায় অসাধারণ লাগে অপূর্ব এবং মিথিলা আপু ধন্যবাদ দুজন কে,0,0,0,0,0,0
"গতপরশু সড়ক দুর্ঘটনায় বুলগেরিয়ায় ১৭ জন নিহত হওয়ার পর দুর্ঘটনা দায় মাথায় নিয়ে ইস্তফা দেন সেই দেশের পরিবহনমন্ত্রী, আঞ্চলিক উন্নয়ন বিষয়ক মন্ত্রী এবং স্বরাষ্ট্রমন্ত্রী",0,0,0,0,0,0
“একটু পরেই ডিউটি শেষ হয়ে যাইব... তুই গেইটের বাইরে খাড়ায়ে থাক”,0,0,0,0,0,0
১ ঘন্টা ১৩ মিনিট ১৪ সেকেন্ড হারায় গেছিলাম এতো সুন্দর উপস্থাপনা ছিলো যে হারায় যেতে বাধ্য হয়েছি এবারের বেস্ট নাটক হবে এইটা,0,0,0,0,0,0
"কেউ কারও দিকে তাকাচ্ছে না তারপরেও তার মনে হলো,  “কেডস পরে আসা বোধয় আসলেই ঠিক হয়নি”",0,0,0,0,0,0
শালারা গাজা মনে হয় একটু বেশি খাইছে আগে ভারতী অশ্লীল সিরিয়াল বন্ধ কর তারপর না হয় বিদেশি সুলতান সুলেমান,0,0,0,0,1,1
খুশি আপার অভিনয় দেখে সত্যিই চোখে জল এসেগেলো অসংখ ধন্যবাদ জানাই পরিচালক কে,0,0,0,0,0,0
"ইসলাম নারীদের সর্বোচ্চ সন্মান দেয়,আর এজন্য আমার পেয়ারে নাবী মুহাম্মদ দাসীসেক্স আর ১৫/২০ টা বিয়ে করেছে",0,0,1,0,0,0
ধন্যবাদ মিজানুর রহমান ভাইকে এতো সুন্দর একটা নাটক উপহার দেয়ার জন্য আশা বরি ভবিষ্যতে আরো পাব,0,0,0,0,0,0
"বোরকা পরা নারীদের দেখে বুঝা যায় না, তারা মানুষ, ভূত না জানোয়ার বলেছেন লিটন",0,0,1,0,0,0
এবার কাশ্মীর বুঝে বাড়াবাড়ি করলে পাথর দিয়ে টুকরা টুকরা করার তবেই শিক্ষা হবে ।,0,0,0,1,0,0
আমি কিছু বলতে পারছিনা অনেক কান্না করেছি তাই এমন কাজ আরো চাই,0,0,0,0,0,0
বেস্ট সিংগার ইন দা ওয়াল্ড ছি ইউ নট ফর মাইন্ড এভরিথিং ভিতিং ইংলিশ,0,0,0,0,1,0
হাইরে আমার দেস মাতা আপনাকে সালাম আপনি ভারতে দুরঘনায় সোক পালোন করচেন আর মুসলিম মেরে ফেলচে আপনার কোনো বানি নেই আপনি ওতো এক জোন মুসলিম,0,0,1,0,0,0
"এই দেশে, এরকম মনের-বাদশা প্রচুর আছে, এই এক টাকায় আহার - 1 Taka Meal উদ্যোগটা না দেখলে হয়তো জানতামই না",0,0,0,0,0,0
তগো মুভি চলে না দেইখা সাকিব রে নিছে ।তগো দেব রে মুভিতে নেয় না কেন ?,0,1,0,0,0,0
ওয়াও আমার দেখা সেরা একটি নাটক ভিন্ন স্ক্রিপ্ট সব নাটকে দেখা যায় বন্ধু থেকে প্রেম এবং শেষে বিয়ে এটা একদম ই আলাদা ছিলো ধন্যবাদ স্ক্রিপ্ট রাইটার কেআর আমি তো নিশো ভাইয়ের পাগলা ফ্যানসব মিলে ১০১০ নাটকটি,0,0,0,0,0,0
কুত্তার বাচ্চা বাংলাদেশ সাম্প্রদায়িক দেশ। সামনে আয় তোর সাম্প্রদায়িকতা তোর মায়ের,1,0,0,0,0,1
‘দাঁ বটি কোরবানি ঈদের সময় ছাড়া ধার করানো যাবে না...চাকু ধার করার সাইকেল যদি কাউকে অন্য মৌসুমে চালাতে দেখা যায় তাহলে সেই বান্দারে ডাউন করে দেয়া হবে’,0,0,0,0,0,0
ভাই.. এত খারাপ কমেন্ট করে গালি দিয়ে নিজের মুখ খারাপ করা উচিত না...এটা কেয়ামতের আলামত,0,0,1,0,0,0
ওর গান শুনে আমার মনে হয় যে আমি কোথায় আছি আমি মরে যাই নি তো আরে রানুর থেকে তো,0,0,0,0,0,1
এই হল আমাদের দেশের মুসলিম সরকার ভারতে ট্রেন দূর্ঘটনার জন্য কি কষ্ট হচ্ছে। কিন্তূ বার্মায় শত শত মুসলিম হত্যা করতেছে কুলাঙ্গার বৌদ্ধরা কিন্তু দুঃখের বিষয় আমাদের দেশের প্রধান মন্ত্রীর তখন দুঃখ লাগেনা।,0,1,0,0,0,0
স্বপ্ন তাহলে পূর্ণ হবে অনেক দিনের আশা কিছু বিমান কিনবো সেটা আজ সত্যি হবে মনে হচ্ছে আমি একশো কেজি অর্ডার করে রাখলাম ।,0,0,0,0,1,0
"খুঁজিয়া পাই না নগর পিতাকে, সাতরে পাই না কূল দক্ষিণে নেই সাঈদ খোকন, উত্তরে আনিসুল",0,0,0,0,1,0
তিমাত্রিকে দেব। বাঁশ ইস রেডি।।এখন শুধু বাকি ঠিক ঠাক গর্ত।।কিছুদিন আগে আমাদের পাড়ায় এক কুত্তি ৪৪ টা বেবি দেয়ার পর তোর মত অবস্তা হইছে।।।ওটা মিস ওয়ার্ল্ডে গেলে ওটাও হত,1,0,0,1,0,0
৬০-৭০ বছরের মানসিক বিকারগ্রস্ত ধর্ষক মুসলমানরা ৬-৭ বছরের বাচ্চা মেয়েদের বিছানায় নিতে পাগল হয়ে থাকে।,0,0,1,0,0,0
যে জাতি মাকে ছেলে ছোদে বোনকে দাদা ছোদে আর তোদের লেংটা বাবা কাছে গিয়ে দোন পুজা করে গরুর প্রোসরাব খায় সেই মালাউনের কোন দর্ম আছে তোরা তো গরুর প্রোসরাবের ছেয়ে খারাপ মাগির বাচ্ছা।।।,1,0,1,0,0,1
তারা জৈষ্ঠের গরমে জ্বরে থর থর করে কাঁপা ১০জন রোগীর মাঝখান দিয়ে একজন সুস্থ মানুশ কে ঢুকিয়ে দিবে..,0,0,0,0,0,0
ভালোবাসা সবাই যেনো তার মনের মানুষকে তার নিজের করে পায়অসাধারণ নাটক,0,0,0,0,0,0
তোরে জুতা দিয়ে পিটা করার দরকার তোর কোনো ক্ষমাও নাই কারণ তুই নাস্তিক কারণ তুই পরকাল নিয়ে হাস্যকর বক্তব্য দিয়েসছ,0,0,1,1,0,0
শুরুটা বাজে শেষ টা অসাধারণ শেষ ভালো যার সব ভালো তার,0,0,0,0,0,0
শ্রীলঙ্কায় কিন্তু ফাইন ফাইন শুর ওয়ালা হাতি আছে । ওরা কোয়ারান্টাইন থেকে বের হয়ে ফটোসেশানে গেলে আমাদের দেখাইয়েন ছবিগুলা,0,0,0,0,1,0
মেহজাবিন ও আফরান নিশো সেরা সাতটি নাটকের মাঝে এটিও একটি ভালোবাসা অবিরাম প্রিয়,0,0,0,0,0,0
এই মূহুর্তে ভারত পাকিস্তান নিয়ে কোন কথা শুনতে চাইনা যদি পারেন মায়ানমারের দুখি মানুষ গুলাকে নিয়ে বেশী বেশী লিখেন,0,1,0,0,0,0
"স্বামী মনে হয় পারে না, ইয়ে মানে ভালোবাসার কথা বলছি",1,0,0,0,1,0
বাথরুম করতে বসেছিলাম করা শেষ দেখি পানি নাই । এরপর এই পোষ্ট টা চোখে পড়লো । হাসতে হাসতে চোখ দিয়ে যা পানি বের হয়েছে তা দিয়ে কাজ সেরে ফেলেছি । ধন্যবাদ এই পোষ্টটার জন্য,0,0,0,0,1,0
ফাটাফাটি একটা নাটক দেখলাম পরিচালক কে অনেক অনেক ধন্যবাদ এমন সুন্দর একটা নাটক উপহার দেওয়ার জন্য,0,0,0,0,0,0
যাক ভালোই শেষ মেষ নিশু ভাই মেহজাবিন আপু কে পেলো 😊😊😊,0,0,0,0,0,0
অসাধারণ প্রেমের নাটক খুব কম দেখি অন্যরকম ভাল লাগা কাজ করছে এই স্টোরিতে অমলিন ভালবাসা গুলো বেঁচে থাকুক অমলিন ভাবেই,0,0,0,0,0,0
"ভাবতাছিলাম আজ থেকে গালাগালি করমু না
তবে তুর ছবি দেখে আমি মান্দারপুত সালারপুত পাইন্নিরপুত বলবো না.",1,0,0,0,0,1
হিন্দু পুলিশ এএসপি তাপস রঞ্জন ঘোষ ও ওসি আকুল চন্দ্র বিশ্বাসের নির্দেশে এভাবে গুলি চালানো হয় মাদ্রাসার ছাত্রদের উপর,0,1,0,0,0,0
"ড্রাইভার তাকে চদার জন্য গাড়িতে তুলেছে।।।
তাবিজ্জা ত বুড়া হইয়া গেছে সো মাদারি রাস্তায় নেমে পড়ছে চদা খাওয়ার জন্য।পিছনে আবার দুটা টাক্লু অপেক্ষা করসে চুদবে বলে।",1,0,0,0,0,1
ছেলে মেয়েদের কাছে পুজোর আলাদা দৃষ্টি ভঙ্গি থাকলেও সুযোগ সন্ধানীদের কাছে পূজো মানে শুয়ে থাকা মেয়ের ড্যাব ড্যাব চাহনি,0,0,1,0,0,0
নিশো ভাইর এই নাটক টা সবচেয়ে ভালো লাগলোএমন সত্যের ডাক ও শিক্ষনীয় নাটকই সমাজকে দিতে পারলে যুবসমাজ সঠিক পথে আসবে ও নিজ পায়ে দাঁড়াবে,0,0,0,0,0,0
আমি পাকিস্তান কে অনুরোদ করি ভারত কে আগুন দিয়ে জাল্লাও ভারতে আমার মুসলিম নিজ্জতন হয়,0,1,0,0,0,0
আরো কিছু শুহর বাচ্চা তোর আরো তোর বাপ আছে তারাও কিছু করলে সেটা ঠিক আছে আর জাকির নায়েক মুসলিম লীগের তাই সে সন্তাবাধি ভারতে আরো নেতা আছে তাদের দর,0,1,0,0,0,0
"বর্তমান সময়ে বাংলাদেশের শাসন ব্যবস্থার হাল ঠিক এরকম, ছাগল দিয়ে হাল চাষ করার মত",0,0,0,0,1,0
ইন্ডিয়ান এক এক রাজ্যের সাথে তুলনা কর দেখবি কে বেশি এগিয়ে ফালতু কোথাকার,0,1,0,0,0,1
শাহনাজ খুশি বাংলা নাটকের অনেক বড় সম্পদ আফসোস উনার মেধার উপযুক্ত মূল্য এখানে নাই সার্ভিস হোল্ডার কতা দিলেম তো র পর আবার নাটক দেখে চোখে পানি এলো যুগ যুগ জিও খুশি,0,0,0,0,0,0
আগে অনেকবার দেখেছি তবে ১ম বার কমেন্ট করলাম মিজান ভাই খুব ক্রিয়েটিভ কাহিনী,0,0,0,0,0,0
কিছু অল্প খরচে খুবই ভালো নাটক করা যায় এটা দেখিয়ে দিয়েছেখুবই সুন্দর,0,0,0,0,0,0
আমাদের সঠিক ভাবে মন হারাতে দেবেন তো জুলু কাকু না মানে মন হারানোর পর মন কেড়ে নিতেও আপনাদের সময় লাগে আসলে ভালোবাসার দাম তো আপনাদের কাছে নেই,0,0,0,0,1,0
নিশো ভাইয়া যে গ্রেট তা আবারো প্রমাণ করে দিলা ধন্যবাদ অমি ভাইকে এরকম একটি অসাধারণ নাটক আমাদের মাঝে নিয়ে আসার জন্যে,0,0,0,0,0,0
দুটো কুকুরের মধ্যে ভীষন ঝগড়া চলছে লজ্জা করে না শালা মানুষের বাচ্চা,0,0,0,0,1,0
"কত বড় ষড়যন্ত্র চলছে যে হিন্দু হয়ে পাঞ্জাবি,টুপি লাগায়ে মূর্তির সামনে বসে বুঝায় মুসলিমরা পুজা মণ্ডপে যায়!!",0,0,1,0,0,0
করোনার সময়ে না নিয়ে আসলে কি হতো না ? মানুষ বাঁচতেছে না সিরিয়াল খাও,0,0,0,0,1,0
শুধু আসাম না পশ্চিমবঙ্গ থেকে ও এই জেহাদি মুসলমানদের খেদানো হবে !,0,0,1,0,0,0
আর ১০০ জন বাকি ১০০০ পূর্ণ হতে তাই আপনাদের সাহায্যপ্রার্থী একটু দয়া করলে ভালো হয় তাহলে আমার মতো শেষ সারির ইউটিউবারও স্বপ্ন দেখতে শিখবে আপনাদের হাত ধরে,0,0,0,0,0,0
নাটক টা সত্যি অনেক ভালো লাগলো এমনিতেও নিশো ভাইয়ের নাটক ভালো লাগে লাস্ট সিন তা অনেক ভাল লাগলো,0,0,0,0,0,0
তারেক রহমানকে চুরি বিদ্যা শিক্ষা দিয়েছে তার মা খালেদা জিয়া।তাই চোর যদি ধরা না দেয় চোরের ওস্তাদকে ধরে জেলে ঢোকান।কথায় বলেনা কান টানলে মাথা আসে,0,1,0,0,0,0
তোর মা গেছো খানকি নয়া দিগন্তকে দিয়ে চোদায় গুদির বেটা।,1,0,0,0,0,1
"কি করবেন ভাই কার দোষ দেবেন?এমন চিন্তা ভাবনার কারন এক্টাই পুলিশের উপর মানুষের আস্তার অভাব,",0,0,0,0,0,0
ইবানা কে অনেক সুন্দর লাগলো দেখতে অনেক সুন্দর আর অর অভিনয় কিন্তু অনেক সুন্দর হয়েছে নাইচ,0,0,0,0,0,0
"কবে যে ফ্লাইওভার মাথায় ভেঙ্গে পড়ে বা, আমি কবে ঢাকনা ছাড়া ম্যানহোলে ভেঙ্গে পড়ি",0,0,0,0,0,0
‘ঐ মোডা মাইয়্যাডার হেপি বাড্ডে ...হের বন্ধুরা কেইক কাইট্টা পুরাটা নিজেরাই খাইয়া ওহন ফুশকা খায়’,0,0,0,0,0,0
"যখন রিমোট নিয়ে ভাই বোনদের সাথে কাড়াকাড়ি করতে যেয়ে ভেঙে ফেলি, তখন আব্ব বলে, কাউকে ছাড় দেয়া হবে না",0,0,0,1,0,0
বি এন পিকে একবার মাত্র তদন্ত কমিটি বানিয়ে দিন তার পর দেখবেন রাজাকার কারা প্রমানিত হয়,0,0,0,1,0,0
কি কমেন্ট করব কোনো ভাষা খুজে পাচ্ছি নাএক কথায় অসাধারণ,0,0,0,0,0,0
বেকিং নিউজ পরিকল্পনা মন্ত্রীর মোবাইল ফোনে পরি মণির পর্ণ ভিডিও পাওয়া গেছে । মহামান্য ছিনতাইকারী,0,0,0,0,1,0
যাকে খানকি বলছিস সে তোর গাঁড়ে লাঠি মারেনি তোর ভাগ্য ভালোখানকির ছেলে অভাবে যারা কাজ করে তাদের খেতে তো দিবি না তাদের সম্মান নষ্ট করছিস মা চোদাতে?,1,0,0,0,0,1
"আমাদের সময়, হাততালি, স্ট্যাটাস-বার এদেরই জন্য বেশী ডেডিকেটেড হউক",0,0,0,0,0,0
"আপনাদের মত মূর্খ,সরি!!! ভন্ড মুসলিম কি জানে মহাভারত সম্পর্কে???",0,0,1,0,0,0
"যুবলীগের কাজ হলো সম্পদশালী হওয়ার রাস্তা বের করা, বিদেশে টাকা পাচার করা, টেন্ডার বাজী করা এইছাড়া আর কোন কাজ আমি দেখিনা যুবলীগের",0,1,0,0,0,0
হাসানের অভিনয় বরাবরই ভালো লাগে এ নাটকে সে অসাধারণ চরিত্রে অভিনয় করেছে দুষ্ট বৌয়ের কথায় নিজেকে বিলিয়ে দেয়নি এটা দেখে খুব ভালো লাগছে,0,0,0,0,0,0
এরখম নাটক না করে পরলে সরাসরি নিষিদ্ধ করে দে জামায়াত কি তোদের মত বেয়ারিশ দল সব ঘোলাকে রাজাকার বানালে তোরা আর ও বাকি রইল কি আমির হয়ার আগে বল্লে না কেন,0,1,0,0,0,0
আন্তর্জাতিক ডেস্ক নোট বাতিল কাণ্ডে ভারতজুড়ে দেখা দিয়েছে নৈরাজ্য। তাতে বাদ যাবেন কেন মন্ত্রী এমপিরা। এবার মহারাষ্ট্রের সমবায়মন্ত্রী সুভাষ দেশমুখের গাড়ি থেকে লাখ টাকার মূল্যমানের নিষিদ্ধ ও এক হাজার টাকার নোট উদ্ধার করা হয়েছে। খবর আনন্দবাজার পত্রিকার।,0,1,0,0,0,0
"মাদ্রাসায় সত্যিকারের লেখাপড়া হয় না, জঙ্গী তৈরি হয় - ব্যরিস্টার তানিয়া আমির",0,0,1,0,0,0
প্রথমে তুই ধ্বংস হবে তুই দাঁড়িওয়ালা পাঁঠাদের উস্তাদ তর নিজেরও দাড়ি আছে সালা মালাউন ফেরাউন।,0,0,1,0,0,0
আমার দেশের নাটক গুলোই বেস্ট কেন যে মানুষ ইন্ডিয়ান সিরিয়াল দেখে নিশো আর তিশা অসাধারণ অভিনয় করেছেন ধন্যবাদ,0,0,0,0,0,0
আখম হাসান এর অভিনয় সেরাআমি ভারতীয় তাই এখানকার টিভি সিরিয়াল নির্মাণ কারিদের কাছে অনুরোধ যে বাংলাদেশের এই সব নাটক দেখুন কিছু শিখুন আর সিরিয়াল গুলি তে নিজেদের সুরুচির পরিচয় দিন,0,0,0,0,0,0
"পাপিয়ার খদ্দেরের লিষ্টে, নাকি সাধারণ সম্পাদক নাসিম সহ অনেক মন্ত্রী এমপি নেতাদের নাম",0,1,0,0,0,0
"বেটা তুই জামাই মানুষ, এমন চেয়ারে কেন বসবি যেখানে বসলে তোর পা ঝুলে থাকে?",0,0,0,0,0,0
ঠিক মতো বাংলা বলতেই পারে না।সে আবার ডি জে।,0,0,0,0,0,1
"আসলে এই পয়েন্টটা মিস করি দেখেই বোধয় যেমন খুশি তেমন সাজ প্রতিযোগিতার সাজসজ্জা, কয়েকদশক থেকে একই জায়গায় আঁটকে আছে",0,0,0,0,0,0
নবী যে ৭ বছরের আয়শা কে দেখে লোভ সামলাতে পারে নাই। তার উম্মত কিভাবে সামলাবে?,0,0,1,0,0,1
খুবই সুন্দর কলা প্রদর্শন করেছেন সকলেই ভগবান সকলেরই মঙ্গল বিধান করুন,0,0,0,0,0,0
"একবার জদি তোরে সামনে পাইতাম,হাজার পাবলিকের মাঝখানে, তোরে লেংটা করে দিতাম,",1,0,0,0,0,1
"কিছুদিন আগের কথা, রাত ১২ কি সাড়ে ১২ টা বাজে। আমাকে পুলিশ আটকালো,",0,0,0,0,0,0
“লুকিয়ে রাখার জায়গার অভাব আছে বাসায়? আমি ফ্যানের উপরে লুকাতে যাব কেন? নিজে বেক্কল তো তাই ভাবস পুরা দুনিয়া বেক্কল... গোপন কিছু আমি ফ্যানের উপরে লুকাতে যাব কোন দুঃখে ... হাস্যকর”,0,0,0,0,0,0
"যে নুনের মতো তিতকুটে জ্ঞান দেয়, সেই আসল বন্ধু। ইতিহাস সাক্ষী আছে, নুনে কখনো পোকা ধরেনি... আর মিষ্টিতে তো প্রতিদিনই পোকা ধরে, পিঁপড়ারাও ছাড়েনি...",0,0,0,0,0,0
চোখে পানি চলে আসলো পকেটে টিস্যু নেই । বাদামওয়ালা থেকে কাগজ নিয়ে চোখ মুছলাম ।,0,0,0,0,1,0
"ইজতেমায় লাখো মুসুল্লির ভিড়ে তাকে যদি আবার অজু করতে হয় তাহলে তো; কেডস খুলো, মুজা খুলো, ওজু করো ... তারপর আবার, মুজা পরো, কেডস পরো",0,0,0,0,0,0
কিছু অসামঞ্জস্যতা আছেতারপরেও প্রশংসনীয় আগামী তে আরো ভালো কিছু পাবো সেই প্রত্যাশা রইলো,0,0,0,0,0,0
"এখন হাতের লেখা শুধু ডাক্তারদের না... এই প্রজন্মের ইঞ্জিনিয়ারদেরও খারাপ... এমবিএ করে যে ছেলেটা নতুন বের হয়েছে, তার হাতের লেখা দেখলে তার বিয়ে ভেঙ্গে যাবার যথেষ্ট সম্ভাবনা আছে",0,0,0,0,0,0
"আমি বলতে শুরু করলাম, “আপনারা যেটা চাচ্ছেন সেটার সহজতম ওয়েও আছে... স্বাধীনতা নেয়া লাগবে না মিরপুরের”",0,0,0,0,0,0
সব মিলিয়েই অসাধারণ ছিলো গল্প টাতে এটাই বুঝানো হয়েছে ভালবাসলেই ঘর বাঁধা যায় না যাকে একবার মনে যায়গা দেওয়া যায় এইমনে আর দিতীয় কাউকে জায়গা দেওয়া যায় না খুব ভালো লাগলো বাস্তবিক চিএ তুলে ধরার জন্য,0,0,0,0,0,0
কাশ্মীর থেকে কন্যাকুমারী কোথাও বনধ এর কোনো প্রভাব পড়েনি । জনজীবন রাস্তাঘাট দোকান বাজার অন্য দিনের মতোই সম্পূর্ণ স্বাভাবিক । ভারতের বিরোধী দলগুলি নয় বলা উচিত ছিল কালোটাকার কারবারী কিছু ভারত বিরোধী নপুংসক দল বনধ ডেকেছে ।,0,1,0,0,0,0
মাঝখানেরটা ছেরা না ছেরি কিছুই বোঝা পারতাছিনা চুতমারানীর পোলা তুই যেই ভাবে তাকায় আছোস মনে হয় জীবনে এত বড় দুধ দেখোস নাই,1,0,0,0,0,1
"রাতে বিরাতে ফোন আসে... আমি ঘুমের ঘোরেই বউকে বলি, “শিওর থাকো রক্তও লাগবে দেখে ফোন করেছে”",0,0,0,0,0,0
"এই খাংকি লগে আরিপ্পা বাইঞ্চুদের সেক্স ভিডিও আছে
নডির পুতের নুনু যে বড় মাগী চিল্লানি দেখে বুঝতে পারছিলাম",0,0,0,0,0,0
"রানু দি তোমাকে প্রনাম, রানু দি মধ্যে পাকিস্তানের প্রধানমন্ত্রীর কিছু গুনগুন আছে, যেটাকে বাঙালীরা অহংকারী বলে",0,1,0,0,0,0
"বাইঞ্চুদ, আর্জেন্টিনারে কুফা লাগাইতো দিলি সাথে আবার আর্জেন্টিনার পুটকি ডাও মাইরা দিলি। এমনিতেই আধামরা অবস্থা, তার উপ্রে তর লগে জার্সি পড়া ছবি, 
বিদায় আর্জেন্টিনা।",1,0,0,0,0,1
"চট্টগ্রাম জেলা আইনজীবী সমিতির সাধারণ সম্পাদক আবু হানিফ বলেন, আদালত থেকে টাউট-প্রতারক উচ্ছেদে আমাদের অভিযান চলমান আছে।  আটক নারীর বিরুদ্ধে মামলা দায়েরের প্রক্রিয়া চলছে।",0,0,0,0,0,0
‘এই কাগজজজ’ বা ‘এই মুরগিইয়াহ’ বলে যে রাস্তায় রাস্তায় বেচা-কেনা করে তার এই মুহূর্তে জেলির বেশী দরকার... আমার ঠোটের থেকে,0,0,0,0,0,0
কুত্তার বাচ্চা তোর মুখের ভাষা ঠিক কর । তারেক কি বলবে কি বুঝবে । তুই শালা বাটপার ।,1,0,0,0,0,1
তবে ইদানিং আমার প্রবলেম ‘গাড়ি কোথায় পার্ক করেছি’ তে আঁটকে নেই... আরও মারাত্মক,0,0,0,0,0,0
নামাজ সত্যিই শান্তি বিলায়মেসেজটা খুব ভালো লাগছে বাইআমাদের সবার দিনে রাতে ওয়াক্ত নামাজ আদায় করা উচিৎ এদের মন মেজাজ আর সব থেকে বড় কথা আল্লাহ খুশি হন,0,0,0,0,0,0
এরকম একটা নাটকের গল্প লেখতে সবাই পারে নাঅনেক অনেক ধন্যবাদ আপনাকে জানাই পরিচালকের,0,0,0,0,0,0
তুই বি এন পিকে চোর বল ডাকাত বল তাতে আমার কি আসে যায়। তোদের এই একটা সমস্যা। তোদের বিরুদ্ধে কেউ কিছু বললে রাজাকার আর বি এন পি হয়ে যায়। তোদের হিস্টোরি সবাই জানে দালালি বাদ দিয়ে ভালো হয়ে যা,0,1,0,0,0,0
"বহুদিন ধরে বহু পথ ঘুরে বহু ব্যয় করে বহুদেশ ঘুরে, দেখিতে গিয়াছি বাইঞ্চোদ, দেখিয়াছি কত নটির পোলা, দেখা হয়নাই চক্ষু মেলিয়া ফেসবুকে মডেল আরিপ্পা লেখিয়া এ কেমন ল্যাওড়াবিহীন মাদারী, এ কেমন বান্দীর চ্যালা ?এ কেমন খনকি নডির পোলা?",1,0,0,0,0,1
একবার জার্মান এক মেয়ে হাই জাম্পে ওয়ার্ল্ড রেকর্ড গড়ল... ৩ দিন পর জানা গেলো সে আসলে মেয়ে না... ছেলে... ছেলেও না তাগ্রা পুরুষ,0,0,0,0,0,0
করোনাভাইরাস মনে হয় খুবই ধার্মিক তাই তাদের মসজিদে আনাগোণা বেশি তাই মসজিদে বিশ জনের অধিক নয় আর এদিকে মঙ্গল শোভাযাত্রা অধার্মিক ভণ্ড লোকদের বলে দুইশ জনের অধিক হলে সমস্যা নেই কারন সেখানে করোনাভাইরাস যায় না,0,0,1,0,1,0
নিঃসন্দেহে আখম হাসান বাংলাদেশ ওয়ান অফ দা বেস্ট অ্যাক্টর আ খ ম হাসানের নাটক গুলা দেখতে ভালো লাগে কার কার,0,0,0,0,0,0
আলহামদুলিল্লাহ্‌ ভাইয়া আমি আপনার সব গুলো নাটকই দেখি নামাজ এর কথা এভাবে মাঝে মাঝে বললে খুসি হবো,0,0,0,0,0,0
"উষ্কানি মুলক কথা বলে সম্প্রিতির বাংলাদেশে বিশৃংখলা সৃষ্টি করাই এদের আসল উদ্দ্যেশ্য ,",0,0,0,0,0,0
অ্যানাল ইন্টারকোর্সের আগে ভচের রেকটামটা ভালো করে পরিস্কার করে নিতে হবে। না হয় তাবিজ্জার পেনিসের মাথায় মাথায় ঘু হয়ে যাবে। তারপর একটু করে ভচের পোদে লুব্রিকেন্ট লাগিয়ে চোদাইতে হবে। না হয় ভচ কস্ট পাবে।,1,0,0,0,0,1
এখন সেই অবিশ্বাস থেকে আপনি তো কারও গালে পেট্রোলিয়াম জেলি লাগিয়ে দিয়ে আসতে পারেন না,0,0,0,0,0,0
"...আইনশৃঙ্খলা বাহিনীর লোক যে এতো সুন্দর করে হাসি দিতে পারে, আমার জানা ছিল না",0,0,0,0,0,0
... সেই ছোটবেলায় শুনে আসা ‘রাখাল বালকের’ স্টোরিটা আমি কপি পেস্ট করে কিছু ক্যারেক্টার চেইঞ্জ করে মেরে দিয়েছি... হুট করে মাথায় কিছু আসছিল না তাই এই গল্প বানিয়েছি,0,0,0,0,0,0
বাংলা নাটক গুলা এমনি হওয়া উচিত সালাত আদায়ের ব্যাপারটাও বেশ ভালো লাগলো আর নিশো ভাইকে এই বিষয়ে চরম মানিয়েছে,0,0,0,0,0,0
ধন্যবাদ পরিচালক ও আফ্রান নিশো ভাই কে এ রকম একটি নাটক উপহার দেয়ার জন্ন্যে আর নামাজের দাওয়াত দেয়ার জন্য আসুন আমরা ৫ ওয়াক্ত নামায পড়ি ও জীবনকে সুন্দর করি,0,0,0,0,0,0
সময় শেষ হয়ে আসছে শ্রাবন্তীর জামাইয়ের পুদানি  খেতে হবে এখন।,1,0,0,0,1,0
আমার জীবনে দেখা সেরা একটি নাটক নাটকটি দেখেছি আর কেঁদেছি কিছুটা আমার জীবনের গল্পের সাথে মিল আছেযিনি এই নাটকটি লেখেছেন তাকে অসংখ্য ধন্যবাদযারা তাদের অভিনয়ের মাধ্যমে কাহিনীটি ফুটিয়ে তুলেছেন তাদেরকে ও ধন্যবাদ,0,0,0,0,0,0
অসাধারননাটকে যেই রিসোর্ট টায় ঘুরতে গিয়েছে সেটা কোথায়কেউ জানলে বলবেন প্লিজ,0,0,0,0,0,0
"এক সাগর রোহিঙ্গাদের পাতলা গু এনে তোর পিছনের ফুটায় পাইপ দিয়ে সেট করে দিব, তোর হা করা মুখ দিয়ে ফিল্টার হয়ে বের হয়ে নাফ নদীতে গিয়ে পরিশোধিত পানি পরবে",1,0,0,0,1,1
পোডার পো পোডার পিচনের পকেটে ভাল করে খেয়াল করে দেখেন তো পকেটের মধ্যে কি ঢুকাইয়া সাগর পারে ঘুরে বেড়ায় তাও আবার লাল কালা মিশ্রিত একটা শিম্পাঞ্জীর সাথে,0,0,0,0,0,1
"দুইমাসের বাচ্চারে যে মা দুধের অভাবে লবণ খাওয়াইতে বাধ্য হয়... সে যে দুধ পায় না, সেই দুগ্ধ যায় কোথায়?",0,0,0,0,0,0
"ভার্সিটি পড়–য়া দামড়া বফের সাথে প্রথম রুমডেট স্বার্থকভাবে সম্পন্ন করার পর ১৬ বছরের নিব্বা তাদের বন্ধুকে বলছে, এত্ত বড়",1,0,0,0,1,0
চীন তো আমাদের সত্যিকারের বন্ধু আর ভারত তো আমাদের শত্রু চিরশত্রু কাজেই আমাদের শক্তির উপর ভরসা করে লাভনাই উপকার যদি করতেই হয় তবে চীনকে করব মালাউনদের নয় কথাটা মনেরাখিস,0,0,1,0,0,0
তার মায়ের ভারতের কোন পাতিতালয়ের পসল ৷ শালা মলাউনের বাচ্চা ৷,1,0,1,0,0,1
"আমরা মনে করি, মুসলিম মৌলবাদীদের চাপাতির কোপ খাওয়ার ভয়ে ক্ষমা চাচ্ছেন। ক্ষমা চেয়ে যে কথাগুলো বলছেন সেটা আপনার মনের কথা নয়। ফ্রিডম অফ স্পিচ পশ্চিমা দেশে এবং ভারতে আছে। আপনার নিরাপত্তা বিঘ্নিত ও জনপ্রিয়তা হ্রাস পাওয়া নিয়ে বিষন্ন হবেন না।",0,0,1,0,0,0
"কি কইতাম,, পোষ্ট কারি অমানুষটারে,,,,জুতা দিয়ে পিটাইলেও জুতার অসম্মান হবে,,",0,0,0,1,0,1
অসাধারন একটা নাটকইউনিটের সবাইকে অনেক ধন্যবাদ আর নিশো ভাই আর তিশা তো খুবই চমৎকার অভিনয় করছে,0,0,0,0,0,0
তোরে জুতা দিয়া পিডামু কখনো পাইলে।দূর থেকে হলেও জুতা মারমু।,0,0,0,1,0,1
দুঃখের বিষয় নাসিরনগর হিন্দু সম্প্রদায়ের উপর ভারতের পররাষ্ট্রমন্ত্রি বিবৃত প্রদান করলেও রোহিঙ্গা গণহত্যা নিয়ে কিছুই বলেন নি ।,0,1,0,0,0,0
আমার লাইপে আমি কখন নাটক দেখে কমেন্ট বক্মে কিছু লিখি না কিন্তু এই নাট টা দেখার পরে লিখতে বাত্যা হলাম কারন পূথিবিতে ভালোবাসা অমর যার মূল্যা অনেক অনেক বেশি,0,0,0,0,0,0
অসাধারণ হয়েছে নাটক টা আফরান নিশো ভাই একটা জিনিস অভিনয় জগতে সেরা,0,0,0,0,0,0
নাটকটি মনে হয়েছিলো অনেক ভালো হবে তবে শেষে মনে হইলো এই নাটক দেখলে মানুষ অারও বেশি নষ্ট হবে বিয়ের পরও মোবাইলে অার এক প্রেমিকার ছবি রাবিশ,0,0,0,0,0,0
খুন করার পর তার হাতে একটা তিমি মাছ আইকা দিস যেন মনে হয় ব্লু-হোয়েল গেম খেলতে খেলতে মরছে,0,0,0,0,0,0
খুব খুব খুবই ভাল লেগেছে অসাধারণ ছিল অভিনয় আর সাথে গানটাও,0,0,0,0,0,0
যদি ঘুরে দেখে নজু বেক্কলের মতো সিদল হাতে নিয়ে তাকায় আছে তার দিকে?,0,0,0,0,0,0
তারপর থেকে আকাশ ভরা তারা বাঁশের বাগান কপালে জুটতে থাকলো,0,0,0,0,1,0
বালের দল আমার এই শ্রীলংকা নাচাইয়া ত্রিদেশীয় ট্রফি জিতলো মিরপুরে বসে এখন টেস্টেও সেই নাচায় !,0,0,0,0,1,0
খুব ভালো লাগছে আমাকেজিবনে আরেক্টা এক্সপেরিয়েন্স পেলামধন্যবান সুন্দর এক্টা নাটক উপহার দেওয়ার জন্য,0,0,0,0,0,0
"দেশের রাজারকার গুলি এই ভারতকে বন্দু বলে মুলোত এরাই রাজাকার ও পাচাটা গুলাম,",0,1,0,0,0,0
আপনারা মামা ভাগ্নে আপনারা ঠিকই আছেন দেশের জনগণের গোয়া মারা সারা,1,0,0,0,0,0
আমি নিজেই জানি যে সাবান দিয়ে হাত ধুতে হয়... কিন্তু ট্রাস্ট মি আমি কোনদিন ভাত খেতে বসার আগে সাবান দিয়ে হাত ধুই না,0,0,0,0,0,0
"ধর্মের রাজনৈতিক ব্যবহার প্রশ্নে সুমনের কথা-ধর্মের বড় অংশের যে প্রায়রিটি সেটা আওয়ামীকে দিতে হবে,গনতান্ত্রিক নয়।",0,0,1,0,0,0
এই স্বল্প সময়ে জীবনের শুরু থেকে শেষ পর্যন্ত প্রদক্ষিণ করলাম বাস্তবধর্মী খুব সাধারন আর জীবনের রঙ মেশানো নাটক একটা এক কথায় অসাধারণ,0,0,0,0,0,0
তোরা কি আর কোনো খবর খুজে পাস না এক জিনিস কতোবার দ্যাখাবি,0,1,0,0,0,0
শেয়ার শব্দটা শুনতে ওড লাগতে পারে... কিন্তু ব্যাপারটা আমি ইচ্ছে করেই পাবলিক লিমিটেড কোম্পানি টাইপ বুঝাতে চাচ্ছি,0,0,0,0,0,0
আজ ভারতে ট্রেন দুর্ঘটনায় মাত্র জন মানুষ মারা গেছে সেটা টিভি চ্যানেলগুলি কার আগে কে সম্প্রচার করবে প্রতিযোগিতা।,0,1,0,0,0,0
অসাধারণ পরিচালকআফরান নিশো ও তানজিন তিশা কে অনেক অনেক অভিনন্দন,0,0,0,0,0,0
অসাধারন নিশ ভাইশাকিব খান যদি ঢালিউডের রাজা হয় তাহলে আপনি হলেন বাদশা,0,0,0,0,0,0
আশরাফুর বিষয়ে অতি বাড়াবাড়ি করে ওর জীবনটাই নষ্ট করিয়েছে এই প্রথম আলো। অথচ এরচে হাজারগুণ বড় ঘটনা করেও ভারতের ধোনি রায়নারা খেলে যাচ্ছে,0,1,0,0,0,0
"আমাদের উচিত বিদেশীদের কাছে দেশকে এভাবে তুলে ধরা, ‘বাংলাদেশে গেছো? হেড মাসাজ নাওনি? বলো কি? তোমার তো লাইফ বৃথা’",0,0,0,0,0,0
"দেখ খানকিরপোলা তুই পারস নাই, ফাহিম ঠিকই পারছে বড় করতে",1,0,0,0,0,1
মালের যে  সাইজ হয়েছে তাতে মনে হচ্ছে পেকে পুরো ফেঁটে যাবে,1,0,0,0,0,0
এই তোর লজ্জা নাই।আল্লাহ তোরে হেদায়েত কবে দিবে আল্লাহ জানে,0,0,1,0,0,1
সাভাবিক ভাবে বাংলা নাটকে নামাজের দৃশ্য দেখা যায়না তো এখন দেখে ভালো লাগছে আর টুপিও ভালো লাগছে,0,0,0,0,0,0
এমন একটা দেশ যেখানে একই ব্যান্ড পার্টি একদিন ‘এলো রমযানের এই রোযার শেষে...’ বাজায় তো  ক্রিসমাসের সময় আবার এই তারাই ‘জিঙ্গেল বেল জিঙ্গেল বেল’ বাজায়,0,0,0,0,0,0
ভারতীয় সেনাছাউনীগুলো কি খুবই অরক্ষিত নাকি তারা সঠিক ভাবে দায়িত্ব পালন না করে সবাই এড়িয়ে যাচ্ছে?,0,1,0,0,0,0
আল্লাহ কোনো খুনি হিসেবে ইহকালে শাস্তি না দিয়ে পরকালে শাস্তির বিধান বলবৎ রেখে... নইলে নিজেদের জামিন প্রদান থেকে দায়মুক্তি পেতো.. দেখেছো তো মহারাজ?,0,0,0,1,0,0
"যে লোক, ১৫ বছর ঘুমায়ে কাটাইসে... আড়াই বছর জ্যামে এদিক ওদিক তাকায়ে কাটাইসে... একে মেচিউরড বলাটা কিছুটা বোকামি না?",0,0,0,0,0,0
এক কথায় অসাধারণ নাটক নামাজ এর প্রতি ভালবাসা প্রকাশ করার জন্য ধন্যবাদ,0,0,0,0,0,0
আমার দেখা এই বছরের সেরা নাটকআরিয়ান ভাইয়ের নাটক আমার প্রিয়,0,0,0,0,0,0
মিজানুর রহমান আরিয়ান ভাইয়া তুমি পারো আমাদের মন জয় করতে থ্যাংকস এ লট মিজান ভাইয়া তোমাকেতোমার কাছ থেকে আমরা এরকম নাটক রসা করে পাব যেআফরান নিশো ভাইয়া মেহজাবিন আপু তোমাদেরকে অসংখ্য ধন্যবাদ এত সুন্দর অভিনয় করার জন্য,0,0,0,0,0,0
ভালো লাগলো তবে বেসি ভালো লেগেছে নামাজের দাওয়াত দেওয়া দেখে আসুন আমরা সবাই সালাত কায়েম করি এবং অন্যকে ও সালাতের দাওয়াত দেই,0,0,0,0,0,0
জানিনা যদি কোনদিন সামনে পাই সেদিন মনে যা রাগ আছে সব মিটিয়ে নেবো,0,0,0,1,0,0
এক কথাই অসাধারণ লাষ্ট টুকু দেখে কান্না চলে আসছিলো এগিয়ে যাও নিশু ভাই তিশা আপু,0,0,0,0,0,0
দাদা আপনি খুব ভালো কথা বলেছেন রানু মন্ডল কে পুনরায় বাটি হাতে দিয়ে স্টেশনে বসানো হোক,0,0,0,0,0,1
ছাত্র রাজনীতি বন্ধ না করলে শোনার বাংলাদেশে শোনা খুঁজে পাওয়া যাবেনা এটাই সত্য,0,0,0,0,1,0
স্টিয়ারিং ঘুরিয়ে ঘুরিয়ে একবার সে এদিকে যায় তো একবার সে ওদিকে যায়...,0,0,0,0,0,0
দুষ্ট খানকির মেয়ে সালা তুই কই আমি মিথ্যাবাদীদুষ্ট মেয়ে সালা তুই কই আমি মিথ্যাবাদী,1,0,0,0,0,0
"খুশি হতেন তার চরিত্রগুলো বইয়ের পাতা ফেড়ে মাঠে নেমে এসেছে দেখে না... খুশি হতেন, তারা কোনোদিনই আর বইয়ে ফিরে আসবে না দেখে",0,0,0,0,0,0
অসাধারণ কাজল আরেফিন অমি ভাই আর নিশো ভাইয়ের অভিনয়ের তারিফ নাই করলাম নিশো ভাই ইউ বিউটি,0,0,0,0,0,0
"সুমন সাহেব একজন নতুন ধন্দবাজ আওয়ামী লীগ।  জাতে মাতাল তালে ঠিক, সুমন তালে ঠিক  আওয়ামী লীগ।",0,1,0,0,0,0
"ছোটবেলায় ভাবতাম সাদা পোশাকের পুলিশ মানে, ‘চিত্রনায়ক জসিমের মত সাদা রঙের শার্ট প্যান্ট স্যুট বেল্ট মোজা টাই ... এমনকি জুতাও সাদা পরা থাকবে’",0,0,0,0,0,0
এই রাষ্ট্রীয় সন্ত্রাসের শেষ কোথায়? মা-বাবার সামনে থেকে তুলে নিয়ে শিবির নেতাকে হত্যা,0,1,0,0,0,0
নাটক টা ভালোই লেগেছিলো তবে মন টা অনেক খারাব করে দিলো আমার,0,0,0,0,0,0
"মিথিলাকে বলতে চাই, যখন এই বিয়ে আবারো ভাঙবে তখন আপনি কোন চিন্তা না করে সোজা জামালপুরের ডিসির কাছে চলে যাবেন",0,0,0,0,1,0
ভাই আপনার আর আপুর নাটক গুলা অনেক সুন্দর ভাই আপনি এ সেরা,0,0,0,0,0,0
রাব্বানী সলারা নিমুকখারাম আগে আওয়ামী লীগের সবই জানত লাগত মজিবের ছেলে আর এখন পত যাওয়ার কারনে এখন তাদের বদনাম,0,1,0,0,0,0
এই রোদ্রের মধ্যে বিচিতে লবন দিয়া চিত করে রাখলে বুঝবে,1,0,0,0,0,1
আমি অপূর্ব ভাইয়ের অনেক নাটাক দেকেচি তবে কিচু কিচু নাটক অনেক অনেক ভালো অসাধারণ,0,0,0,0,0,0
মাথার ঘাম পায়ে ফেলে মেয়েদের ইনবক্সে জানু সোনা মনা বলে খেটে আসা ভাইদের জানাই মে দিবসের শুভেচ্ছা এগিয়ে যান ভাই রাজপথ আপনাদের,0,0,0,0,1,0
উনি ভুরূ কুঁচকে দুই হাতে গ্লুকোজের বক্সটা ধরে “গেইটটা ধরেন গেইটটা ধরেন” বলতে বলতে সবাইকে ধাক্কা দিতে দিতে লিফটের ২ এ নেমে গেলেন,0,0,0,0,0,0
জন্মদিনের উপহার হিসেবে তাকে নাসির সিন্স কে দেওয়ার জন্য অনুরোধ জানাচ্ছি,0,0,0,0,1,0
ইসলামের বিরুদ্ধে নানা রকম টক শো আর রিপোর্ট তৈরি করা ৭১ টিভির চোদনে থাকা দায়,1,0,1,0,0,1
সত্যি নিসো ভাই এর নাটকে আমি মুগ্ধখুব সুন্দর অভিনয় করেননাটকটি আমার ভালো লেগেছে,0,0,0,0,0,0
মমতাজকে বেস্যা ভাতা দেয়া উচিত। কে কে একমত লাইক দিন।,1,0,0,0,0,1
"কেন তাদের যন্ত্রণার উপর লবন ছিটাচ্ছেন? পেটের দায়ে গরীবের টাকা চুরি না করে,  দেহ ব্যাবসা করে লোফারদের থেকে টাকা অর্জন করছে এতে আপনার কি আসে যায়",0,1,0,0,0,1
"... কি বুঝলো জানি না, ৩ জন মাথা ঝোঁকাতে ঝোঁকাতে চলে গেলো",0,0,0,0,0,0
বাংলা নাটক অফ দা ইয়ারশামীম ভাইয়ের অভিনয়ে মাজা পাইছি বহুত,0,0,0,0,0,0
যে হাসানুল হক মানুষকে রাজাকার বলবে তার দাঁত টেনে ঢেকে ফেলবেন ।,0,0,0,1,0,0
নিজেরে মিউট করে রাখার কোনো পদ্ধতি থাকলে জানাবেন ! এইসব কলিকাতা হারবাল মার্কা টোটকা চিকিৎসা কামে দিত না !,0,0,0,0,1,0
কিছু বলার নেইশুধু একটা কথাই বলবো যে অসাধারণ সত্যিই অসাধারণ,0,0,0,0,0,0
... জানি না প্রোগ্রামের জাজ আমার মেয়ের সাজ দেখে কেমন মার্কস দিবেন,0,0,0,0,0,0
"মেশো মশাই খতম করার আগে লুটপাট চলছে, চলবে ৩৪৩ কোটি টাকা থেকে বাড়িয়ে বাজেট হয়েছে ১২ শ কোটি টাকা",0,0,0,0,1,0
অমি ভাইয়া কাজ টা ভালো ছিলো বরাবরের মতই অসাধারণ ছিলো নিশো ভাইয়া তিশা আপি পলাশ ভাইয়া ইউ বিউটি,0,0,0,0,0,0
"আয় আয় মারবো না, এই প্রতারণার শিকার কে কে হয়েছিলেন?",0,0,0,0,1,0
"গ্রেপ্তারের হুংকার দেখিয়ে লাভ নাই, জেল, জুলুম ভয় করি না",0,0,0,1,0,0
হাবিবুল বাশার আমিনুল রফিক যিনি দলেই চান্স পাননি তিনি প্রধান নির্বাচক ।,0,0,0,0,1,1
"জানিস আমি আপনার ভাইকে ভালোবাসি ওকে তো বিয়ে করতেই চাই, আয় তোর বাড়ি নামার সময় হইছে",0,0,0,1,0,0
এর পর হয়ত দেখবো জন্ম নেয়ার কারণে খালেদা জিয়া ও তার পরিবারের অন্য সদস্যদের বিরুদ্ধে মামলা হয়েছে,0,0,0,0,1,0
"একে একে সব আচুদারা ছেলেবেটি হয়ে যাচ্ছে, তুই এখনো আচুদা রয়ে গেলি",1,0,0,0,0,1
সব জাইগা রেন্ডিয়া যারজ দের উতপাত। লাথথি মার সবাই। বের করে দে ফেসবুক থেকে।,0,0,0,1,0,0
কবিতা শালিকে রেখে ভাল করে চুদাতে পড় । কাদে নিও না,1,0,0,0,0,0
"শুধু এটা বুঝতে পারছি, আজ থেকে কেউ জিজ্ঞেস করলে বলব, “আমার বয়স ১৯”",0,0,0,0,0,0
"ফেলানীর লাশ একটি মানচিত্র, যা প্রতিদিন আক্রান্ত হয় হায়েনাদের দ্বারা",0,1,0,0,0,0
"আমার ফ্যাকাল্টি জানা লাগবেনা, কোন সুন্দরী ক্লাসমেট থাকলে অন্য কথা :-P",0,0,0,0,0,0
"বন্ধু যাতে পর্ণ না দেখে সে জন্য আমাকে দায়িত্ব দিয়েছে তার গার্লফ্রেন্ড, আর তাকে পর্ণ দেখিয়ে মিটি মিটি তাকাচ্ছি",1,0,0,0,1,0
"ধর্ম ধর্ম করে তোরাই এই দুনিটাকে নরক বানিয়ে রেখেছিস, অন‍্য ধর্মের মানুষদের সঙ্গে  তোরা মিলেমিশে চলতে পারিসনে ।",0,0,1,0,0,0
"কেউ পয়েন্ট আউট করলে কটমট করে উত্তর দিলাম, ‘আরে নাহ আব্বা বয়স কমাইসে... আসলে আমার এতো’",0,0,0,0,0,0
"মালয়েশিয়া ও ইন্দোনেশিয়ায় রামায়ণের নাট্য রূপান্তর করে,ওদের নোটের ওপর গড়ুরের ছবি ছাপা হয়ে থাকে,তাহলে ঐ দেশগুলোর লোকও কাফের।",0,0,1,0,0,0
"মমতাজকে মান্দার গাছে বেঁধে,উরাধুরা পিটাইতে পারলে মনটাকে সান্ত্বনা দিতে পারতাম",0,1,0,0,0,0
"সে বলল ‘আমরা কাজ শুরু করার আগে ভেবে নেই সে আমার বাচ্চা... বাচ্চাকে ঠিক যেভাবে আলতো করে আদর বা ট্রিটমেন্ট দিতে হয়, আমরাও সেভাবে করি’",0,0,0,0,0,0
"থানায় চলছে অঘোষিত রিমান্ড, আইন-শৃঙ্খলা বাহিনীই মানছে না আইন এ কোন বর্বর রাষ্ট্রে বাস করছি আমরা?",0,1,0,0,0,0
"এই পুরানো আতঙ্ক, নতুন বছরকে যেন অসুন্দর না করে দেয়",0,0,0,0,0,0
"তারপর, সব এলাকার মানুষেরা তার ওয়ার্ডকেও সেই বাংলাদেশ বানাতে নিজেরাই উঠেপড়ে লেগে যাবে",0,0,0,0,0,0
"আমরা ট্র্যাফিক জ্যামের দিকে আঙুল তোলা বান্দারা, সেদিনও আঙুল তুলে যাব",0,0,0,0,0,0
"গুরুদেব বিয়ের আগে এক বিছানায় ঘুমালে কি পাপ হবে? ঘুমালে তো পাপ হয় না, কিন্তু তোরা তো ঘুমাবি না",0,0,0,0,1,0
"ওকে সেফুদার কাছে ফিরিয়ে দিলে, মনে হয় সিলেট বাগি বাড়িতে রেখে তোমার পাছায় অস্ত্রোপচার করে দশ প্রহর করো তোমরা সবাই যাও... ।",0,0,0,1,0,0
"ঢাকায় শহীদ ইমদাদুল্লাহ ভাইয়ের জানাযায় পুলিশি বাধা, গেস্খপ্তার ৩ জন জানাযাকেও ভয় পায় সরকার",0,1,0,0,0,0
"আর আমার গরু, লাঠি হাতে পিছনে লোক দেখে আরও জোরে দৌড়",0,0,0,0,0,0
"যে বান্দা ভাগবে, সেও জানে যে গুলি তার গায়ে মারা হবে না... কিন্তু তারপরেও পড়িমরি করে ভাগে কারণ, যদি বান্দার এইম খারাপ থাকে! তাই",0,0,0,0,0,0
"...অনেকেই ইদানিং, তাবলীগ জামাত পছন্দ করে না... বিশ্ব-ইজতেমা নিয়ে দ্বিমত পোষণ করে",0,0,0,0,0,0
"যে তোমাকে উঠালো মাথায়, তাকেই মারলে জুতা অতিন্দ্র দাকে নিয়ে বাজে মন্তব্য করলেন কেন রানুদি",0,1,0,0,0,0
"বোবার শত্রু নাই যে কথা বলবে, তাকেই হতে হবে গুম অথবা গ্রেপ্তার",0,1,0,0,0,0
"হাওয়া বোয়া একটু পরে থেমে গেলো যখন দেখা গেলো, টাকা পাঠানোর পর থেকেই মাসুদ সাহেব হাওয়া",0,0,0,0,0,0
"ছিঃ আমাদের সমাজে এরকম মানুষ রয়েছে ভাই বোনের পবিত্র সম্পর্ক টা অপবিত্র করে দিয়েছে, ছিঃ ছিঃ",0,0,0,0,0,0
"ব্যাপারটা বিজ্ঞান, পিক টাইমে আশীর্বাদ... আর অফপিক টাইমে অভিশাপের মতো",0,0,0,0,0,0
"সব কিছুকে নাটকের সংলাপ মনে কর । কেন যে এ রকম গাধা নাটক করার সুযোগ পায়.......সাফা কবীরের গালে গালে জুতা মার তালে তালে,,,,,??????????",0,0,0,1,0,1
কেও কেও বলছে ঢুকতে দাও আমি বলবো বাংলাদেশে একটি রোহিঙ্গা ঢুকতে দিয়েন না ।আর ভারতের কাথা বলছে যুদ্ধের সময় ভারত নিজের লাভের জন্য আশ্রয় দিয়েছিল।,0,1,0,0,0,0
ভারতের শুধু মুখেই বক বক।তাছাড়া যারা কিনা খায় গরুর মূত তারা শুধুই করব ফুৎ ফুৎ।,0,1,0,0,0,0
অনেক ভালো লাগলো কে কে একমত আছেন লাইক দিয়ে জানান,0,0,0,0,0,0
তুই শালা একটা বড় বেয়াদপ। যে আঙ্গুল দিয়ে লিখেছ। সেটা ও রেন্ডিয়া ও মালুর ভাষা। তুই কাডাইল্লা তোর বাবার দেশ পাকিস্তানে যা।,0,1,0,0,0,0
মিজানুর রহমান আরিয়ান মানেই সেরা এই নামটার জন্যই আগ্রহ নিয়ে নাটক দেখি 😊অপূর্ব হোক বা আফরান নিশো সেটা ব্যাপার না😋,0,0,0,0,0,0
মনে হলো ইসলামী নাটক দেখলাম অনেকে ভালো হইসে এক কোথায় অসাধারণ,0,0,0,0,0,0
রানুর মুখের কয়লার জল দিয়ে ঘষে দেওয়া উচিত রানু একটা পাগল,0,0,0,0,0,1
বৃন্দাবন মানেই অসাধারণ কিছুএকদম বাস্তব চিত্র ফুটে উঠে তার নাটকে,0,0,0,0,0,0
"এক্সকিউজ মি, চীনা ভাষা আন্তর্জাতিক ভাষা হবে না। পুরো বিশ্বের মানুষ ইংরেজিতে বলে। প্রয়োজনমতে ইংরেজিতে বলে।",0,0,0,0,0,0
আমার কাছে কথা একটা ওতো কথা বুঝিনা তোমার ভারতকে পাঠাও দেখা যাক কি হয়,0,1,0,0,0,0
ধন্যবাদ আরিয়ান ভাই কে এমন একটি নাটক উপহার দেওয়ার জন্য এবং অভিনয় এর কথা আর কি বলবোনিশু ভাইয়া তো কোন তুলনা নাই অনেক ভালো লাগলো,0,0,0,0,0,0
ঢাকার ভিতরে মৎস্য ভবনের কাজ কি ভাইয়েরা? ঢাকার কোথাও তো মাছ চাষ হয় না,0,0,0,0,0,0
মুরব্বী: বিয়ে করো না কেন? বয়স তো কম হইলো না মাইয়া মানুষ হইলো দুনিয়ায় ভেজাইলা এইজন্যই বিবাহ করি না,0,0,0,0,1,0
মারাত্মক ভয় পাওয়ার মতো কোনও ব্যাপার না ... রোগটা দেখি কম বেশী সবারই আছে :P,0,0,0,0,0,0
"অহরহ এরকম দুর্ঘটনা ঘটছে, আর বারবার সজাগ এই আমরাই হচ্ছি",0,0,0,0,0,0
নুরু ভাই জিন্দাবাদ. এগিয়ে যান আগামী বাংলার প্রধানমন্ত্রি হিসেবে দেখতে চাই. কুত্তালীগের হাত থেকে দেশের মানুষ কে বাচান,0,1,0,0,0,0
নুরু পাগলা ২০১৭ সালে ছাত্রলীগের নেতার সাথে সেলফি তুলার জন্য দোঁড় দিত আর ২০২০ সালে এসে বাংলাদেশের টপ নেতা এটা হাস্যকর।,0,1,0,0,0,1
"কমিশন সচিবের কথা শুনলে মনে হয়, তিনিই প্রধান নির্বাচন কর্মকর্তা ।",0,0,0,0,1,1
নাটক টা অনেক সুন্দর হয়েছে ভাইয়া এবং আপুর অভিনয় অনেক বাস্তবিক,0,0,0,0,0,0
নিশু ভাই এবং তানজিন তিশা সবসময় আমার ফেভারিট জুটি নাটকটা অনেক ভাল লাগল বিশেষ করে নামাজ পড়ার বিষয়টা এবং পবিত্র বন্ধুত্বের সম্পর্কটা এদিক থেকে নাটকটা অনেক ব্যতিক্রম ও শিক্ষণীয় সংশ্লিষ্ট সবাইকে আন্তরিক ধন্যবাদ,0,0,0,0,0,0
মিয়া ফুচকা খাওয়ায়ে আল্লাদি করবেন? দেশ পরিবর্তন করবেন? পার্মানেন্ট কিছু করেন পারলে,0,0,0,0,0,0
জায়েদ খানকে জুতা মারা দরকার একবার বলে ছিনিনা আরেক বার বলে অই যে মিউজিক ভিডিও করে হালা বাইঞ্চহুদ,0,0,0,1,0,1
মাসআল্লাহ সত্যি অসাধারন আমার মনে হয় আজ কাল মেয়েদের এই ধরনের নাটক গুুলি দেখার আমার অনেক ভাল লাগলো একটি মেয়ে পারে একটা ছেলেকে ভাল করতে ভাল রাগতে,0,0,0,0,0,0
দেইখেন ব্রো নিজের পুতের বউরে আবার চুদতে যাইয়েন না এইডা ৬০০+ সাল না জনগণে গণপিটনি দিবো এই যুগে ৬ বছরের শিশুর লগে চুদাচুদি করলে।,1,0,1,0,0,1
কোন ভাই প্রশ্নটা করেছিলো তাকে ধন্যবাদ।।।আমি স্টুডিওতে থাকলে পায়ের জুতা খুলে তার গালে মারতাম।।।সৌন্দয্য আর জনপ্রিয়তা মানুষকে অহংকারি করে তোলে,0,0,0,1,0,1
আপনি কবে হিন্দু জামাতে যোগ দিলেন? আজকাল ত দেখছি তালেবানিতে হিন্দুরা পাকীদেরও ছাড়িয়ে যাবে।,0,0,1,0,0,0
আমার মনে হয় ভারতীয় সেনাবাহিনী পাকিদের ভয় পায় কারন পাকিরা গত পরশু মারলো জন আজ মারলো জন তাও আবার সেনার মাথা কেটে ড্রোন দিয়ে বি এস এফ এর অফিসের সামনে ফেললো এতে বুঝা যায় ভারতীয়রা খালি বাংলাদের সাথে পারে।,0,1,0,0,0,0
আমি ত্রিপুরা থেকে ভাই সে নায়ক কি করে হল ভারতের ফিল্মে তারে জুতা ঠিক করতে ও রাখত না সে নাকি Hero তারে Facebook এ দেখলে আমার হাসি রাখতে পারিনা,0,0,0,0,1,1
কি অপরাধে ভারতে আসা নিষিদ্ধ করা হল? উনি ভারতের নাগরিক। ভারত বড় জোড় নাগরিকত্ব বাতিল করতে পারবে জোর খাটিয়ে এছাড়া ভারতের আর কোনো ক্ষমতা আছে বলে মনে হয়না।,0,1,0,0,0,0
এখন ইফতারির পর দিলে ওদের খানকির বইলা গালি দিতে থাকতাম,1,0,0,0,0,0
শুয়োরের জ্ঞান সীমিত তাই সারাদিন গাঁজাখোরদের মত চিল্লাচিল্লি করতে থাকে।,0,0,0,0,0,1
তোর কি রানুর মত ভাইরাল হতে ইচ্ছে করে? এত সমালোচনা কেন? তুই তো একটা মাগির মত এক্সপ্রেসশন দিস,1,0,0,0,0,1
আরে জানোয়ার তুই ইসলামকে ঘীনা করিছ তা হলে তোর নামের সাথে কেন এখন পোরজনত ইসলাম লাগানো আছে।,0,0,1,0,0,0
এমন দুঃখ প্রকাশ নিয়ে দুঃখ হয়। ভারতে যারা মারা যায় তারা মানুষ আর মিয়ানমারে যারা মারা যায় তারা শুধু মুসলমান,0,0,1,0,0,0
আরিয়ান তুমি কি ভাই এতো সুন্দর নাটক কিভাবে তৈরি করেন ভালোবাসা রহিলো হে পরিচালক,0,0,0,0,0,0
দূত বিচার করবে কারন ভারতের তরবাবাটা টেলা দিছে। নরনদ্রমুদি তর বাপ মাগির পুলা,1,0,0,0,0,1
নাটকটা অনেক ভাল হইছেবিধবা মেয়েদের সমাজে দাম দেওয়া উচিতনাটকটা থেকে অনেক কিছু শেখার আছে,0,0,0,0,0,0
বৃন্দাবন দাস এর কাজগুলো সবসময় ভাল লাগার হয়আর শেখার অনেক কিছু থাকে,0,0,0,0,0,0
ওরে ভাই মালাউন নাপাকের গোষ্ঠী গালি দিচ্ছে ওর দর মুতি খাওয়াতে হবে,0,0,1,0,0,0
সবি ভালো লাগলো কিন্তু অভিনয় আর বাস্তব আমার কাছে একই তাই নিজের বউকে বোন না বানানোই ভালো আর মানুষ সফলতা পেতে বিফলতা ভুলে যায় তাই সফলতার সাথে বিফলাতাও জড়িত সেটা মনে রাখা দরকার,0,0,0,0,0,0
ইসলামে মারে চুদেছে ইসলামে মারে নাভি চুদা ভোদা দুদু ভোদা দুদু চুদি তোদের মাহিলাদের,1,0,1,0,0,1
"বর্তমান সরকার কোন সরকারেই না??জারত সন্তান যে রকম, সেই রকম ও বর্তমান সরকার??",0,1,0,0,0,0
"হাইরে পাকিস্তানের বিজ একটু সম্মান দিয়া কথা বল, তর মা পাকিস্তানের দাশিকে নিজের মেমে বলে পরিচয় দিছিলো",0,1,0,0,0,0
"যতদিন পুলিশ ঢাকার বাইরে টেনে নিয়ে ধর্ষন প্রতিহত করা হবে, তত দিন ওরা শায়েস্তা হবেনা",0,0,0,1,0,0
"অবৈধ সরকারকে আর দেশের জনগন দেখতে চায় না,সবাই অতিষ্ট!",0,1,0,0,0,0
"ওই শালার পোলা মিথ্যে বলিস কেন বুদ্ধ ধর্মের উৎপত্তি কথ সালে আর ইসলাম ধর্মের উৎপত্তি কথ সালে,না জেনে শুনে কথা বলিস কেন ?",0,0,1,0,0,0
নাইচ নাটক অসাধারন বুরো হলে এমনই হয় আল্লাহ কেন এদুনিয়ায় পাঠাল কত মায়া সামি স্এির মাজে মরেগেলে সৃতি ভুলা জায়না সতি,0,0,0,0,0,0
যুগে যুগে তোদের ধর্মগুরুরা পল্টি মেরেছে তোদের ধর্ম ব্যবসা টিকিয়ে একসময় বলতো গাছের প্রান নাই গাছ খাওয়া যাবে যখন প্রমান হলো গাছের প্রান আছে তখন বলে আরে গাছের ইন্দ্রিয় দুইটা কম তাই গাছ খাওয়া যাবে ।,0,0,1,0,0,0
মুসলিম নামের নাস্তিকরা এখন দেখিস না তোর হিন্দু বাপেরা মুসলিমদের প্রকাশ্যে ধর্ষন করলো,0,0,1,0,0,0
"মাহি এবং তার বাবার জামাতের ১,ইউনিয়নের ভোট ও নেই",0,0,0,0,1,1
এখন বলবে এই ম্যাচের হার থেকে শিক্ষা নিয়ে পরের ম্যাচে ভালো কিছু করবো দুই হাজার সাত সাল থেকে শুনে আসছি আমি এই একই কথা আর কতো হারবে আর কতো শিক্ষা লাগবে নিবে জাতি জানতে চায় তোদের কাছে,0,0,0,0,1,0
‘এই এই ছবিতে আমার চোখের পাতি পড়ে গেছে…আবার তুলো’ এই কথা বলার স্কোপ ছিলো না,0,0,0,0,0,0
"হুট্ করে কালবৈশাখী ঝড় আসায়, দুই হাতে লুঙ্গি ধরে রাখতে যেয়ে বেচারার পাগড়ি গেছে উড়ে ...",0,0,0,0,0,0
আপনারা হিন্দুদের মত মাথামোটা নির্বোধ পৃথিবীতে আর এমন কোন জাতি ছিল বলে মনে হয় না।,0,0,1,0,0,0
"লেখাপড়া শেষে যদি কাজ না হয়, আমি রে রিপোর্ট মারুম",0,0,0,1,0,0
কি নাটক বানাইছেন মিয়া শেষ পযন্ত কানদাঁইয়া ছাড়লেন এক কথাই অসাধারণ এমন নাটক আরো চাই,0,0,0,0,0,0
এক্সপ্রেশন দেখে মনে হচ্ছে রমজানের তিরিশ টা দিন অনেক ধৈর্য্য ধইরা ছিলো ৷,0,0,0,0,1,0
৫৩ মিনিট নাটকের মাঝে এত কিছুমানতে পারলাম নাঅনেক সুন্দর নাটক,0,0,0,0,0,0
"জারা তাদের ধর্মগ্রন্থ পরেছে এবং জানে, আপনি এমন কারো সাথে কথা বলবেন না, যে নিজের ধর্মগ্রন্থ পড়েনি, অযথা সময় নস্ট করছেন, এনাদের সাথে বকবক করে",0,0,1,0,0,0
এই ৪ টা নামের মধ্যেই আবার অনেকের ১/২ টা নাম নিয়ে একটু চিন্তায় পড়তে হবে,0,0,0,0,0,0
অসাধারণ একটা নাটক দেখলাম আসলেই নিশু আর তানজিন তিশা জুটি মানেই সেরা জুটি,0,0,0,0,0,0
ভারতের একবার শিক্ষা দেওয়ার দরকার শালারা সব দেশের সিমান্তে গুলি করে মানুষ মারে?,0,1,0,0,0,0
তুই কিসের অভিনেত্রী তোকে তো ভালোই জানতাম কিন্তু তোর মতন নিমোখারাম এবং ইসলামবিরোধী মেয়ে যদি বাংলাদেশে থাকে তাহলে ইসলাম তো ধ্বংস হবে তার সাথে মানুষের ঈমান ও ধ্বংস হয়ে যাবে তোকে যদি জুতা দিতে পিটাতে পারতাম তাহলে ভালো লাগতো শালী,0,0,1,1,0,1
রোহিঙ্গাদের জায়গায় যদি ভারত হত মনে হয় বাংলাদেশ সরকার বর্ডার নয় বরং শাড়ী সহ খুলে দিত,0,1,0,0,0,0
নিবির সাব রোহিঙ্গারা অপরাধ করে আর বাংলাদেশের সকল ফিরিস্তা অপরাধ কি জানেনা তোরা মালাউনের বংশধর অসহায় মানুষের ভাষা বুজার সেই মন তোদের নাই,0,0,1,0,0,0
নাটকের শেষটা এমন হলো কেনোতাহকে কি সবার খুশির বিরুদ্ধে বিয়ে করে নেয়া ঠিকএখানে নায়ক এখনো তার পুরোনো ভালোবাসা ভুলতে পারে নি তাহলে কি সে আরেকটি মেয়ে কে খুশি রাখতে পারবে,0,0,0,0,0,0
শামিম ভাই আপনার অভিনয় দারুন ছিলবাকি সবাই অ ভাল করছে,0,0,0,0,0,0
"জায়গা লিজ নেয়া, রঙ্গিন টিন লাগানো, ক্লাসরুম রেডি করা... সব মিলিয়ে স্কুল তুলতে লাগবে ৬ লাখ টাকা",0,0,0,0,0,0
ঈদ মোবারক সবাইকে দেখি নাটক টা কেমন হইছে আসা করি ভালোই হবে,0,0,0,0,0,0
তাহলে ভররররত কে ঘোষণা করা হউক ধর্ষণের দেশ নস্ট জাতি চোরের জাতি বেজন্মাদের জাতি মালাউন জাতি,0,0,1,0,0,0
তোর চেয়ে অনেক অনেক ভাল শিল্পী আমাদের বাংলাদেশে আছে৷ তুই ভিখার বলে তোকে আমরা ভাইরাল করছিলাম আর তুই এখন নিজেকে অনেক কিছু ভাবিস ফালতু,0,0,0,0,0,1
নামাজের মেসেজ দেওয়া টাই ভালো ছিল আর বাকি নাটক পুরা ফালতু,0,0,0,0,0,0
রামপাল বিদ্যুত কেন্দ্র ভারতের জনগন ই তাদের দেশে করতে দেয় নি পরে বাংলাদেশে করা হচ্ছে,0,1,0,0,0,0
"পরিষ্কার কথা ইলামের নামে যত নাটক চালাচ্ছে তাদেক বিতাড়িত আমি ছাড়ব ইনশাল্লাহ । সাফা কবির কে উদ্দেশ্য করিয়া বলছি ও ভুল করছে সেজন্য তুই ক্ষমা চাইসিস, চেষ্টা বন্ধ করুন",0,0,0,1,0,0
মাদার চোদ কামডা হইলে তোর আয় তুই পাডারপো পাডা কারে জিগাইয়া আকামডা করলি মোরা হগ্গলে আছি কোটা লইয়্যা আর তুই মাদার ঠেক আছস মাইয়াকে বুকে ঘসা দিয়া ছবি পোন্দাইয়া হালা হোগামারা ধনের বাল,1,0,0,0,0,1
মামুনুল হক সাহেব কে যারা রাজাকার বলে তারা সকলে নাস্তিক,0,0,1,0,0,0
এই মূর্খের দেশে এসব কি বলছেন আপনার কি চাকরি আছে এখনো ?,0,0,0,0,1,0
"সে উত্তর দিলো,  ‘আর জীবনে ছাদের অনুষ্ঠানে লুঙ্গি পরমু না ... কানে ধরসি'",0,0,0,0,0,0
"বিয়ের রাতে বিছানা গোলাপ ফুল দিয়ে সাজানো... সাজানোর সময় যে ফুলের পাপড়িগুলো পড়ে গেছে, আমি করলাম কি সেগুলো সিলিং ফ্যানের ডান্ডির উপরে লুকিয়ে রাখলাম",0,0,0,0,0,0
আরিয়ান ভাই সব সময় আপনার নাটকের জন্য অপেক্ষা করিঅসাধারন আর আমি চাই অপূর্ব সব সময় আপনার নাটকে থাকবে,0,0,0,0,0,0
"আমি বললাম, “নজরুল আমি ওই চেয়ারটায় বসি... তুমি দেখে জানাও”",0,0,0,0,0,0
...এরকমও যে ‘মানুষ’ হতে পারে এটাই তো দিনদিন ভুলে যাচ্ছি,0,0,0,0,0,0
একটি অপ্রত্যাশিত সত্য আমাকে দিয়েছিল নতুন এক পৃথিবী ঠিকানা অসাধারণ খুব সুন্দর লাগছে আশ্চর্য এক ভালবাসার কাহিনী,0,0,0,0,0,0
হা হা হা দাদী হাসাইলা দেশে মানুষ মারা জায়া প্রতিদিন এটার কোন খবর রাখোনা ভারতের ট্রেন দুঘটনায়া তোমার খারাপ লাগে জাক বুজতে পারতাছি আপনে দাদী আমাদের কে কত ভালো রাখবেন,0,1,0,0,0,0
এজইফ এই ইন্টার্ভিউতে একটাই প্রশ্ন... এবং এটার উত্তর না পেলে আজকে আমাকে বাসায় যেতে দিবে না... উত্তর দিতেই হবে,0,0,0,0,0,0
"আবে ছালে রানু মন্ডল তো মেন্টাল,  একজন পাগল এর আচরণ তো এমনি হওয়ার কথাঅবাক হওয়ার কি আছে!!",0,0,0,0,0,1
আলোচনায় যুক্ত হতে গেলে নিজের ধর্ম সম্পর্কে জানতে হয়  অন্যথায় বোকা ধর্ম আরো বোকা হয়ে যায়,0,0,1,0,0,0
খুশি আপুর অভিনয়ে চোখের পানি ধরে রাখতে পারলাম না স্যালুট খুশি আপু,0,0,0,0,0,0
ভারতের মারে বাপ ভারত কোন বাল সিমান্ত বাংলাদেশ ও মায়ানমারের কি করবে না করবে তারাই ঠিক করবে। যেখানে সেখানে নাক গলায়।,0,1,0,0,0,0
অসভ্য দেশ ভারত আগে সভ্য হয়ে নিজের দেশের লোকজনকে টয়লেট বানিয়ে কি ভাবে টয়লেট করতে হয় আগে শিক্ষা নেওয়া উচিত,0,1,0,0,0,0
"যদি তোমাকে এই পিস্তলটা ৫ মিনিটের জন্য দেয়া হয়, তুমি কাকে আগে মারবে?",0,1,0,0,0,0
"সাফা কবির একজন নাস্তিক,তাকে জনসম্মুখে জুতা পেটা করা দরকার।",0,0,1,1,0,1
‘কস কি ...তোর দাদা যে সময়ে সাইকেল চালাত সেই সময়ে তো বিডি সাইক্লিস্ট ছিলই না’,0,0,0,0,0,0
অনেক দিন পর আমার সবচেয়ে প্রিয় জুটি নাটকটা অনেক ভালো লাগলো,0,0,0,0,0,0
"অনতিবিলম্বে এর জামাইকে চাকরি থেকে বের করা হবে, এবং অভিযুক্ত সবাইকে সবুজ অঙ্গনে আনা হোক",0,0,0,1,0,0
"৭১ সালে আমরা স্বাধীনতার জন্যে যুদ্ধ করলেও ভারত করেছিল পাকিস্তান ভাঙার জন্যে, এটাই ইতিহাসের কঠিন বাস্তবতা",0,1,0,0,0,0
আমাদের আশেপাশেই আছে আমাদের ‘ঔষুধ না খেতে হেল্প’ করার স্টেপস গুলো,0,0,0,0,0,0
ঐ মালাউনের বাচ্চাকে খালী মাঠে ছেড়ে দেওয়া হউক তার বিচার জনগণ করবে।,0,0,1,0,0,0
"আইন করবেন তো এরকম করেন, এখন থেকে স্কুলে হাতের লেখা প্রতিযোগিতা হতে হবে ... আমাদের সময় তো ঠিকই হতো",0,0,0,0,0,0
লোপা রহমান আমিও ২বছর আগে ইসলামের চু চু করে দিছি চালিয়ে যান একদিন এবং সবার আগে ইসলাম চু চু হবেই,0,0,1,0,0,0
তর বোদা টা কালো হয়ে গেছে আমি তোমার বোদা টা দেখেছি ।,1,0,0,0,0,0
মাশা আল্লাহ্। মহান আল্লাহ্ রব্বুল আলামিন আমাদের নেত্রী আমাদের মা কে নেক হায়াত ও সুস্থতা দান করুন। আমিন।যুবদল ঢাকা মহানগর দক্ষিন।,0,0,0,0,0,0
খুব সুন্দর হয়েছে প্রথম পর্ব টা বেশি ভাল লেগেছিল আইফোন নিয়ে টিউটরিয়াল পেতে আমাদের চ্যানেলে চোখ রাখুন,0,0,0,0,0,0
নাটক টার জন্য যেই পরিমান অপেক্ষা করেছিলাম🙂সেটা সার্থক হলোসব মিলিয়ে অনেক ভালো লাগছে💯ধন্যবাদ আরিয়ান ভাইনিশু ভাইমেহজাবিন আপিএবং পোরু টিম কে,0,0,0,0,0,0
রিয়াজ ভাই তুমি ইভানাকে নিয়ে মুভি করো খুব মজা হবে,0,0,0,0,0,0
নিশো ভাই মূলত বিভিন্ন নাটকে ভিন্ন ভিন্ন চরিত্রে অভিনব ও অনন্য কায়দায় নিজেকে উপস্থাপন করতে পারেন বলেই বাংলা নাটকে এখন পর্যন্ত তিনিই সেরা,0,0,0,0,0,0
আমরা চাই ভারতকে ধ্বংস করা হোক । ভারতের সাহস থাকে পাকিস্থানের সাথে যুদ্ধ করুক । দেখি কীভাবে ভারতের গরু মা ভারতকে রক্ষা করবে ।,0,0,0,1,0,0
এ গাভী টা নিশ্চয় কোন এমপি মন্তির ও প্রশাসনের বড় অফিসার দের খাট কাপায় পাপিয়ার মত।,1,0,0,0,0,0
তাহলে কি আপনাদের ধর্মের নিয়ম এটা যে যদি একজন পরিবারে চার পাঁচ জন ভাই থাকে আর তাদের মধ্যে যদি যে কেউ একজন বিয়ে করলে তাহলে  এটা থেকে সবাই ভাগ পাবে?,0,0,1,0,0,0
খুব সুন্দর নাটক আরফান নিশো ভাইরে খুব ভালো লাগে আমার,0,0,0,0,0,0
প্রায় দুই বছর পর কোনো বাংলা নাটক দেখলাম এক কথায় বলবো অপূর্ব অসাধারণ,0,0,0,0,0,0
"অশিক্ষিত, পাগলী রানু মণ্ডলে  নিজের মনের কথা ঠিকেই বলেছে এখানে আপনার মাথাব্যাথা কেন ?",0,0,0,0,0,1
আমি কোলকাতা এই রকম নাটক দেখিনি আমার অপূর্ব ভাই এর অভিনয় খুব ভালো লেগেছে,0,0,0,0,0,0
অনেক দিন পর ভাল একটা নাটক দেখলাম রিয়াজ ভাই চো নাইস আর ইভানা তো কি বলব কিউট মেয়ে আই লাইক ইউ,0,0,0,0,0,0
অটো চালালেও ঐ খানকির পোলাদের মত খোলা জায়গায় পায়খানা করে পরিবেশ নস্ট করতেছে না,1,1,0,0,0,0
রেন্ডি মালাউন মরলে আনন্দ পায়না যে জন কে বলে মানুষ তারে আম্লিগ সে জন ৷৷৷৷,0,0,1,0,1,0
খুব দেরি করে দেখলাম তবে স্টোরিটা খুবি ইমোশনাল চরম বাস্তবতা ধন্যবাদ বান্নহ ভাইয়া কে এতো সুন্দর একটা স্টোরি তুলে ধরার জন্য,0,0,0,0,0,0
ওরা দুজন আগের জন্মে মুসলমান ছিল এই জন্মে হিন্দু হয়েও ভুলতে পারেনি তাই মাসতুতো ভাই বোন প্রেম করেছে কারন ভাই বোনের বিবাহ মুসলমানদের মধ্যেই হয়,0,0,1,0,0,0
ভালই লাগলো অভিনয় জগতে নাটকে তানজিন তিশা এক রানী সাথে বস তো আছে,0,0,0,0,0,0
আমার মতে ওরে নিয়া এত মাতামাতি না করে ...জুতার মালা দিয়া দেশ থেকে বের করে দেয়া হোক,0,0,0,1,0,1
ভারত যুদ্ধবাজ নয় শান্তিবাজ।আর সীমান্তে বাংলাদেশীদের হত্যা করা তাদের নৈতিক দায়িত্ব।,0,1,0,0,0,0
আরেকজন মহিলা সম্পূর্ণ ইগ্নর করেছে এটা ছোট একটা কাঁটা মনে করে... তার হাতের অবস্থা এখন এটা,0,0,0,0,0,0
(আমরা জুতাটা বাসায় নিয়ে আসিনি... চলে আসার আগ পর্যন্ত কেউ ক্লেইম করছে না দেখে আসার আগে বিয়ের গিফট কর্নারে এটা দিয়ে এসেছি,0,0,0,0,0,0
আফা আপনে এতো কথা শিখলেন কিভাবে আর মনে রাখলেন কিভাবে আমি শিহরিত,0,0,0,0,1,0
হিন্দু ধর্মের কোন  মহিলার স্বামী মরে গেলে ঐ মহিলাকেও জীব্নত পুরিয়ে মারেন আপনারা এটা কি বর্বরতা নয়,0,0,1,0,0,0
"শিব একটা ধর্ষক ছিল, সে ৬০ হাজার কুমারী মেয়েকে ধর্ষণ করেছিল, তাই শিব লিঙ্গ ধর্ষণের প্রতীক।",0,0,1,0,0,0
আপনার নাটক রিলিজ হয়ছে আর এতো দিনেও আমি দেখিনাই এটা ভাবলেন কি ভাবে ।,0,0,0,0,0,0
যদি সিদ্ধার্থ বড় হয়ে তার মাকে চুদে অর্থাঠ সেক্স করে তবে আসিফ ভাই কি মেনে নিবে?,1,0,0,0,0,1
তুই আমার শালি আমি তোর দুলাভাই এতোটুকুই এটার থেকে বাড়াবাড়ি করবিনা ওয়াও ভেরি নাইস এই সময়টা খুবই ভালো লাগছে নিশো ভাই কথার স্টাইলে একদম সাইজ কইরা দিছিলো তিশাকে,0,0,0,0,0,0
রানুর এ জাতিয় কথা গুলো শুনতে খারাফ লাগে এটা সত্য তবে এ সত্য রানু একজন মানসিক রুগি বিষয় টা নিয়ে মাতা মাতি করার চাইতে তাকে বুজিয়ে সুজিয়ে এগিয়ে নিয়ে যাওয়া কোন বেপার নয়,0,1,0,0,0,0
আর বাবার বন্ধুর কোনো ছেলে না থাকায় আজ আমিও সিঙ্গেল,0,0,0,0,1,0
হা মুসলিম মেয়ে চুদতেও মজা।চুদে আবার তুদের দেশে দিয়ে দিব।,1,0,1,0,0,1
২ জনেই পুরা নাটক শেষভাল নাটক করতে এতো বিগ বাজেট লাগেনাএটাই তার প্রমানঅসাধারণ ছিল,0,0,0,0,0,0
সবকিছু ভালো লাগলো কিন্ত এর মধ্যে বড় দেরকে কি করে সম্মান করা উচিত সেটা নেই,0,0,0,0,0,0
হিন্দুত্ববাদী দালাল সরকারের কোন ক্ষমা নাই মসজিদে উঠে মুসল্লিদের মারধর এর চরম মূল্য তাদের দিতে হবে,0,0,1,0,0,0
"বিশটার গায়ে আগে ছেপ পরে পেট্রোল দিয়া আগুন জ্বালাই দেও। আগুন জ্বালানোর সময় কেউ আবার শ্লোগান দিও না, বুঝে ফেললে পালায় যাবে বাঁদরটা।",0,0,0,1,0,1
অপূর্বর অভিনয় অপূর্ব হয়েছে আর অসম্ভব সুন্দর চিত্রনাট্য এই নাটকটা দেখলে মনে হয় আমরা সবাই জীবন নামক রঙ্গমঞ্চের অভিনেতা অভিনেত্রী,0,0,0,0,0,0
"আমি দুর্গা জুতো ছুড়ে মারব, দুর্গার হাতে কি ট্যাটু ছিল?",0,0,1,0,1,0
"আমি যদি আমার প্রতিপক্ষকে সামনেও পেয়ে যেতাম, তাকে শুট করতাম না",0,0,0,0,0,0
রেজাল্ট আসলে দেখা গেলো সেই পুরুষ এথলেটের রক্তে ড্রাগস নেই...,0,0,0,0,0,0
সাধারণ মানুষের জান-মালের নিরাপত্তা কোথায়? যেখানে একজন অধ্যাপকের এই অবস্থা!,0,1,0,0,0,0
কোন আজেবাজে কমেন্ট কমেন্ট বাদ দিন । আপনারা চিন্তাভাবনা করুন এরে বাংলার জমিন থেকে কিভাবে বিতাড়িত করন হয়,0,0,0,1,0,0
একজন নাস্তিকের হৃদয়ে শূন্যতা বিরাজ করে। তার হৃদয় বড়ই অসহায়। একটি জ্বলন্ত মরুভূমি । মসউদের কোনো শান্তি নেই।,0,0,1,0,0,0
যতই মানা করেন... আপনি যেদিকে যাবেন আপনার পিছে পিছে হাজার খানেক মানুষ যাবেই,0,0,0,0,0,0
এগুলো কাট মোললা বলা হয় এরা কি নিজেকে মুসলিম মনে করে জাকির নাকেয় য়ের জুতা টানার মতো জগোতা হয় নাই,0,0,1,0,0,0
“দেশজুড়ে চলতে থাকা এই ন্যাশনাল ইস্যুর সমাধানটা আইসিটি মন্ত্রণালয় করতে পারবে না... পারলে পারবে শিক্ষা মন্ত্রণালয়”,0,0,0,0,0,0
আজকের খুশির দিনেও কাঁদিয়ে দিলি রে ভাইকোলকাতা থেকে অনেক কষ্ট পাঠালাম,0,0,0,0,0,0
"নাস্তিকরা এক জায়গায় আলোচনাতে  থাকেনা ,কোরানের এক জায়গার আয়ুত  অন্য জায়গায় নিয়ে আসেন,এই হলো নাস্তিকদের কৌশল",0,0,1,0,0,0
"নিউ মার্কেটে বাজার শেষ করে খুশিখুশি সিএনজি নিয়ে বাসায় এসে বউকে বলছি, ‘কচুর লতি এনেছি... কেমন ফ্রেশ দেখেছ?’",0,0,0,0,0,0
এতো ভালো লাগলো বলে শেষ করা যাবেনা নিশো ভাই মানেই ভিন্ন কিছু,0,0,0,0,0,0
‘নেক্সট টাইম আসলে মিরপুরের বেকার্স-বে এর পাউরুটি নিয়ে আসবো আপনার জন্য। এমন পাউরুটি খোদ ব্রিটেনেও পাওয়া যায় না’,0,0,0,0,0,0
"বন্ধু যখন প্রেম করে ছেকা খায়, আমি আন্দোলন করমু রাজপথে",0,0,0,0,1,0
ঈদের পর কেনো ? সারাজীবনের জন্য গণপরিবহন বন্ধ করে দেন । মধ্যবিত্ত নিম্নবিত্ত মানুষদের একটা করে প্রাইভেটকার গিফট দেন,0,0,0,0,1,0
"মজবুত চুলের জন্য চাই প্যারাসুট অ্যাডভান্সড, যার বিশুদ্ধ নারিকেল তেল চুলের ৩ স্তর গভীরে গিয়ে চুল করে ভেতর থেকে মজবুত ও সুন্দর।",0,0,0,0,0,0
অন্তত মিথিলা এবং তার বাবার সাথে আপূর্বের এয়ারপোর্টে একবার দেখা হলে আরেকটু ভাল হতনাটক টা অসাধারণ হয়েছে,0,0,0,0,0,0
ভালোবাসা শব্দটা আমার কাছে আজ বড় অসহায় এই আমিই তো তোমাকে বলে ছিলাম তোমার সুখের জন্য সব করতে পারব কিন্তু বুঝিনি তোমার সুখের জন্য তোমাকেই ত্যাগ করতে হবে ভাল থাকুক ভালবাসা অন্যের বুকে,0,0,0,0,0,0
রাজশাহীর পোলা গুলা একেকটা ফজলী আম উপরে ফিটফাট ভিতরে সদরঘাট,0,0,0,0,1,1
যুবকের পুটুর বাল বুকে গেলো কিভাবে ? এটাও কি এক্সারসাইজের কারিশমা কাপুর ?,1,0,0,0,1,0
অসভ্য বর্বর বেহায়া ভোট ডাকাত সকল প্রকার খারাপ কাজের চ্যাম্পিয়ন শেখ হাসিনার সরকারের বিকল্প আর নেই,0,0,0,0,0,0
“চাচা ঠিক কোন দিকে রওনা দিবো বুঝে উঠতে পারছি না...আপনার কি মনে আছে পরার সময় লাস্ট কি দেখেছিলেন?”,0,0,0,0,0,0
"সাক্ষাৎকারে বলে, ‘জিয়া আঙ্কেল খারাপ চাল দেননি... তবে আরও ভালো হতে পারো...উনার ৩০তম চালেই বুঝে গেছি কেমনে জিততে হবে’",0,0,0,0,0,0
অসাধারণ একটা নাটক কার কার নাটক টা ভালো লাগছে এই জুটির ভক্তদের দেখতে চাই,0,0,0,0,0,0
ভারত কাউকে টাকার জিনিস দিতে বার ঢেকুর গিলে পাশাপাশি গুন লাভের হিসেব কশাকশি তো আছেই,0,1,0,0,0,0
শামিম ভাইও পলাশআছে বলে নাটকটা দেখা শুরু করলাম আাশা করি ভালো হবে,0,0,0,0,0,0
দেখেন ভারতে বহু জায়গায় খালি তাই তারা জায়গায় দিছে কিন্তু বাংলাদেশে জায়গায় নাই তাই জায়গায় দিতে পারছি না। থাকলে অবশ্যই দিতাম,0,0,0,0,0,0
যুক্তরাষ্ট্রের কোম্পানী বাংলাদেশের গ্যাসক্ষেত্র বিক্রি করে দেয় চীনের কাছে চেতনা ব্যবসায়ীরা কোথায়?,0,1,0,0,0,0
এই সব পিশাচ দের থেকে একটা একটা করে অঙ্গ নিয়ে নিয়ে গেলেই শাস্তি দিতে হবে তবেই বুঝবে যন্ত্রণা কি ফাঁসি দিলে তারা সহজেই মরে যাচ্ছে তবেই বিশ্বাস করবে কি করে নরকের এই চির জঘন্য পাপ,0,0,0,1,0,0
সব কথা সত্য বলেছেন ভাই হিন্দু ধর্ম বিশ্বাস করার মতো কিছু নাই,0,0,1,0,0,0
এই দিবকর দেবনাথ এর মতন মুর্খ দেখি নাই ধর্মগ্রন্থ মানবেনা নিজের লজিক ই সব,0,0,1,0,0,0
নাটকটি মন ছুয়ে পেলছে কিছু বলার নাই অদ্ভুত এক নাটক,0,0,0,0,0,0
অসাধারন নাটক রিয়াজ ভাইের দেখার মতো আমি ইলিয়াছ হোসেন রাসেল বাহরাইন থেকে ০০৯৭৩৩৩২৫৪৯০৩,0,0,0,0,0,0
আপনি ঠিক বলছেন তবে মোল্লাদের মধ্যে এটা বেশি দেখা যায়,0,0,1,0,0,0
ওর একটা জানোয়ারের কারাগারে থাকার তো অধিকারই নাই এবং তাই ফাসির দড়িতে ঘনটা বাঁধা রাখলে আমাদের শানতি দোষ কি,0,0,0,1,0,0
খুব ভালো লাগলো নামাজ পরার উপদেশ দেয়া নাটক টাও সেই,0,0,0,0,0,0
ভুলে ভুলে জীবনটা শেষ ভালোবেসে কি ভুল আমি করেছি যতটা না কান্দে মানুষ তারও বেশি আমি কেঁদেছি তোমারি হয়েছে বিজয় কাল কেন বিবির বিজয়,0,0,0,0,0,0
রাণু দির মতো তোমাদের প্রধানমন্ত্রী নরেন্দ্র মোদী ও তো চরম অকৃতিজ্ঞ ও অহংকারী ব্যক্তি;যে তিনি চা এর দোকান থেকে আজ প্রধানমন্ত্রী সেইটা ভুলেই গিয়েছেন,0,1,0,0,0,0
চীন কে বা জাপানকে সুযোগ দাও ভারতের বদলে।।। অন্তত প্রতারনা করবে না ।। সাপ বিশ্বাস করা যায় হিন্দুদের না ।।,0,0,1,0,0,0
মহা ভারত যা কিনা আনেক বড় একটা জোড় ছিল তা ব্রিটিশরা আলাদা করে দিয়ে গেছে।,0,1,0,0,0,0
"সব ধর্মে মদ, ব্যভিচার, মিথ্যা বলা হারাম কিনতু আমরা কজনে মানি",0,0,0,0,0,0
উনি যে হেল্পটা করল তা হলো কোথা থেকে জানি একটা লাল টুপি এনে আমাকে পরিয়ে দিয়ে গেলো,0,0,0,0,0,0
এই মাদারচেদ ধোন কাঁটা মোল্লার বাচ্চাদের গুষ্ঠি একদিন পুরো মায়ানমারের মতো সাফ হয়ে যাবে জয় শ্রী রাম,1,0,1,0,0,1
সিরিয়াতে মুসলিমদের জবাই করে হত্যা করা হচ্ছে তখন নাস্তিকরা কোন কিছু বলে না,0,0,1,0,0,0
নাস্তিক লতিফ সিদ্দিকীর ইস্যু ধামাচাপা দিতে এবার ইসলাম অবমাননা করল আরেক নাস্তিক আব্দুল গাফফার চৌধুরী,0,0,1,0,0,0
আফা আমনে মাইনসের কথা শুইনেন না । চালিয়ে যান । আমরাও অপেক্ষায় থাকলাম একটা ভিডুর জন্য । দিয়েন কিন্তু মনে করে । অকে আফা ?,0,0,0,0,1,0
ভালো বাসা কোন কিছু রি বাধা মানে না তুমি প্রমাণ করে দিলে বস,0,0,0,0,0,0
সেরা নাটক এতো দিনন লাষ্ট পেজ টা দেখছি আজকে এই টা দেখলাম অফ জাষ্ট অসাম,0,0,0,0,0,0
"আমি তো নতুন ছবি তুলতাম না, শুধু বলতাম আগের ছবিগুলো ষ্ট্যাম্প সাইজেও প্রিন্ট করে দিতে 🙊",0,0,0,0,0,0
দারুণ হয়েছে নাটকটাঅমি ভাইয়ের নির্মাণের প্রশংসা করতেই হয়নিশোতিশা বর্তমানে অন্যতম সেরা জুটিনাটকের সবার অভিনয় খুবই সাবলীল মনে হয়েছেসব মিলিয়ে নাটকটা এক কথায় অসাধারণ হয়েছে,0,0,0,0,0,0
মালুরা যেন উঠে দাড়াতে না পারে এমন অবস্থা করো। পৃথিবীর সবচেয়ে নিকৃষ্ট লুচ্চা মাদারচোদ জাতি হলো রেন্ডিয়ার মালু ইসরাইলি।,0,0,1,0,0,0
সত্যি ওনেক ভালো লাগলোকিন্তু সবার লাষ্টে মিল হলে ভালো লাগতো র ও,0,0,0,0,0,0
মাল টা টিক আছে চুদলে মজা ই মজা পাওয়া যাবে,1,0,0,0,0,0
মোটামোটা মাগি নিয়া শালা ভালই পোস দিসা । দোয়া করি বড় হয়ে যেন তোর এইডস হয় হালা,1,0,0,0,0,1
তিশার শেষ দৃশ্যের কান্নার অভিনয়টা অসাধারন জীবন্ত একদম মনেই হয় না এটা অভিনয়,0,0,0,0,0,0
মালাউন কা বাচচা ঐ টা হািসনার বাংলা নয় পািকস্তান।আর ঐটা পদ্মা নদী নয়।পািকসতান আম েল ফারাক্কা চালু কর েত পার িছল তোর গো মাতারা?,0,0,1,0,0,0
ভাই তোর সাফল্যের রহস্যটা কি? আমি পর্ণ ওয়েবসাইট ব্যান করি নাই,0,0,0,0,1,0
শালা লুইচ্চা কুহানকার! খালি মাইয়াগোর লগে ঘেঁষাঘেঁষি চুদাও তুমি। ভায়াগ্রা খাইতে খাইতে তো এতদিনে তোমার লেওড়া শুকায়া যাওয়ার কথা। আর কয়দিন খাইলে তোমার বিচি উঠে এসে তোমার দুধের বোটার পিছনে আশ্রয় নিবে।,1,0,0,0,0,1
আপনি যেই হেডিং টা দিয়েছেন রানু মন্ডল কে জুতো ছুড়ে মারলেন কোয়েল মল্লিক সেই ব্যাপার এই তো আপনি কিছু বললেন নাএই সব হেডিং দেওয়ার কোনো মানেই হই না,0,1,0,0,0,0
আরিয়ান ভাইকে অনেক ধন্যবাদ এই নাটকটার সিকুয়েল বানানোর জন্যআপনার পরিচালিত অন্যতম শ্রেষ্ঠ নাটক এটিআর এই ঈদের বেষ্ট নাটকভাইয়া প্লিজ এই নাটকটার প্রিকুয়েল বানাবেনসামনে ভ্যালেন্টাইন ডে অথবা পহেলা বৈশাখের জন্যআপনার প্রতি অনুরোধ ভাইয়া,0,0,0,0,0,0
আরে মালাউনের বাচ্চারা সরাসরি বললেই পারিস জাকির নায়েক তোদের পাছায় লাদেন পটকা মেরেছে।।,0,0,1,0,0,1
"অকশান শুরু হওয়ার আগে, আমি ভলান্টিয়ারদের কানে কানে বললাম, “সব দরজা টাইট করে বন্ধ করো",0,0,0,0,0,0
শিল্পী মডেল রাজনীতিবিদ সম্মিলিত জাতীয়লীগ গতকাল আফগানিস্তানের সাথে শোচনীয়ভাবে হেরেছে । সেজন্যই আসুন দুই মিনিট নিরবতা পালন করি ।,0,0,0,0,1,0
মালাউনদের জন্য এত দরদ কিন্তু মায়ানমার এর মুসলিম নির্যাতন ও গণহত্যার প্রতিবাদ একবার ও করেনি।,0,0,1,0,0,0
নাটকটা ভাল ছিল কিন্তু কিছু কিছুমোমেন্ট আছে জা পরিচালকের মাথায় থাকে না যেমন ১০বছেরের বাচ্চা কি ভাবেকলেজ জেতে পারে,0,0,0,0,0,0
এসব ছবি দিয়ে যুবসমাজ কে বিয়ের প্রতি উদ্ধুদ্ধ করা হচ্ছে তাই না ? এমনিতে শীতকাল চলে তার উপর এই ছবি ধুর কিছু ভাল লাগে না বাই দ্য রাস্তা মানিক ভাইয়ের সালাম নিন । ঠাগ লাইফ,0,0,0,0,1,0
"অহ হে আরিপ মাদারচুদ
যেখেনা তকে দেখিবে কুত্তায় মারিবে তর পোদ।",1,0,0,0,0,1
এটা আবার কোন রাজাকারের উদয় হলো তাও আবার ভারতের মতো রাজ্জে। ঠিক বুজলাম না।,0,1,0,0,0,0
ছোট সময় দেখতাম বড়দের বিয়ে হয় । আর বড় হয়ে দেখছি ছোটদের বিয়ে হয়,0,0,0,0,1,0
"প্রতি বছর ঐ এক কেচ্ছা ভোর ৪ টায় আমার কাঁচা ঘুম ভাঙ্গিয়ে এক মহিলাকে দিয়ে পেঁদানি খাওয়ানো, এটা কিন্তু আমি পছন্দ করি না",0,1,0,0,0,0
বান্না ভাইয়ের নাটক গুলো অসারান এই নাটকটা তার ব্যাতিক্রম নয় বাংলার নাটক কে নিয়ে গর্বকরি স্যতি অসাধারন বাট নাটকটার শেষটা দেখে খুব চিন্তায় পড়েছি আর দু চোখটা টলটল করেছে আর ভালো কিছু আশা করছি,0,0,0,0,0,0
খানকির পোলা মিডিয়ার বাচ্চা। ওরা ঢুকে পড়ছে এইগোলা চোখে পড়ে ওদেরকে মাড়তাছে এইগোলা চোখে পড়ে না । আমি ঘৃনা করি এইসব মিড়িয়াকে যারা অসহায় মানুষের পাশে দারাতে পাড়ে না।,1,0,0,0,0,1
"নৌকা বোঝাই শাপলা চত্ত্বরের লাশ, কোন সাহসে তোরা ভোট চাস?",0,0,0,1,0,0
অনেকদিন পর ভাল কিছু দেখা সম্পূর্ণ বাস্তবতা এমনটাই হয় আমাদের জীবনে,0,0,0,0,0,0
খুভি সুন্দর ছিলো গলপপোটা অপুব্ এবং মিথিলা আপুর অভিনয় খুভি সুনদর ভালোবাসাটা এমোন একটা বিসয় নাটক টা দেখার অপেখায় ছিলাম জাওক দেখেফেলাম,0,0,0,0,0,0
অপূর্ব ভাই আসলেই অনেক মেচিয়োর একজন অভিনেতাআর একটি সত্যি কথা হলো উনি জানেন উনার চরিত্রটাকে কিভাবে ফুটিয়ে তুলতে হবে এনটিভি এবং আরিয়ান ভাইকে ধন্যবাদ এমন একটি অসাধারণ এবং ভিন্নধর্মী গল্পকে সুন্দরভাবে ফুটিয়ে তোলার জন্য,0,0,0,0,0,0
ভাই প্লিজ নাস্তিক বা অন্য ধর্মের লোকদের সাথে দয়া করে এভাবে বিতর্কে জড়াবেন না,0,0,1,0,0,0
আগে আল্লাহর কাছে নামাজ পড়ে কাঁদতে হবে তাঁর মালিকের কাছে এমন ভাবে কাঁদেন আপনাকে মাফ করে দেয়,0,0,1,0,0,0
"খুব পছন্দ করতাম, এখন এই জানোয়ারকে জুতা দিয়া পিটাইতে ইচ্ছা করতাছে",0,0,0,1,0,1
অসাধারণ গল্প কাহিনী স্ক্রিনপ্লে অভিনয় প্রেজেন্টেশন সব নাটক জানি এমন হয়এক কথায় অসাধারণ,0,0,0,0,0,0
"আমি মুচকি হেসে বললাম, “আমরা সবাই সবাইকে উপরে তুলি... এই মেন্টালিটি আমাদের জাতিগত”",0,0,0,0,0,0
ইস মাননীয় অবৈধমন্ত্রীকে যদি তাহারে সাক্ষাতকারের ভিডিওর কমেন্টগুলো দেখাতে পারতাম,0,0,0,0,1,0
সাবাস পাকিস্তান মার মাদারচোদ রেন্ডিয়াকে মালাউনের বাচ্চারা আমাদের দেশটাকে শেষ করে দিচ্ছে,1,0,1,0,0,1
নবি করিম বলেছেন হে মুমিনগন তুমরা মক্কায় এসে কাবা ঘরে তুমাদের মা বোনকে চুদবে ।,1,0,1,0,0,1
উনি সরু চোখ করে সবাইকে ধাক্কা দিতে দিতে ১ তলায় নামলেন... নামার আগেও উঁকি দিয়ে দেখলেন একবার আমাকে,0,0,0,0,0,0
কমেন্ট ডিলেট কইরা লাভ নাই।।।কয়টা কমেন্ট ডিলেট করবা..বুজো নাই পাবলিক কি জিনিস..,0,0,0,1,0,0
ভালো অভিনয় করে রিয়াজ আমার খুব ভালো লাগে তার ছবি আর নাটক,0,0,0,0,0,0
গরুর দাম কমানোর ব্যাপারে সে গরুর এমন এমন খুঁত বের করবে যে স্বয়ং গরুর ব্যাপারীই তব্দা খেয়ে যাবে,0,0,0,0,0,0
মালাউনের বাচ্চা তোদের উপর আল্লাহর লানত তাই তোদের কপালে গরুর মাংস নাই আল্লাহ তোদের জন্য রেখেছেন শুধু গরুর মুএ তাই শুধু মুএ পান কর আর চুপ থাক,0,0,1,0,0,0
বিবিসি বাংলা সাংবাদিক দের ও ইজরায়েলে পাঠিয়ে ওই থেরাপি দেওয়া হোক ।,0,0,0,0,1,0
এইখানে আমি অনেক অনেক কমেন্ট দেখলাম সবাই সিরিয়ালে জয় আর জাহিদ কোন চেটের ভাল অরে জুতা পিঠা করতেছে। আশা করি আমার দুইটা কমেন্ট যেনো তোদের নজরে পড়ে,1,0,0,1,0,1
নিশ্চিন্তে লুটপাট ও অবৈধ শাসন চালিয়ে যেতে একে একে সব তুলে দেয়া হচ্ছে বিদেশিদের হাতে,0,1,0,0,0,0
"কিছুক্ষন জুতা পেটা করাবে, না দেখা কি ঠিকই বের করবে তবে তাতে দেখা যাই থাকে",0,0,0,1,0,0
ভারতের জন্যই যত বেদনা এদিকে লাখ লাখ মুসলমান মারা জাচ্ছে তাতে তার কোন কস্ট হয়না,0,1,0,0,0,0
এই মোল্লার কয়েকটা ভিডিও দেখলাম। কথা উল্টাপাল্টা বলে আর চিল্লায়।,0,0,1,0,0,0
"বেশ কয়েকজন ভালো ফ্যামিলির ছেলেমেয়েদের চিনি যারা ঢাকার মেয়রকে প্রতি সপ্তাহে বিরক্ত করে, উত্তরা থেকে মহাখালি পর্যন্ত রাস্তাটার পাশে একটা ডেডিকেটেড সাইকেলের লেন করে দেয়ার জন্য",0,0,0,0,0,0
এই কুত্তার বাচ্চা ক্ষমতায় আসলে দেশের ইতিহাস নষ্ট করে ফেলবে,1,0,0,0,0,1
এখন আমাদের উচিৎ একটা গণ শোকসভার আয়োজন করে সবাই মিলে একত্রে কান্নাকাটি করা ।,0,0,0,0,1,0
আসলেই কি বলে ধন্যবাদ দেবো আপনাকে সেই ভাষা হয়তো আমার জানা নেই তরপরো বলছি দাদা আপনাকে ধন্যবাদ এমন সুন্দর একটা নাটক উপহার দেওয়ারজন্য নাটক টার শেষ দিকে চোখের পানি আর ধরে রাখতে পারলাম না,0,0,0,0,0,0
অরে খানকির পোলা টুকাইর বাচ্চা দুধের কচি বোটা দেখা যায় ব্রা পর,1,0,0,0,0,1
এটাই সত্য যে বাস্তবতার কাছে আবেগের কোন মূল্য নেই অবশেষে বাস্তবতার কাছে হার মানলো অপূর্বর ভালবাসা টা ধন্যবাদ পরিচালক কে খুব সুন্দর বাস্তবিক নাটক আমাদের উপহার দেওয়ার পরিশেষে বলি খুব সুন্দর ছিল গল্প টা আমি পুরুই ইমোশনাল হয়ে পরেছি,0,0,0,0,0,0
বাংলাদেশের টি ভি অনুষ্ঠান অনেক ভাল কিন্তু আমি ভারতীয় চ্যানেল বেশী দেখি কারন বাংলাদেশের বিজ্ঞাপনের ছড়াছড়ি। বাংলাদেশের চ্যানেলে বিজ্ঞাপনের ফাঁকে ফাঁকে অনুষ্ঠান আর ভারতে অনুষ্ঠানের ফাঁকে ফাঁকে বিজ্ঞাপন। তবে খবরটা দেশীয় যদিও এখানেও বিজ্ঞাপন আছে।,0,1,0,0,0,0
"‘ড্রাইভার সাবে তো ঐ দিকেই যাচ্ছেন, একটু ডপ করে দেন তো’",0,0,0,0,0,0
এই নাটক টা আমার মানসিকতায় পল্টে দিলআমার দেখা জীবনের শ্রেষ্ট গল্প,0,0,0,0,0,0
আকাশে ঘুরে বেড়াচ্ছে রাজাকার নাম দিয়ে যাদের কে হত্যা বা ফাসিঁ দেওয়া হয়েছে তাদের আত্যা। সুতারং উপরেও জটিলতা বাড়ছে।,0,0,0,0,1,0
ওরে বাটপার পাগলের সুখ মনে মনে তোকে আবার পাগলা গারদে পাঠানো উচিত মফিজ ।,0,0,0,0,1,0
আমার ভালোবাসাও তো সত্যি ছিল যদিও আমার কিছু ভুল ছিল কিন্তু তাই বলে এত বড় শাস্তি পেতে হবে কখনো ভাবিনি ভালো থাকুক ভালোবাসা অন্যের বুকে,0,0,0,0,0,0
তোর মুখে জুতা মারা দরকার। তারপর তোর কাছে ক্ষমা চাইলে সব শেষ!এতো সহজ সব?ক্যারিয়ারের ভয়ে এখন আসছে সরি মারাইতে।,0,0,0,1,0,1
ছেলেটা বেয়াদব ২ আবারও ভাল লাগে নাই কিন্তু এইটা সেরা ছিলপুরাই অস্থির একটা নাটক,0,0,0,0,0,0
"নব্বই দশকের বাংলা ছবি, ফুলশয্যা রাত, লাইট অফ , কপালে চুমু, পরের দিন সকাল",0,0,0,0,1,0
ভাই তোমাকে অনেক ভালোবাসি তোমার নাটক একটাও মিস করি না লাভ ইউ ভাই আর হে নাটকের প্রসংশা করবো নাকারণ বরাবরের মতোই তোমার নাটক এককথায়,0,0,0,0,0,0
অনেক দিন পরে এমন একটা সুন্দর গল্প নিয়ে লেখা একটি নাটক দেখলাম মায়ায় আবদ্ধ ভালবাসা গুলা এমন ই হয় দূরে থাকা যায় ভুলে থাকা যায় না,0,0,0,0,0,0
"যে সরকার ইতিমধ্যে সব প্রতিষ্ঠান দলীয়করণ করেছে, সেই সরকারের ব্যক্তিদের দিয়ে নির্বাচন পরিচালনা অসম্ভব ।",0,1,0,0,0,0
টানা পঁচিশ দিনের স্বপ্নদোষের জালা  সইতে না পেরে পুরুষাঙ্গ কেটে ফেললো রংপুরের ফাহিম,0,0,0,0,1,0
ওর গুদের মধ্য মোটা বাশ দিয়ে গূতিয়ে রক্ত বের করে দিতে হবে,1,0,0,0,0,0
"এ আজ প্রমান করে দিল, যে মানুষ খুব তারাতারি উপরে উঠে গেলে মানুষ কতটা নীচ, অহংকার মনের মানুষ হতে পারে ছি,  ছি",0,0,0,0,0,1
সাংবাদিক ছবি তুলতে গেলে তাকে ক্ষুধার্ত ভেবে খাবার এগিয়ে দিচ্ছে যুদ্ধবিদ্ধস্থ সিরিয়ার নিস্পাপ বাচ্চাটি,0,0,0,0,0,0
ভারত ইচ্ছা করলে এক বেলাতেই কেলিয়ে কাংলাদেশের গাঁড় ঠান্ডা করে দিতে পারে।,0,0,0,1,0,0
সুতরাং নেইম-ব্র্যান্ডিং বলে আসলেই কিছু নেই ... আছে পার্সোনালিটির ব্র্যান্ডিং ... সত্তার ব্র্যান্ডিং,0,0,0,0,0,0
আরে ভাই বে জাতের মানুষ জাত উঠলে এমন ওই হয়!,0,0,0,0,1,0
"বিদেশীদের চাপে সামনে নির্বাচন, দেশকে সিকিম বানানোর প্রতিবাদ ঠেকাতে নেতাদের ফাঁসি",0,1,0,0,0,0
কি বলবো বুঝতেছি না আমি আমার বলার ভাষা হারিয়ে ফেলেছিনিজের অজান্তেই কখন যে কেঁদে ফেললাম বুঝতে পারলাম না আমার মতে ২০১৯ সালের সেরা নাটক এইটাআমার সাথে কে কে এক মত,0,0,0,0,0,0
"কুরকুরে শেষ হওয়ার পর, কুরকুরের মসলা-টা চেটে খাওয়ার মজাই আলাদা",0,0,0,0,0,0
"একদিন তাকে নিয়ে ঘুমের মধ্যে স্বপ্নদোষ হয়ে যাচ্ছিলো,পরে ঘুম ভেঙে গেলো এর পরে আর কিছু করি নাই,কোপাল ভালো এমন বাজে জিনিশ নাস্তিক কে কিছু করি নাই।",1,0,1,0,1,0
এই আমাদের জাতির নেতা ভারতে টেন দুরঘটনায় জন হিন্দু নিহত হয়েছে এতে এনি পোক পুকাশ করছে আর মায়ানমারে এত মুসল মানদের এতে এনি কোন কথা বলছেন না এর মানেকি তাহলে এনি কি মুসল মান ভাইদের মারার পঞে,0,1,0,0,0,0
পরিচালক অমি ভাইয়রে কইতাছি এটা আমার ব্যক্তিগত মতামত নিশো ভাইয়ের লগে তিশা আপার চাইতে মেহজাবিন আপা সাবিলা আপারে ভালো মানায়বেস্ট ড্রামা ভাল্লাগছে,0,0,0,0,0,0
"ওই হ্যাডা কালা ভুস্কি মাগীর পোলা, তোর বেশ্যা জাতের মায়েরে আমি চুদি!",1,0,0,0,0,0
কি বলবো অসাধারন লাগলোঅনেকদিন পর এত সুন্দর একটা নাটক দেখলাম অসংখ্য ধন্যবাদ মিজানুর রহমান অারিয়ান সাহেব কে এত সুন্দর নাটক উপহার দেওয়ার জন্য নিশো বস্ মেহ্জাবিন এর কথা আর কি বলবো বরাবরের মতই শেরা,0,0,0,0,0,0
আমি অনেক অনেক খুশি হয়েছি এতো সুন্দর নাটক দেয়ার জন্য ধন্যবাদ আরিয়ান ভাই অপুর্ব কোনো কথাই নেই সবসময়ই অনেক সুন্দর অভিনয় করে,0,0,0,0,0,0
অনেক সুন্দর নাটোক নামাজের দ্রিশোটা খবু সুন্দর আর তাহিরি সাবের ডালোক ছিলো ডেলে দেই বিনোদন আর শিখোনিয়ো অনেক কিছুই ছিলো,0,0,0,0,0,0
দুই পিছ পিজা এক সাথে তোরে পুটকিতে রাইখা মোটা একটা লাঠি দিয়া ঠাইশা ভইরা দিমু।,1,0,0,0,0,1
ক্যা আমনে বললেন দেহি ভারত পাকিস্তান যুদ্ধ হলে আমরা ভারতের পার্শ্বে থাকুম। এহন কি লইগ্যা গনেস পাল্টালেন। কাজেই কি আর কমু আমনে সবই পারেন ।,0,1,0,0,0,0
"আদালতের হুকুম অগ্রাহ্য করে ভাস্কর্য তৈরী করলে জীবনে ভয়ঙ্কর বিপদ আসবে, ক্ষমতায় টিকা চ্যালেঞ্জিং যোগ্য হই যাবে ইনশাআল্লাহ",0,0,0,1,0,0
বেশ কয়েকটা অফিস চিনি যারা তাদের পার্কিং এ সাইকেল রাখার সুন্দর ব্যবস্থা করে রেখেছে,0,0,0,0,0,0
"আম্মাগো জামায়াত-শিবির যেভাবে ক্ষেপছে, আমার ডর করতাছে, আমি আমেরিকা চলে যাই?",0,0,0,0,0,0
সালারা রাজাকার এমনি চাপা মরে গরে গরে ভেম ছারা আর কিছুই নাই,0,1,0,0,0,0
আমার দেখা এই ঈদের সবচেয়ে সুন্দর নাটকযেমন ভাল লাগছে তেমনি ভবিষ্যৎ ভেবে খুব কষ্ট লাগছে,0,0,0,0,0,0
"এখানে কমেন্ট করতে আসা লোকেদের চেয়ে, কমেন্ট পড়তে আসা লোকের সংখ্যা বেশি",0,0,0,0,0,0
অসাধারণ নাটকটা মিজানুর রহমান আরিয়ান ভাই আমি আপনার অনেক বড় ফ্যান সামনে যাতে আরও একটা ভালো নাটক আশা করতেছে আপনার থেকে,0,0,0,0,0,0
ভাই আমার এক আনটিকে সাথে নিয়ে এই ভিডিও দেখছিলাম ভাভা রে ভাভা তোমার খাওয়া দেখে ওনার লোভ লেগে গেছিলো,0,0,0,0,1,0
"সেলিব্রেটি হয়ত হয়ে কিন্তু আচারণগত কৌশল ভিক্ষারীই রয়ে গেছে, যাকে যেখানেই শোভা পায় তাকে সেখানেই রাখা উচিৎ!",0,0,0,0,0,1
ভাই আগামী একবছর আপনার ব্যস্ততা কম তবুও শিশিরে বেশী ভিজবেন না শেষে সর্দি জ্বর বাধিয়ে বসবেন । একটি সতর্কতা মূলক কমেন্ট করলাম আরকি ।,0,0,0,0,1,0
ভাই এমন ভিডিও ছাড়া উচিত নয় কারণ তারাতো পেটের দায়ে এই কাজ করছে আর যাই হোক তার ও ফ্যামেলি আছে,0,0,0,0,0,0
ফাটিয়ে দিয়েছো নিশো ভাইঅসাধারন হইছে বিশেষ করে বোতল খাওয়ার সিনগুলোওয়াও অনেক দিন পর আরও একটা বক্লবাস্টার নাটক উপহার দিয়ার জন্য ধন্যবাদ,0,0,0,0,0,0
"আরেক  ইয়ুথ গ্রুপ বলছে, আমরা আমাদের এলাকায় এবার ঈদে সব পথশিশুদের  নতুন কাপড় দিবো। আমার এলাকায় কোনও পথ শিশু পুরানো কাপড় পরে থাকবে? নেভারর... নট এটলিস্ট ইন মাই এরিয়া ডুড",0,0,0,0,0,0
রাহুল কেবল মাত্র কোরান মুখস্থ করে রেখেছে এর মধ্যে আর কিছু নেই,0,0,1,0,0,0
"তোর সাউয়া!!!

তোরে রাম চোদা দেয়া লাগবে!

রোজার দিন তাই অল্প দিলাম!

নাহলে পুরাডা...........!",1,0,0,0,0,1
নুসরাত তোরে জুতা দিয়ে পিটাবো মাগি তুই মুসলিম হয়ে কানো হিনদু কে বিয়া করলি মাগি,1,0,1,0,0,1
হজম সক্তি নাই বেটা মালাউন। আপনার মত অনেক মারখেয়ে মরতছে বাগ্গিস দুদুক নিরাপ্তা দিছে।,0,0,1,0,0,0
নিশো ভাই তোমার নাটকের অপেক্ষায় ছিলাম অসাধারণ একটা নাটক বস্ তোমার দ্বারাই এটা সম্ভব,0,0,0,0,0,0
অসাধারণ প্রেমের কাহিনী দ্বিতীয় খন্ডের চেয়ে প্রথম খন্ডটুকু অারো ভালো লেগেছে,0,0,0,0,0,0
এক দিন ভারতে হিনদু নাগরিক। নারি পুরুস সবায লেংগটা চলবে অভাবে সবাবে। যাদের সরম শেষ তাদের কে ভুজানোর কোন খমতা নাই।সরকার সব ধংস করে দিতেছে। মরবে গরিব।,0,0,1,0,0,0
ঘুষ নিয়ে চাকুরী নিছে পুলিশের। তাদের টাকাটা তো পরিশোধ করতে হবে।,0,0,0,0,0,0
"আমার বিয়ের পর থেকেই, প্রতি পহেলা বৈশাখের ১ দিন আগে আমার ড্যাম স্মার্ট শ্যালক সানগ্লাস লাগিয়ে নড়তে নড়তে বাসায় এসে ৪ টা ইলিশ মাছ দিয়ে যায়",0,0,0,0,0,0
ভারতীয় ছেলেদের প্রেম ভালোবাসা নরম ইমোশনাল কথা বলে সম্পর্ক করে মেয়েদের কে বেশ্যা বানিয়ে ছেরে দেওয়াটাই তাদের কাজ,1,0,0,0,0,0
মান্নাদের আসল উদ্দেশ্য ফাঁস করে দিসে নতুন প্রজন্মের মাহী চৌধুরী..,0,1,0,0,0,0
অর্পব ভাইয়ের ফ্রেন্ডএরা চিন্তা মুক্ত থাকেন ২০১৯ সালের সেরা অভিনেতা অভিনেত্রী এবং সেরা নাটক আমরা পেয়ে গেছি,0,0,0,0,0,0
খুব সুন্দর ছিলো নাটক টা মানবজীবন টা কিভাবে কাটে তা আংগুল দিয়ে দেখিয়ে দিলো,0,0,0,0,0,0
"সিরিয়াসলি, পুরো ওটির সবাই বাচ্চার থেকে বেশী চিন্তিত ছিলো আমাকে নিয়ে",0,0,0,0,0,0
সাঁঝের বাতি নয় ঝাঁটের বাতি নাম হলে ভালো হতো সিরিয়াল টার,0,0,0,0,1,0
যে ঔষধ খেলে মেয়েরা সহবাস করার জন্য পাগল হয়ে উঠে,1,0,0,0,0,0
কি মনে হলো আমি কাগজ ভাঁজ করে ৮ টুকরা করলাম... এজ ইফ ৮ টা সেইম প্রোডাক্ট বানালাম,0,0,0,0,0,0
এর জন্য আমরাই দায়ী ওনাকে নিয়ে এতো মাতা মাতি করার কি দরকার ছিল,0,1,0,0,0,0
ভারতে মুসলিম আরো বেশি হবে কারণ বড় বড় চোর গুন্ডা নেতা সবাই হিন্দু,0,0,1,0,0,0
জয়েন ফেমেলি নাটক আমার কাছে সেরা নাটক সালাম তোমাদের এরকম নাটক আমরা আরো চাই,0,0,0,0,0,0
যদি এমন হতো.তাহার দুই হাতার বদলে বুকের জায়গায় ফুটো থাকে,1,0,0,0,1,0
ছাত্রীলীগ থেকে বহিষ্কৃত নেতাকে সেই মানের বাশ দিল নূর ভাই,0,1,0,0,0,0
ভাই আমি আপনার সাথে একমত। আর নারী নেতৃত্বে থাকতে চাই না। ভিপি নুর অথবা এর মত সৎ ও সাহসী কোন একজন নেতা আমাদের চাই,0,1,0,0,0,0
পুরটাই অনেক সুন্দর ছিলকিন্তু শেষ টা ছিল অসাধারণনাটকটাই নামাজের গুরুত্ব দেওয়া হইয়ে,0,0,0,0,0,0
দূরে গিয়া মর তোরা।নাগরিক কস এখন আর তখন যদি কেউ সরকার বা ক্ষমতাসীন দল গুলোকে নিয়ে মতামত দেয় তখন তোরা আর তাকে নাগরিক বলবি না হয় বলবি রাজাকার নয় বলবি দেশদ্রোহী নয়তো বলবি দলীয় লোক।,0,1,0,0,0,0
অসাধারণ নাটক আমি ও অনেক কে অনেক কিছু বলতে পারি না কিন্তু উনাদের স্যটেল করে দিয়ে যাবো ইনশাআল্লাহ,0,0,0,0,0,0
প্রতিটি মেদের প্রতি অনুরোধ ইন্ডিয়ার সিরিয়াল গুল বরজন করো তাদের থেকে আমাদের নাটক গুল হাজার গুনে ভাল,0,0,0,0,0,0
"আমি না বুঝেই বললাম, ‘ছয় ফিট তিন ইঞ্চি… আপনি? আপনি কত লং’",0,0,0,0,0,0
খুব সুন্দর একটি নাটকধন্যবাদ প্রিয় অভিনেতা অপূর্বকেধন্যবাদ মেহ্জাবিন আপুকেধন্যবাদ মিথিলা আপুকেSpeacially ধন্যবাদ দিচ্ছি মিজানুর রহমান আরিয়ান ভাইকেএত সুন্দর একটি নাটক উপহার দেয়ার জন্য,0,0,0,0,0,0
মিথিলা আপুকে দেখলে মনে হয় ওনার মনে ভিষণ কষ্ট খুব ভাল লাগে মিথিলা আপুকে,0,0,0,0,0,0
"ওই সাদিয়া তোর ব্রা’র ফিতা দেখা যায়, মাদারচোদ! এটা স্টাইল",1,0,0,0,0,0
কন ক্যান জাপানের চুদানের কাম নাই আবার এডভেঞ্চার এর লাইন ভাংসে আমিও গালির ঠ্যাং ভাংমু । খালি পুত শাওয়ার ম্যান,1,0,0,0,0,0
ফাটাফাটি আরফিন ভাইয়ার ভক্তদের কে একসাথে দেখতে চাই লাইক কমেন্ট,0,0,0,0,0,0
শ্রাবন্তীর আরও দুই তিনবার বিয়ে দেওয়া যায়। সেরকম লাগছে মাত্র ১৬ তে পাওয়া দিল শ্রাবন্তী জবানি সেরকম ডান্স,1,0,0,0,0,0
"হুজুর আমার দিকে তাকিয়ে বলছে ‘নাম দেন, কি নামে জবেহ হবে?’",0,0,0,0,0,0
আমরা উন্নতির দিকে এগিয়ে যাচ্ছে তাই ভারত আমাদের ভালো চায় না ভবিষ্যতে ভালো চাইবো না,0,1,0,0,0,0
"তুই মরবি, হাসপাতাল নিয়ে যাবার জন্য সবাই কে ডাকবি কিন্তু কাউকে পাবি না, সবাই ভাববে প্রাংক।",0,0,0,1,0,0
"উনি বিরক্ত চোখে বললেন, আচ্ছা দাঁড়ান এই সাদা ব্যাক গ্রাউন্ডের পিছে",0,0,0,0,0,0
এতো সুন্দর একটা নাটকউপহার দেয়ার জন্য অনেক ধন্যবাদ আসা করি সামনেএমন নাটক আরো পাবো,0,0,0,0,0,0
অনেক ভালো লাগলো নাটকটা দেখে আরও ভালো লাগলো নামাজ এর ম্যাসেজটা দেয়ার জন্য,0,0,0,0,0,0
সংযমের মাস এমাসেও তুর সংযম নাই তুই নারী লইয়া পোন্দানুতেই আছস খেচ্চর হ্লা,1,0,0,0,0,1
আমরা সদর পুরসভার ব্রাহ্মণবাড়িয়া র মানুষ প্রথম ডুছ এখনো পাই নাই । কবে পাব জানতে চাই ।,0,0,0,0,1,0
একবার দূর্গা মার গুদে প্রচন্ড চুলকোতে আরম্ভ হল ব্যসালয়ে সেই সময়ে কোনো পুরুষ সিলোনা অগত্যা দূর্গা মা কি করি করি বলে চিল্লাতে আরম্ব করল,1,0,1,0,0,1
গার্লফ্রেন্ড কে আধ ঘন্টা শুধুমাত্র কিস করার দোনের যে অবস্থা হয়,1,0,0,0,1,0
*আর হ্যা দয়া করে আজ থেকে আগামী ৫০ দিন আমাকে কেউ তার বাসায় বা অফিসে ডাকবেন না যেটা নিচতলায় অবস্থিত না... তা না হলে কোলে করে উঠাতে হবে... থ্যাংকস,0,0,0,0,0,0
শূন্য কখনো ভালবাসা হতে পারে না কিন্তু ভালবাসা আমাদের শূন্য করে দিয়ে যায়,0,0,0,0,0,0
আমাদের দেয়ের ইউটিউবার গুলো কি পাগোল না ছাগল। এগুলোর তো পাবনাতেও জায়গা হবে না,0,1,0,0,0,0
নিশ্চিত এই পাইলট দেশবিরোধী ও রাজাকার হেতেরে ডিম থেরাপি দিলেই থলের বিড়াল বেরিয়ে আসবে,0,1,0,0,0,0
যথেষ্ট  ভালো ব্যবহার সমস্যা আপনার আপনি কেনো গেছেন চুলকানি করতে,0,0,0,0,0,1
প্রথমে প্রথমে নিজ হাতে কফি বানিয়ে খাওাতাম... এখন যে কফির কৌটা খালি,0,0,0,0,0,0
মালাউনদের স্বভাব এটা কার টাকা কোন দিকে খাবে এই কাজ তাদের আমাদের দেশের মালাউনদের ঘাড় ধাক্কা দিয়ে দেশ থেকে বের করে দেওয়া উচিত,0,0,1,0,0,0
কি আশ্চর্যনিশোর চোখের পানির সাথে আমার চোখের পানি একসাথেই পড়ে গেলো,0,0,0,0,0,0
"এখন কি ধর্মমন্ত্রী এসব দেখেনা, নাকি তলে তলে লুচ্চামি করে।",0,0,0,0,0,1
খানকি মাগি কইলো কি???তোর বাপকে তুই বিশ্বাস করছ কেমনে???জুতা পিঠা বাংলা থেকে তাড়ানো উচিৎ মুসলিম রাষ্টে এদের জায়গা নাই,1,0,1,1,0,1
অবশ্যই এর বিচার চাই মুসলিম হয়ে ওই মহিলা নাস্তিকতার পরিচয় দিল,0,0,0,0,0,0
"কেউ এভাবে বলেনি এই কথাটা আগে... বাড়ানো শেষ করে, কমানোও শেষ করে জীবনের এক বিব্রতকর সময়ে এসে শিখছি",0,0,0,0,0,0
অপুর্ব ভাইয়ার নাটক আমার অনেক ভালো লাগেতাই প্রতিদিন নাদেকলে আমার ঘুম আসেনা,0,0,0,0,0,0
এটা বুকের পা পাশের মত সেরা নাটক হবে এবং পুরুষ্কার পাবে,0,0,0,0,0,0
পার্লারে নামায় দেয়ার সময় সমস্যা হচ্ছে না... সেখান থেকে আনতে গেলে দুবিধায় পরে যাচ্ছি,0,0,0,0,0,0
পাকিস্তান কে ভারত কোন দিন পাত্তা দেইনি আশা করি জংগি দেশকে ভারত গনোনাতেও রাখবেনা।ছালার ব্যটা জঙ্গির দেশ যেন মনে রাখে বাংলাদেশ নয় ওটা ওর বাবার দেশ।,0,1,0,0,0,0
"আমি একজন বাংলাদেশের ভোটার আজ পর্যন্ত কিভাবে ভোটার দেয় সেই জিনিসটাই জানতে পারলাম না, সুমন ভাইয়ের কাছে আমার প্রশ্ন আমরা কি কখনোই আর ভোট দিতে পারব না?",0,1,0,0,0,0
মেহজাবিন + মিজানুর রহমান আরিয়ান এক কথায় অসাধারণবড় ছেলে বুকের বা পাশে তুমি আমারই,0,0,0,0,0,0
নাটকটা আমি একা দেখলাম খুব নিরবেসত্যি অসাধারণ একটি নাটক মানুষ প্রেম ভালোবাসার কাছে বড় অসহায় যদি না পায় মনের মানুষ কে তসনিম জার্মান থেকে,0,0,0,0,0,0
...আমরা দুইজন ধেৎ ধেৎ করতে করতে ফার্মেসি যেয়ে Zinc Powder কিনে খুশি খুশি বাসায় ফিরলাম,0,0,0,0,0,0
"এমনও হয়েছে বিয়ের দাওয়াতে এক সাথে বসেছি, সামনে বসা একটা গ্রুপ আমার কোনও একটা পোষ্ট নিয়ে আলাপ করছে",0,0,0,0,0,0
মিনিট থেকে তামিম যা করল আলগা বিনোদন পাইছি তামিম এরড্রাইভার এরঅভিনয় দেখে আরো হাসি পাইছে,0,0,0,0,0,0
পুরো পৃথিবীর আধুনিক মানুষেরা আজকে অটোফেজির এই থিওরির পিছে ছুটছে,0,0,0,0,0,0
শালা তোর সাথেই তো আছে রেন্ডিয়ান গোয়েন্দা র তাদের আগে কুকুরের মতো জুতাপেটা করে বাংলাদেশ থেকে আউট করতে হবে,0,1,0,0,0,0
চ্যাগানোর ঠ্যাকায় দুনিয়া আন্ধার। ভচ পিছনে এসি আর সামনে চুতরা পাতার গাছের ছবির মর্মার্থ বড়ই জটিল।,0,0,0,0,0,1
অনেক ভালো লেগেছে তানজিন তিশা এবং ইরফান সাজ্জাত বেষ্ট জুটি,0,0,0,0,0,0
মেয়েরা এমনি হয় বাবা মা পরিবারকে উপেক্ষা করতে পারে না আরে ভাই ভালাবাসার সময় বাবা মার পার্মিশন নিয়া প্রেম করোছ না কেন,0,0,0,0,0,0
নিসো ভাই আর মেহজাবীন আপুসত্যি অসাধারন হইছেজীবনের সত্যি কারের ভালোবাসার অনুভুতি গুলা বুঝাই দিলা,0,0,0,0,0,0
বাংলাদেশ তমরা ঠিক বলেছো আমরা তমাদের মত এক ভিকারি দেশ এর সঙগ না থাকা ভাল,0,1,0,0,0,0
ভাই কুত্তালিগের দালালি ছারেন সত্তকে প্রকাশ করেন জাতির জনক হল জিয়াউর রহমান,1,0,0,0,0,1
অসাধারণ অভিনয় আফরান নিশো ভাই এর আর মেহজাবীন তো মেহজাবীন ই ভালবাসা অবিরাম,0,0,0,0,0,0
"ভবিষ্যতে পথে ঘাটে এই ধরনের ট্যালন্টেড লোক দেখলে, তাদের ট্যালেন্ট এর বিষয়টি লাইম লাইটে আনার আগে সবাই একবার হলেও ভাববে এই ফকিন্নির মন্তব্য গুলোর কথা ভেবে",0,1,0,0,0,0
মালাউন এর বাচ্চা তুই কি জানোছ? তুই বাংলা ছাইরা তোর মুদি বাবার কাছে যা মাদারচুদ কনে কার,1,0,1,0,0,1
গল্পটা অনেক ভাল লেগেছেঅভিনয় বা অন্যকিছু বিবেচনা করে নাই শুধু গল্পটা দেখেই ভাল লেগেছেধন্যবাদ এমন একটা গল্প উপহার দেওয়ার জন্য,0,0,0,0,0,0
সাফা কে নিয়ে যে পরিচালক নাটক বানাবে ওকে যে কাজে নিবেতাকে সহ তার নাটক বয়কট করা হবে।,0,0,0,1,0,0
এতো সুন্দর একটা মেসেজ সত্যি অসাধারণ বলতে পারিনি তার মানে এই নয় যে আমি হেরে গেছি,0,0,0,0,0,0
শিক্ষক ছাত্রীকে শিখাচ্ছেন কিভাবে সোশ্যাল ডিসট্যান্স বজায় রেখে চুমু করতে হয়,0,0,0,0,1,0
নাটক টা সব দিক দিয়ে অনেক সুন্দর ছিলনিশো ভাই এর নাটক সব সময় ভাল লাগে,0,0,0,0,0,0
শ্রীলেখা যদি শ্বেতাঙ্গ ন্যাংটো হন বা সেরকম কিছু দেখান তাহলে ব্যাপারটা অবিশ্বাস্য না,1,0,0,0,0,0
ঘটনা যদি সত্যি হয়ে থাকে তাহলে তাকে প্রকাশ্যে ফাসিঁ দেয়া দরকার,0,0,0,1,0,0
আসল কথায় আসি... আমি বাংলাদেশের একটা সিক্রেট-অয়েপন খুঁজে পেয়েছি,0,0,0,0,0,0
নুসরাত ছবির মধ্যে অনেক সুন্দর লাগে কিন্তু বাস্তবে দেখা ভূতের মতন,0,0,0,0,0,1
"উনি আমার উত্তর ও পাল্টা প্রশ্ন শুনে ধাক্কা খেলেন... তারপরেও, নিজেকে সামলে নিয়ে, ফাইনালি শিওর হওয়ার জন্য উনি আবার জিজ্ঞেস করলেন, “সেনাবাহিনীর কোন উইং? আর্টিলারি না কমব্যাট?”",0,0,0,0,0,0
তাহসিন ভাই এর গান শুনলে মনে হয় প্রেম সাগরে ভাসছি হাওয়ায় উডেবেডাচ্ছি সমেস্সর অলি ভাই অাপনাকেও ধন্যবাদ,0,0,0,0,0,0
শামীম হাসান সরকার একজন উচ্চমানের অভিনেতা সব রকম চরিত্রে অভিনয় করার মত দক্ষতা আছে উনার তবে ইরফান সাজ্জাদ ভাই এর অভিনয়ও আমার অনেক ভালো লাগে,0,0,0,0,0,0
ভালবাসে চ্যাকা খাওয়া বড় কথা নয় ভালবাসায় অংশগ্রহন করাটাইয় বড় কথা বাণীেত রিপনবিডিওসত্যি এই নাটকের মাঝে মিল আছে,0,0,0,0,0,0
কিছু ভালোবাসার কথা কখনো কাউকে বলা হয় না না বলাই থেকে যায়,0,0,0,0,0,0
নাইছ তানজিন আপুর জুটি আরফান নিশো ভাইয়ার আরও হাসির এবং সুন্দর নাটক চাই,0,0,0,0,0,0
বাংলাদেশী নাটক গুলা খুব ই বাস্তবধর্মীখুব ভালো লাগেএকেকটা নাটক একেকটা হৃদয় স্পর্শী,0,0,0,0,0,0
ভাই আপনি তাকে কেন বলছেন না যে তুমি উর্দুতে কথা বল আমি যেভাবে ধর্ম গ্রন্থ থেকে রেফারেন্স দিয়ে কথা বলতেছি তুমি রেফারেন্সে কথা বল এটা বলুন,0,0,1,0,0,0
নাটকটা অনেক ভাল লাগেচে আমার দুনবাত নাটকের পরিচালক কে এইরকম নাটক আমরা চাই দুনবাতআপনাদের সবাই কে সবার অবিনয় ভাল লাগেচে,0,0,0,0,0,0
তোমার আব্বু মনে হয় ইউরোপ থেকে ডলার পাঠায় দুই ছয় আট মাসে কোটিপতি হওয়ার জন্য ?,0,0,0,0,1,0
হ্যা এই পাত্র কোনোভাবেই হাতছাড়া করা যাবে না' এরকম একটা এটিটিউড নিয়ে আমরা পাত্রী পক্ষ বাসায় আসলাম,0,0,0,0,0,0
"মোহাম্মদপুর থেকে বাসায় রিকশা দিয়ে ফিরলে যে ভাড়া লাগবে, তার থেকেও ৫ টাকা কম তখন আমার পকেটে",0,0,0,0,0,0
"গতকাল এক টিভি চ্যানেলে দেখছিলাম মন্ত্রীকে প্রশ্ন করা হলে উনি বলেন, “ভাই আমাদের তো অতো লোকবল নেই... কিয়া করবাম?”",0,0,0,0,0,0
কোথায় এই সব উলটাপালটা খবর পান?? নয়াদিগন্ত ভারত প্রতি না কী,0,1,0,0,0,0
এতো সুন্দর একটা নাটক উপহার দেওয়ার জন্য এতে অনেক কিছু শিখার আছে খুব ভালো লাগছে নিশু ভাই ও মেহজেবীন আপুর জুটি অসাধারন,0,0,0,0,0,0
আরিয়ান আর নিশো ভাই আপনারা বেস্ট স্যালুট আপনাদিগকে আবহ সংগীত খুব জোস,0,0,0,0,0,0
এই শালা কে কি কুত্তা পয়দা করছিল নাকি শয়তান পয়দা করছিল সালায় কয় কি,1,0,0,0,0,1
ভারত আসলে পাকিস্তান কে কি পরিমাণ ভয় পায় তা আর বলার অপেক্ষা রাখেনা,0,1,0,0,0,0
মিয়ানমার থেকে চলে আসা রোহিঙ্গারা অনেকেই বাংলাদেশের ভেতর দিয়ে সীমান্ত পেরিয়ে ভারতে চলে আসেন। এইসব রোহিঙ্গাদেরই আবাস ছিল কাশ্মীরের ওই বস্তিটি।,0,1,0,0,0,0
"পরের সপ্তাহে আবার শ্বশুর বাড়ি গেলাম, হুট করে ড্রয়েং রুমের দরজার লক হয়ে গেলো ভিতর থেকে",0,0,0,0,0,0
"রেগে যাচ্ছেন কোনো? রাগবেন না, বেশি রাগলে হার্টের ক্ষতি হয়",0,0,0,0,1,0
বাংলায় ভোদা বললে দোষ আর ইংলিশ এ গুদ শুনতে খুব ভালো লাগে একেবারে মন ভইরা সোনা খারায়া যায় না?,1,0,0,0,0,0
"শিখার বাবা আমার বাবার মত সৎ,  এই বাবারাই কষট পায় বেশি এটা অবাক হরার কিছু নেই",0,0,0,0,0,0
নাটকের শেষ অংশটা অনেক ভালো লাগলো নামাজের উপদেশ দেয়ার জন্য,0,0,0,0,0,0
আসিফের একটি গানের দুটি লাইনপ্রথম প্রেমের কথা ভুলা যায় নাপ্রথম প্রেমের স্মৃতি মুছা যায় না,0,0,0,0,0,0
"আলাপ করে নেন... চাইলে দেখাও করে নেন... যদি ভালো লাগে, উনার কাছ থেকে বিকাশ নম্বর নিয়ে একটা শেয়ার কিনে ফেলেন  ৩০০ টাকা দিয়ে",0,0,0,0,0,0
এ নাটকের তুলনা করলে নিজেই ছোট হও তাই বলব অসাধারণ কারণ এখান থেকে আমাদের শিক্ষা নেয়া বহুৎ কিছু আছে,0,0,0,0,0,0
"গোলাম রব্বানী নিজেকে বুদ্ধিমান ভাবে, কিন্তু ছাত্রলীগকে বাংলাদেশের জনগণ বিন্দুমাত্র বিশ্বাস করে না।",0,1,0,0,0,0
যে মালাউনের কারণে এই ঘটনা তার খবর কি ? তার তাদের শাস্তি হবে তো ??,0,0,1,0,0,0
মুহাম্মদ চুদাইলে তুমার কি। তুমাকে ত চুদাই নাই। তুমি অনলাইনে এত বগ বগ কর কেন।,1,0,1,0,0,1
বান্দির পোলা তর বাপ মায় ঐ রাইতে এনাল করলে কি সমস্যা হতো?,1,0,0,0,0,1
এই মার্বেল মার্কা গোলগোলা আপাটারে নিয়ে কেন এত্ত নিউজ হচ্চে বুজতেচি না ।,0,0,0,0,1,0
সত্যি সুন্দর হয়েছে হুম পরিচালক বুঝাতে চেয়েছে এই ভাবে বিয়ে করলে এই ভাবে পোহাতে হবে সবাই যেন সম্মান নিয়ে বিয়ে করে,0,0,0,0,0,0
পুরো ১ ঘন্টায় হাসলামধন্যবাদ এত সুন্দর একটা নাটক উপহার দেওয়ার জন্যভবিষ্যৎ এ এইরকম নাটক আরো চাই,0,0,0,0,0,0
"(প্রতিটা পশুর এরকম কোন না কোন গল্প থাকে শিওর... প্রত্যেক গরুই কারো না কারো পালা গরু তো বটেই... কেউ না কেউ থাকবেই সেই পশুটার পিছে, যার সেই পশুর দড়িটা ছেড়ে দিতে একটু হলেও বুক কাঁপবে",0,0,0,0,0,0
আগের মানুষ বাঁচতেন বেশীদিন... আপনি-আমি কি শিওর আমরা আমাদের পাকা চুল দেখে যেতে পারব?,0,0,0,0,0,0
"এই নেত্রবাদি বাচ্চা খানকিরে জুতা মাইরা এফ ডি সি থেকে বের করে দেওয়া উচিত,,বাংলা চলচ্চিত্রের মান সম্মান মেরেদিল",1,0,0,1,0,1
এক কথায় অসাধারণভালো তো হতেই হবে নিশো ভাই বলে কথাআপনারা কি বলেন,0,0,0,0,0,0
এই গাই মারানি তর বাপ মার কোন পরিচয় আছে নাকি গাই মারানি,1,0,0,0,0,1
"সুতরাং স্রোত বা ট্রেন্ড যাই বলি, চাইলে কিন্তু এই আমরাই ক্রিয়েট করতে পারি",0,0,0,0,0,0
"ভারতে মুসলমানদের সাথে যেই আচরণ করে,বাংলাদেশের মুসলমান যদি,হিন্দুদের সাথে এরুকম আচরণ করতে,একজন হিন্দু ও টিকতে পারতো না।",0,0,1,0,0,0
"মানুষ বড় হয়, বাল ও বড় হয়,কিন্তু কিছু মানুষ আজিবন আচোদা থাইকা যায়,।",1,0,0,0,1,0
বাংলার জমিনে আল্লাহর আইন চলবে কোরানের আইন চলবে কোনো নাস্তিক ব্লগারদের আইন চলতে পারে না,0,0,1,0,0,0
"বিগত দিনে ছাত্র লীগ-যুবলীগ যে সব অকর্ম করছে, সেই সব কর্ম কি জামাত শিবির,হেফাজত বা চর মোনাই করছে ???",0,1,0,0,0,0
তোর মারে চুদে আকাশে তুলবো তোর বোনকে চুদে তোর বোনের ভোদার হাডডি ভাংমো তোর পিসিকে চুধে পানিতে নামাবো তোর মাসিকে চুদে গাছে তোলবো তোর গোষটিকে চুদে ভাজ লাগামো আমারে চিনিস আমি মালাউনদের চোদার মাষটার।,1,0,1,0,0,1
ভারত এটা করবে এটাই স্বাভাবিক। কারণ উনার জন্য অনেক বেধর্মী মুসলিম হচ্ছে।,0,0,1,0,0,0
পায়েল যদি সব কাপড় খুলে ফেলতো তা হলে মুভি টা দেখতাম...,1,0,0,0,0,0
খুব তাড়াতাড়ি শেষ হয়ে গেলোএটার আরো পর্ব হলে ভালো হতো ভাই,0,0,0,0,0,0
নিসো ভাই এ কি নাটক করেছিস রে ভাই😪আরিয়ান ভাই ইউ আর দা বেস্ট নিসো বস বসই থাকলে অসাধারনআর মেহজাবিন আপু অসাধারন ধন্যবাদ এতো সুন্দর একটা নাটকের সহযোগিদের কে,0,0,0,0,0,0
নাইস যারা কমেন্ট করছো একটা লাইক দিয়ে জাও নাহলে বিয়ে হবে না 🤭,0,0,0,0,0,0
জুবান মাদারী তুই আবার ওর সাথে নাটক করলে তুরে ও জুতা পিড়া করা হবে মনে রাখিস,1,0,0,1,0,0
আল্লাহ যেন তাকে উঠিয়ে নেন । সাথে তোমাদের মত সাংবাদিকদেরকে ও ।,0,0,1,0,1,0
অমর ভালোবাসার এক সুন্দর কাহিনীআরিয়ান ভাই আপনার থেকে কেমন সৃষ্টি প্রতিনিয়তই আশা করি,0,0,0,0,0,0
"ইহুদি নাসাদের আবিস্কার মোমেনরা ব্যবহার না করলে,এমাজন জংগলের মানুষের মত হবে মোমেনরা।",0,0,1,0,0,0
মন্ত্রী স্মৃতি ইরানী এর মধ্যেদিয়ে কি বুজাতে চেয়েছে এবং বিশ্বকে বুজাছেন যে ভারত বর্ষের মন্ত্রীরা একধম সাধারন জনগণ। তবে যা দেখালেন ভালো দেখালেন ধন্যবাদ।,0,1,0,0,0,0
শামীম ভাউ তু গ্রেড হোঅানলিমিটেড হাসির নাটক আমার জীবনেও আমি এতো লম্বা সময়ে ধরে কখনো হাসি নিএক কথায় হাসির রাজ্যজয় নাটকটার শেষটা,0,0,0,0,0,0
বৃন্দাবন দাস আমাদের মুগ্ধ করতে থাকুন এরকম নাটক বারবার দিয়ে বয়স বেশি বা দেখতে অত সুন্দর না বলে শাহনাজ খুশি কে হয়ত অনেকের এত বেশি পছন্দ না কিন্তু আমার মতে উনি এই সময়ের অন্যতম শ্রেষ্ঠ অভিনেত্রী ভালো থাকুন ভালো রাখুন,0,0,0,0,0,0
আমার লোমা।। তারা কেন চিকিৎসা করাতে বিদেশ যায়।।।চিকিৎসা করার জন্য বাংলাদেশ এর মানুষ জমি জমা বিক্রি করে ভারত বড় লোক বানিয়ে দিল,0,0,0,0,1,0
বলছিনা অন্ধের মতো টাকা দেন... তাই কোনও বিকাশ নম্বর দিচ্ছি না,0,0,0,0,0,0
নিশো তিশাকে যেভাবে এড়িয়ে যাচ্ছিলো তাতেই ধারণা করেছিলাম যে কিছু একটা আছে যার জন্য এমন করতেছেসেটাই সত্যি হলো যে ভালবাসার বহিঃপ্রকাশ কতরকম হতে পারেলাস্ট মোমেন্ট মিলনাত্মক দেখে খুব ভালো লেগেছে,0,0,0,0,0,0
আরিয়ান ভাইয়া আপনি প্লিজ কলকাতা তে এসে এমন ভালো ভালো কাজ করুন এমন অস্থির একটা নাটক আমাদের উপহার দেওয়ার জন্য অনেক অনেক ধন্যবাদঈদের শুভেচ্ছা ও ভালোবাসা জানাই আপনাকে এবং সমস্ত বাংলাদেশকে,0,0,0,0,0,0
"এই ১৬ই ডিসেম্বর, বিজয় দিবসে, বিজয় রাইড শেষ করে বসুন্ধরা ৩০০ ফিটে লংগেস্ট সিঙ্গেল সাইকেল রাইড এর গিনেজ ওয়ার্ল্ড রেকর্ড ব্রেকের এটেম্প নিবে",0,0,0,0,0,0
জানি আমি না... কিন্তু তারপরেও কেমন জানি চগরবগর লাগে... কষ্ট করে পাওয়া কাচ্চির আলুটা তেমন আর মজা লাগে না তখন,0,0,0,0,0,0
বৃন্দাবন দাস চঞ্চল চৌধুরী মোটা মিঠু শাহনাজ খুশী এবং তার দুই ছেলে সবাই আমাদের পাবনার চঞ্চল তো আমার থানারই ছেলে শুভ কামনা রইলো সবার জন্য প্রতিটি নাটকই আমাদের পাবনার ভাষায় করার জন্য গর্ববোধ করি বৃন্দাবন দাসকে নিয়ে,0,0,0,0,0,0
খুবই সঠিক পদক্ষেপ। পাশাপাশি আমাদের মন্ত্রীদের কাছ থেকে সেনসেবল বিহেভিয়ার আশা করি।,0,0,0,0,0,0
বছের নাটকের অপেক্ষায় ছিলাম কিন্তু নাটকটা দেখে বুঝতে পারলাম যে ভালোবাসে সে কখনো ছেরেদূরে চলে যায় না,0,0,0,0,0,0
বলদ পিটিয়ে সোজা করার কোন রেকর্ড থাকলে এসব বলদদের পিটিয়ে সোজা করার টেহুার দেয়া লাগতো সরকারীভাবে,0,0,0,0,1,0
তিশা আপু আই লাভ ইউতুমি খুব সুন্দর করে কথা বলে,0,0,0,0,0,0
নাকের নিচে আগে চিকন কইরা বাল রাখতি আর এখন সেটা মোটা বানাইছস।,1,0,0,0,0,1
২০১৬ সালে নোবেল কমিটি জাপানের ডাক্তার ‘ওশিনরি ওসুমি’-কে অটোফেজি আবিষ্কারের জন্যে পুরষ্কার দেয়... খুব বেশীদিন আগের কথা কিন্তু না... এই গতবছরের কথা... এরপর থেকে আধুনিক মানুষেরা ব্যাপকভাবে রোজা রাখতে শুরু করে,0,0,0,0,0,0
এটাই স্বাভাবিক । কিন্তু আপনার দেশ ভারতে যখন একই ঘটনা ঘটে তখন আপনারা উদাসীন কেন?,0,1,0,0,0,0
পানি তোদের ভারতীয় যত মাগী আছে তাদের সোনা দিয়ে ঢুকাইয়া দে মাদারচোদ।,1,0,0,1,0,1
আপনি ভারতে আর এদিকে আপনাকে না দেখে মন খারাপ করে দেশে ফিরে গেলেন ভারতের প্রধানমন্ত্রী,0,0,0,0,1,0
তোর আব্বার দেশ ভারতের লোকেরা মুসলিমদেশের মুসলিমদের কামলাগিরি করতেই বেশী পছন্দ করে । ভারতীয় হিন্দু শুয়োররা যে টি দেশে বেশী কামলাগিরি করে তার মধ্যে টি দেশ হলো মুসলিমদের দেশ । এগুলো হলো সংযুক্ত আরব আমিরাত সৌদি আরব বাংলাদেশ ।,0,0,0,0,0,1
"ছেলেদের ভ্রণ উঠলে বলে, শালা খুব হ্যান্ডেল মারে আর মেয়েদের ভ্রণ উঠলে বলে ত্বকের সমস্যা",0,0,0,0,1,0
মন চুয়ে জাওয়া মত নাটক এই না হলে মুসলিম দেশের ইসলাম সমাজ নম্রতা সিশটাচার কি সুন্দর মাজনিয় কথা অসাধারন সকল কলাকসলিকে দন্যবাধ,0,0,0,0,0,0
"আর হোটেলের সামনেই ধূমপান করা নিব্বাকে আরেক বাচ্চা জিজ্ঞেস করছে, তোর তোরে মাগী লাগেআর হোটেলের সামনেই ধূমপান করা নিব্বাকে আরেক বাচ্চা জিজ্ঞেস করছে, তোর তোরে মাগী লাগে",1,0,0,0,0,0
"লিখতে বসলে; আবদুল্লাহ আবু সায়িদ স্যার, শাইখ সিরাজ, ডঃ মোহাম্মদ ইউনুস, জাফর ইকবাল  ... তারপর আস্তে আস্তে আটকাতে থাকবেন",0,0,0,0,0,0
"তুইত পরকাল বিশ্বাসও করছ না, বিচার দিয়ে লাভ কি, তুরাত যে পার্ট সহকারে কথা বলছ, ওর মধ্যে আমি যা দেখিনা তাতে বিশ্বাসী নয় যে মুড নিয়ে কথা বললি এইসব দেখেত ইচ্ছা করছিল সামনে পাইলে জুতা পেটা করতাম।ফালতু কোথাকার",0,0,0,1,0,1
সব গুলাই তো হিন্দু হাতে বালা৷৷ এদের পরকালের ভয় নেই তাই এমন নোংরা,0,0,1,0,0,0
যারা ওপরে সোসাইটিতে বাস করে তারা কখনো চায়না গরীপ মানুষেরা ওদের সোসাইটিতে বাস করুন,0,1,0,0,0,0
মায়ের ডায়লগ টা দারুন তুমি না তোমার পুরো ঘুষটিটা পাগল,0,0,0,0,0,0
এই গান গুলা হুইন্না আমি এখন আমি পাবনা তে আসি,0,0,0,0,1,0
তারা প্রায় ৪৭০০ শ্রমজীবী মানুষের ডাটা ঘুরে ঘুরে কালেক্ট করে এই এপে বসিয়েছে,0,0,0,0,0,0
আমাদের মনে রাখতে হবে যে রানু মন্ডল একজন অশিক্ষিত মহিলামস্ত অহংকারীতার অনেক মন্দ ব্যবহার এর জন্যই তার ছেলে মেয়েরা তাকে দেখে না,0,0,0,0,0,1
তিশার মত সুন্দরী এই পৃথিবীতে আর কেউ নাই লাভ ফ্রম ইন্ডিয়া বিগ পাখা অফ তিশা,0,0,0,0,0,0
এই প্রথম কোন নাটকে নামাজকে গুরুত্ব দিতে দেখলামখুবই ভালো ছিল,0,0,0,0,0,0
নাটকটা অসাধারন চোখ থেকে কখন পানি চলে আসছে বুঝতে পারনি,0,0,0,0,0,0
তোদের পুরোহিতদের আমি হিংসা করিরে তোদের সেক্সি স্বরসতির সাথে ঐ ব্যাটা একাই সেক্স করে মন্দিরে রাতে লুকিয়ে লুকিয়ে।,0,0,1,0,0,0
আমি নাটকটি দেখে অনেক মুগ্ধ হইয়েছি আমাদের বাংলাদেশের পরিচালক যেনো ধরনের নাটক বানাইয় এইটা আমাদের প্রবাসী ভাইদের পক্ষা বলছি,0,0,0,0,0,0
যুদ্ধের সময় ভারতে যদি তোর বাবা মা না ঢুকতে পারত তাইলে তোর জন্মও হয়তো না। আবার ভাত খুঁজিস,0,0,0,0,0,1
"ও হে আরিফ মাদারচুদ
কবি গুরু রবিন্দ্রনাথ বলেছে মারিতে হইবে কুত্তা দিয়ে তর পোদ",1,0,0,0,0,1
প্রাকৃতিক সম্পদের সর্বোচ্চ ব্যবহার করে একজন সামান্য নারী কত উপরে উঠতে পারে তার উতকৃষ্ট উদাহরণ পরীমনি,0,0,0,0,1,0
রাজাকার না আমার তো মনে হয় ভারতীয় দালাল ঢুকছে বি সি বি তে বাংলাদেশর অগ্রযাত্রাকে ব্যহত করতে।,0,1,0,0,0,0
"হিরো আলম কে বলছি ভাই মাগীকে একটু রেপ কর, একা না পারলে আমরা আছি হাত পা বেধে দিব",1,0,0,0,0,1
বরযাত্রার সময় সমস্ত মানুষ পেছনে থাকে আর বর সবার আগে আগে যায়... মৃতদেহও সবার আগে থাকে আর সব মানুষ পেছনে...,0,0,0,0,0,0
সাধারন জনগনের সামনে ক্ষমা চাইতে হবে বেশি চিন্তা কইস নে রনির মত তোরও কি অবস্থা হইয়া উঠলো,0,0,0,1,0,0
কিছুক্ষণের মধ্যেই বিশিষ্ট কমেন্ট শিল্পী আপনাদের মাঝে এসে উপস্থিত হবেন আর উনার মহামূল্যবান কমেন্ট পেশ করবেন । সবাই বিশৃঙ্খলা না করে শান্ত হয়ে বসুন,0,0,0,0,1,0
নাটক টা এতো সুন্দর হয়ছে জা আমি বলে বুঝাতে পারভোভোনা ভাইয়া এগিয়ে যান,0,0,0,0,0,0
মন ছুঁয়ে গেছে কিভাবে এতো সুন্দর নাটক লিখে মিজানুর রহমান আরিয়ান ভাই আপনাকে অনেক অনেক ধন্যবাদআপনার লেখা প্রত্যেকটা নাটক কেন এতো মুগ্ধকর হয় ভাই,0,0,0,0,0,0
আসতে চাইলে হাতে ৫ টা বেলুন নিয়ে চলে আসতে পারেন... ভরে যাক রবীন্দ্র সরোবর বেলুনে,0,0,0,0,0,0
"তোমার ধোন মাইনসে কয় কেলা
যোগের তেল দিয়া দেও মাসিক্কা মাইয়া গো গুদে দেও ঠেলা।",1,0,0,0,0,1
নোয়া পটকা পায়রা টেপি ডালি ফুল পটু পটল ঢেড়স ইত্যাদি তো আনছেন এবার নতুন নাম দেখতে চাই যেমন হিরো কানা কানি খোড়া খুড়ি চালুন গাছ মাছ ইত্যাদি,0,0,0,0,1,0
ওরে গারে লাথি মেরে রানাঘাটে বসাও আর পারছি না এই কথাগুলো শুনতে,0,0,0,0,0,1
নাটকের সব চেয়ে একটা দিকে বেশি ভালো লাগছে৫ ওয়াক্ত নামাজ পড়বেন ওকে ও পড়াবেননামাজ এর কথা বলা হয়েছে তাই বেশি ভালো লাগছে খুব সুন্দর হইছে নাটকটা,0,0,0,0,0,0
এই মাগি কে প্রতাকান করুন এই মাগির ফেইসবোন থেকে আনফ্লো করুন এবং নাটক দেখা থেকে বিরত থাকুন এবং এই মাগির শাস্তির দাবির জন্য পারলে মানববন্ধন করুন নাক চেফা মাগির যেন ফাসি হয় তার জন্য প্রতিবাদ করুন,1,0,0,1,0,1
এই নাটকগোলা বাংলাদেশ ছিনামা থেকেও ওয়াসামসিনামার পথম অংশ দেখলে বুঝাযায় সিনামার লাস্ট কি হবেএই নাটকটার লাস্ট দেখে সতি আভাক হলাম,0,0,0,0,0,0
ইভানার অভিনয় আমার কাছে অনেক ভালো লাগে অনেক সুইট একটা মেয়ে,0,0,0,0,0,0
এত সুন্দর ছবি তোলার জন্য তোমাকে পুরস্কার হিসেবে কঞ্চি সহ একটা বাঁশ দিচ্ছি।,0,0,0,0,0,1
অপূর্ব মানে নতুন কিছু অপূর্ব ভাইয়ার নাটকগুলো অসাধারণ মিস ইউ অপূর্ব ভাইয়া,0,0,0,0,0,0
এর মধ্যে একজন উদ্যোগ নিলেন ১ টাকায় একবেলা খাবার পরিবেশন করবেন,0,0,0,0,0,0
বাংলাদেশের সব ভাল মানুষরাই ভালো চাকরি করে বড় বড় পদে আসীন । তাইতো এদেশের এত উন্নতি ।,0,0,0,0,1,0
দুই বা চার কেজি করে আমরা কয়েকজন মিলে একটা প্লেন কিনার সিদ্ধান্ত নিয়েছি সবাই দোয়া করবেন যেন দ্রুত প্লেনের মালিক হতে পারি !,0,0,0,0,1,0
অসাধারণ একটি নাটক পুরো ১ ঘণ্টা ৩৮ সেকেন্ড উপভোগ করেছি,0,0,0,0,0,0
সত্যি অসাধারন ছিল কিন্তু আরেকটু বেশি সময় নিয়ে নাটক টা করলে ভালো হতো,0,0,0,0,0,0
মেহেরবানি কইরা গানটা রিলিজ দিও না । এই কইদিন লাল চশমা পইরা যা ম্যাজিক দেখায়ছ জাতি আর তোমাকে দেখতে চায় না,0,0,0,0,1,0
আমার দেখা সেরা পরিচালক আরিয়ান ভাইসব সময় ভালো গল্প হয়,0,0,0,0,0,0
"গত ছয় মাসে, ক্রসফায়ারে  নিহত ১৩৬ জন, সীমান্তে ২৫ জন",0,1,0,0,0,0
অসংখ্য ধন্যবাদ অমি ভাই এতো সুন্দর নাটক উপহার দেওয়ার জন্য,0,0,0,0,0,0
যা তো চুদির ব্যাটা ২০০ টাকায় চুদবে আবার কত নাটক চোদায়,1,0,0,0,0,1
আমার জীবনের সেস্ট্রো নাটক খুব ভাল লাগলো সাধারণত আমি কমেন্ট করিনা না করে থাকতে পারলামনা থ্যাঙ্কস,0,0,0,0,0,0
"এদের সাথে চুলকানোর কি দরকার,  পেটের দায়ে এই লাইনে এসেছে যথেষ্ট ভদ্র ব্যবহার মা মাসি উদ্ধার করেনি এটা তোমার ভাগ্য",0,1,0,0,0,0
সত্যি কথা বলতে নাটকটা অনেক সুন্দর ছিল আর নামাজ পড়ার উৎসাহিত করার জন্য থ্যাঙ্ক ইউ পরিচালককে এবং আরিফিন নিসু ভাইয়াকে,0,0,0,0,0,0
অসাধারণ লাগলো নাটক টাধন্যবাদ নাটক এর সাথে জড়িত সবাইকেনিশু মেহজাবিন,0,0,0,0,0,0
"মুসলিম ধর্মে মেয়েদের যোগ্য সম্মান দেওয়া হয় না,ওদেরকে চাষের জমির সঙ্গে তুলনা করা হয়,ভোগের পণ্য হিসাবে ভাবা  হয়।",0,0,1,0,0,0
সেটাই তো করি ভাই। ঘাস লতা পাতা ইত্যাদি নিয়া থাকি।,0,0,0,0,0,0
আমি বুঝিনা এতো নাস্তিক আসলো কোতাথেকে????আল্লাহই ভালো জানে আমার সোনার বাংলার কি হয়!!!!,0,0,1,0,0,0
অসাধারণ নাটক ধন্যবাদ মিজানুর রহমান আরিয়ানা ভাই কে এবং আমার প্রিয় অভিনেতা অপুরব ভাইকে ও মেহজাবীন আপুকে,0,0,0,0,0,0
অনেক অনেক ভালো লাগছেমনটা ভালো হয়ে গেলদুয়া রইল আফরান নিশু ভাই,0,0,0,0,0,0
"ডান সাইডের জন্য মাঝের জনকে দেখিয়ে বললেন, ‘উনি আমাদের মিরপুরের স্বাধীনতার ঘোষক, জনাব মরশেদ ভাই’",0,0,0,0,0,0
আমি বলবো তাদেরকে বাংলাদেশে আসতে দেওয়া উচিত। কারণ বাংলাদেকে মনে রাখতে হবে ভারত যদি সালে তাদের বাংলাদেশিদেরপ্রবেশ করতে না দিত তাহলে তাদের কি অবস্থা হতো?,0,1,0,0,0,0
আরপাত নিশো এন্ড তানজিন তিশাঅপূর্ব + মেহজাবিন নাটক জগতের সেরা জুটি,0,0,0,0,0,0
তোদের মত তকিওনদের পৃথিবী ছারা করতে আমেরিকা ভারত আর ইজরাইল এগুলি ব্যবহার করবে শালা রাজাকার,0,0,0,1,0,0
"ইন্টারেস্টিং ব্যাপারটা হলো; সে ঘুরে যদি দেখে নজু বিষয়টা দেখেছে, তাহলেও যেমন তার বাপের চোখে পানি আসবে ...তেমনই যদি ঘুরে দেখে নজু বেক্কলটা কিছুই দেখেনি, তাহলেও কিন্তু আজ খুশিতে তার চোখে পানি আসবে...",0,0,0,0,0,0
খুব সুন্দর একটি নাটকতার পাশাপাশি খুব সুন্দর একটি ম্যাসেজ দিয়েছেনসেইটা আমাদের প্রত্যেক মুসলমান দের করা উচিতকিন্তু নাটকের শেষ খারাপ লাগলো,0,0,0,0,0,0
সব কিছুই ঠিক ছিলো কিন্তু বাবার অভিনয়টা আগের যুগের মতই ছিলো,0,0,0,0,0,0
বুদ্বিমান পরিচালকনিশো তানজিন দুজনই ভালগালিগুলো এজটু কড়া হয়ে গেছেতবু ও ভাল,0,0,0,0,0,0
উনার ঝুলিতে যে নিউজ আছে তাতে আগামী পঞ্চাশ বছর টেলিকাস্ট করা যাবে,0,0,0,0,1,0
বাংলাদেশের সিনেমা হল গুলোতে যদি ছবির বদলে এই নাটক গুলো চালানো হতো তাইলে দেশ অনেক বেশি উন্নত হইতো সাথে সাথে মানুষের বিবেক বুদ্ধি খুব সুন্দর ভাবে কাজ করতো☹☹,0,0,0,0,0,0
"অকৃতজ্ঞরা কখনো দেশপ্রেমিক হতে পারেনা, সে যে ধর্মেরই হোক।সকলকে ধন্যবাদ।",0,0,0,0,0,0
মেকাপ উঠালেই ভচের নুনুর নিচে বালের মতো মোচ দাড়ি আর ভাইয়াপুদের মতো হাসিটা বের হয়ে যাবে,1,0,0,0,0,1
কি যে আউল ফাউল ইংলিশ বলিস তোরা।বাংলাটাই আগে ঠিক মতো বলা শিখ হারামজাদা,0,0,0,0,0,1
চুদাচুদীর মত মজা আর কিছুই নয় চুদেচুদে ফাটিয়ে দাও সবাইকে সবাই,1,0,0,0,0,0
ট্রেইলার দেখে যতটুকু এক্সপেক্ট করেছিলাম তার থেকে ৫০ও পাইনাই বাট ভালো খারাপ না,0,0,0,0,0,0
ভারত নিজের সার্থ ছারা বাংলাদেশে কখনো আসেনি আমাদের সবার সজাগ থাকতে হবে।,0,1,0,0,0,0
অ‌নেক সুন্দর একটা নাটক ধন্যবাদ প‌রিচালক‌কে অার ইরফানও তিশা অ‌ভিনয় অনেক অনেক ভা‌লো লাগ‌ে‌ছে,0,0,0,0,0,0
বাংলা নাটক গুলো অনেক সুন্দর হচ্ছে এখন দেখতেই মন চায় শুধুনাটকের পরিচালক ভাইদের কে অনেক অনেক ধন্যবাদ এত সুন্দর করে বাংলা নাটক গুলো উপহার দেওয়ার জন্য,0,0,0,0,0,0
অসাধারণ নাটক আমি বেশ ইনজয় করেছি নাটকের নামটি আমি আসলে নাটক ফাটক অতো দেখি না জাস্ট কমেন্ট করি এবং পড়ি,0,0,0,0,0,0
"প্রদীপ ঘষতেই, মুহাহাহাহা করে এক বিশাল বড়বড় চোখের দৈত্য এসে বলছে; ‘কি চাও মামুনি? তোমার ৩ টা উইশ আমি পূরণ করবো’",0,0,0,0,0,0
সালে পূর্ব পাকিস্তান থেকে যে রকম বাঙ্গালী কে ভারতে আশ্রয় দিয়ে বাংলাদেশ হিসেবে স্বধীনতা লাভ করে দিয়েছে তেমনি ভাবে বাংলাদেশ ও আমাদের আশ্রয় দিয়ে রোহিঙ্গার দেশ আরাকান স্বাধীনতায় বাংলাদেশের মদদ চায়।,0,0,0,0,0,0
মাইরে চুদি খানকির পোলা বাংলাদেশের নিউজ পেপারে খারাপ কথা গরুর তেল দিয়া রোদ্রে শুকায়া তেল দিয়া বাইজা খাবো,1,0,0,1,0,1
ভড়ুয়া মাদার চোদ তুই কনে থাকিস তাই বল তোর কনো অদিকার নেই কনো ধরমো নিয়ে বদনাম করা তোর যেটা ভালো লাগে সেই ধরমো কর,1,0,0,0,0,1
ভারতের সন্ত্রাসী বাহিনি নিরিহ বাংলাদেশ সিমান্তের মুসলিম দের আতংকের অভিশাপ বাহিনি কিছু মরে নাই? শুধু আহত হলে হবেনা। মরলে খুশি হব।,0,1,0,0,0,0
আজ এসে বুঝলাম; কেবল লাল শার্ট পড়লেই হিরো হওয়া যায় না... রক্তটাও টগবগে লাল হতে হয়,0,0,0,0,0,0
গল্পটা এক কথায় অসাধারন নিশো বক্তদের দেখতে চাই কে কে আছেন,0,0,0,0,0,0
অনেক অনেক সুন্দর নাটক অনেকদিন পর এতো সুন্দর নাটক দেখলাম,0,0,0,0,0,0
এই খানকির ছেলেরা আবার তো হারলি। বাঘ আবারো নেরি কুততা হয়ে গেলো। কুকুর আবার বাঘ সাজতে যায়।,1,0,0,0,0,1
তুমি ছিলেআছো আজওতুমি থাকবে এ মনেখুব নীরবে জড়িয়ে ধরেবুকের ঘরের এক কোণে,0,0,0,0,0,0
নিসো ভাইয়ের মত সেরা অবিনেতা আর নেই তুমিই আমাদের বসতোমার সব নাটকই আমার থেকে বেস্ট লাগে,0,0,0,0,0,0
শুধু কাছে পাওয়ার জন্য ভালোবাসা নয়শুধু ভালো লাগার জন্য ভালোবাসা নয়নিজের সুখ বিসর্জন দিয়ে ভালোবাসার মানুষকে সুখী রাখার নামই ভালোবাসা,0,0,0,0,0,0
কোথায় শান্তিমত ইফতার করমু তার জায়গায় তোর এই বালমার্কা পিক দেইখা এখন টয়লেটে যাওয়া লাগবে,1,0,0,0,0,1
আরে আমাকেও রাজাকার বলে।কিন্তু আমার শুনতে খুবই ভালো লাগে।কারন আমি জানি বর্তমান সব রাজাকারই ভালো ভদ্র ধার্মিক শিক্ষিত হয়।তাই নিজেকে গর্বিত মনে করি।আমার মতে সবারই এই রকম রাজাকার হওয়া উচিত,0,1,0,0,0,0
এই হবে গদফাদার সন্ত্রাসি ক্রিমিনাল যার কথা আর বডিলেংগুয়েজ দেখলে বুঝা যাবে ভবিষতে কত বড় ক্রিমিনাল হবে ।,0,1,0,0,0,0
মাগীর বাচ্চা খাঙ্কিচোদা তোর মাকে শুয়োর দিয়ে চোদাই মাদারচোদ কাংলাদেশী কুত্তায় তোর বোনের ভোঁদা চাটে মাদারচোদ,1,0,0,0,0,1
"সব চেয়ে নিকৃষ্ট প্রাণী মহান আল্লাহ তালা বলেছেন, ইসলামের ব্যপারে কোনো গিয়ান নেই।",0,0,1,0,0,0
আমার দেখা সেরা নাটকতবে অনেক দিন আগে দেখেছি অনেক বার দেখেছি,0,0,0,0,0,0
"যখন দেখবে কলকাতার দাদারা আমার প্রশংসা করছে, তখনই বুঝবে যে আমি আমার দেশের বিরুদ্ধে কাজ করছি",0,0,0,0,1,0
আওয়ামীলীগের পতন হলে মানুষ তাকে কোন জুতা দিয়ে পেটাবে সেটা ভাবতে থাকা এটিএম শামসুজ্জামান,0,1,0,0,0,0
"আইএস যে মনে করে যুদ্ধে আছে তারা পশ্চিমাদের বিরুদ্ধে,তাদের হত্যাকাণ্ড জায়েজ হয়ে গেলো আয়াত অনুসারে??",0,0,1,0,0,0
অতঃপর সাফা কবির চাপা দিল নুসরাত হত্যা কেবাহ্ বাঙ্গালী বাহ্,0,1,0,0,0,0
"তোমার কষ্ট পুটকি মারা খাওয়ার, যেটা তোমাকে ব্যাথা দেয়।
বদলে যাওয়ার কষ্ট তুমি পেলে এতদিনে গে থেকে মানুষ হয়ে যেতে।
কি ভেবেছো,রোজা রেখেছি তাই অতি ক্ষুধায় তোমার পোস্টের আসল মানে আমরা বুঝতে পারবো না।",1,0,0,0,0,1
আপনি দাঁত খুঁচাতে খুঁচাতে আঙুল তুলে উল্টা দিক দেখিয়ে দিলেন,0,0,0,0,0,0
তোদের  লুইচ্ছা নবির বানানো ১ টা ধান্ধা গাজাকুরি গল্প বানিয়ে ইসলাম ধর্ম সৃষ্টি করছে।সেই বিশ্বাসে তরা যোগে যোগা পুটকি মারা দিয়া আসতাসস।,1,0,1,0,0,1
মা ছেলের চূদো চুদবে দিও।ধোনটা ধরে আস্তে আস্তে বের করতে হবে বের।,1,0,0,0,0,0
আল্লাহ তুমি এমন মানুষ গুলো কে বাচিয়ে রেখো সব সময় সত্যি কথা চোখের পানি ধরে রাখতে পারলাম না অনেক ভালোবাসি তোমাকে আমি অনেক,0,0,0,0,0,0
চুতমারানি তুই নিজে আগে বাংলিশ বাদ দিয়া বাংলা লেখ! তারপর আবেগী ক্যাপশন দুচাইস!,1,0,0,0,0,1
২০১৯ সালে প্রথম এমন একটা নাটক দেখলাম ভাই দ্বিতীয় পাট্টা বানাবেন ইনশাল্লাহ আশা করি ভালো হবে মানে এরকম আরেকটা নাটক বানাবার জন্য অনুরোধ করলাম,0,0,0,0,0,0
স্টার জলসার নাটকের মত হয়ে গেল আসছে আসছে করে আর আসে না,0,0,0,0,1,0
"আন্দালিব ভাই , এই মাগীর পুতেরা কিসু জানে না . সালারা বুড়া ভাম",1,0,0,0,0,0
"এই ধরনের মানুষগুলো হরতাল করে, তাদের কে এখনি পুড়িয়ে দেয়া উচিৎ",0,0,0,1,0,0
নাটকটা যতক্ষণ পর্যন্ত দেখতেছিলাম মনে হচ্ছিল কোনো একটা কষ্ট যেনো দূর হয়ে যাচ্ছে এতটাই ভালো লাগতেছিলো যা বলার মতো নাখুবই সুন্দর একটা গল্প নিশো ভাই তোমাকে অনেকে ভালোবাসিএরকম আরও ভালো গল্পের নাটক উপহার দিবে,0,0,0,0,0,0
আসামের রোহিঙ্গা মুসলমানদের তারিয়ে দেওয়া হোক কারণ এরা ভারতের মানুষ নয়,0,0,1,0,0,0
অসাধারণ নাটক খুবই ভালো লাগছে নিশো ভাই বলে কথা আর মেহজাবিন আপু কেও ভালো লাগছে,0,0,0,0,0,0
তুই তাইলে এই কষ্টের থিকাই পোলা থিকা হিজড়াতে পরিবর্তীত হইছস?,1,0,0,0,0,1
মেডাম আপনার স্বামী আছেন যদি থাকে তাহলে আজকে রাতে হিরো আলমকে এবং আপনার স্বামীর পেন্ট খোলে দেখবেন দুটোই একরকম না দুটো আলাদা আলাদা,0,0,0,0,0,1
শুধু বহিষ্কার করলে হবেনা হরহর মহাদেবরা। সরকারের উচিৎ কথিত পতিতাকে জনসমক্ষে ফাঁশি দেয়া উচিৎ। শালার মৌলবাদী সংগঠন,0,0,0,1,0,0
এ বাল্ডারে তো আমি ফলোই করিনা তাও আমার টাইমলাইনে আইসা গেলো কেম্নে ?,0,0,0,0,1,0
কিভাবে ভাষা প্রকাশ করব জানিনাআসলে অনেক অনেক সুন্দর একটাধন্যবাদ আরিয়ান ভাই ধন্যবাদ নিশু ভাই ধন্যবাদ মেহজাবিন কে,0,0,0,0,0,0
"কিন্তু আমি বের হয়ে যদি দেখি আপনি ভুয়া RAB, তাহলে তো আমি শেষ",0,0,0,0,0,0
সব নাটক এত ভালো লাগে কেনো নিশো ভাই এর জাস্ট জোস ছিল,0,0,0,0,0,0
তুরা নাস্তিকরা ফেরাউনের অনুসারি এবং ফেরাউনের সাথে জাহান্নামের আগুনে চুড়ে ফেলা হবে হবে তোদের।,0,0,1,0,0,0
পরী মনিকে সেই রিমান্ডের সরেজমিনে মনিটরিং করার দায়িত্ব দেওয়া হউক৷,0,0,0,0,1,0
নাটকটি তার শেষ কথা ৪ বছর আগে কেহ আমাদের এই সাপোর্ট টি দিলে আজ আমার ভালবাসার মানুষটিই আমার পাশে থাকত এর সাথে সাথে এটা বুঝিয়ে দিল শুধু ভালবাসা থাকলেই চলে না কাউকে পেতে হলে বুদ্ধিও কাজে লাগাতে হয়,0,0,0,0,0,0
“কোন কথাটি মনে হলে আজও আপনি মনের অজান্তে হেসে উঠেন?”,0,0,0,0,0,0
জুয়েল রানা না মরিয়া প্রমাণ করিল সে জঙ্গি নয় কিন্তু জঙ্গি বলে যাদের হত্যা করা হলো তারা কি আদৌ জঙ্গি ছিল সেটা প্রমান করিবে কে?,0,1,0,0,0,0
হিজাবের বিরুদ্ধে বলেন তার পুত্র আর তিনি নিজেই হিজাব পরেন,0,0,1,0,1,0
"খা খা খা তোরা চুষে চুষে খা, তোরা গিলে গিলে খা",0,0,0,0,1,0
আমি পাদ মরি গন্ধ তুমার নাকের সামনে যায় না।  এটা হলো সৃষ্টিকরতার প্রমাণ।,0,0,1,0,1,0
"বল হারামজাদা, আমি কবে বলেছি এই ম্যাসেজটা ১০ জনকে পাঠাতে না হলে খারাপ সময় আসবে",0,0,0,1,0,0
"তাও আমরা ২/৩/৪ বছর টুস করে কমিয়েও যে ফেলি না, তা বলব না",0,0,0,0,0,0
ঢাকায় অবস্থান রত সকল বৌদ্ধ মালাউনদের হত্যা করার আহবান জানিয়েছেন যুক্তরাজ্য প্রবাসী নেতৃবৃন্দ।,0,0,1,1,0,0
বেচারা পাঁচশো টাকা নিয়ে শপিং করতে গেছে পাঁচশো টাকা জরিমানা খাইছে ।,0,0,0,0,1,0
অনেক অপেক্ষায় ছিলাম নাটকটির জন্যঅনেক ভালো লাগলো নাটক টি দেখে,0,0,0,0,0,0
কাজল আরফিন অমি ভাই আপনার নাটক গুলা অনেক সুন্দর হয় আপনি পুরষ্কার পাবেন অবশ্যয়,0,0,0,0,0,0
রিয়াজ একটা হিজরাওত সুন্দর বউ কে খেলা বাদ দিয়েহালা আমার কাছে দে,0,0,0,0,0,0
ভাই অনেক দিন পরে ত্রকটা সুন্দর কাহিনি দেখলাম অনেক ভালো হইছে,0,0,0,0,0,0
"মন্ডা চায় আবদুল মালের ওই টাকলা মাথা তুর হুগা দিয়া বইরা দিতে, তুরে যদি মান্দার গাছের লাঠি দিয়া ইচ্ছা মতো পিডাইতে পারতাম. মনে শান্তী পাইতামরে নাকির পোলা",1,0,0,0,0,1
এটা দারুন আজ থেকে আমিও চেষ্টা করবো নিয়মিত নামাজ পড়ার,0,0,0,0,0,0
শেষ সময় জেরিন আর তার বাবার সাথে একবার অয়নের দেখা হলে অডিয়েন্স অার একটু বেশি উপভোগ করত,0,0,0,0,0,0
আওয়ামী লীগ ছাত্র লীগ সব এক ধরা খাইলে বলে ওরা আমাদের কেউনা আমরা ওদের চিনিনা বাটপার,0,1,0,0,0,0
এই ঈদের গ্রামের নাটকের মধে সেরা নাটক হচ্ছে এইটাই জয়েন ফ্যেমেলী ব্যাচালার ঈদ অসাধারণ দুটি নাটক,0,0,0,0,0,0
মুত্রের সাথে একমাস তিনবেলা করে গো মাংস খা  তোর মানুষিক সমস্যা ঠিক হয়ে যাবে।,0,1,0,0,0,1
ভারতীয়রা এতটাই অশিক্ষীত যে তারা ঠিক মত বাংলাদেশ বানানটাও লিখতে পারে না লিখে কাংলাদেশ ছি ছি।,0,0,0,0,1,1
"খালেদা জিয়াকে বিনা দোষে কারাগারে পাঠানো হয়েছে, নুর কি এই কথাটি ঠিক বলেছেন?  খালেদা জেলে গেছেন আদালত কর্তৃক দোষী সাব্যস্ত হয়ে।",0,1,0,0,0,0
"যাই বলি না কেনো কু্ত্তাডায় সবসময় হাসি মুখে থাকে..
বালের সয়তন",0,0,0,0,0,1
আর শুনো ভাই আবার একটু জিমে যাও তুমি জিমে যাও প্র্যাকটিস না করে শরীর কমলে সব কমবে ভাই তোমার ।,0,0,0,0,0,1
"আহহ উহহ,কতো বড় বড় দুধ খালি ঝোকে মনে হয় ধরি",1,0,0,0,0,0
আরে মিয়া ভাই মুখটা অন্তত সাবান বা ফেস ওয়াশ দিয়ে ধুয়ে আস।,0,0,0,0,1,1
"যখন শিক্ষকদের লাঞ্ছিত করে হত্যা করে তখন প্রতিবাদ হয়, প্রতিবাদ নিকৃষ্ট জানোয়ারকে অপমান করলে, এট্ইা কি ধর্ম নিরপেক্ষতা?",0,0,1,0,0,0
পাট১ দেখেছি খুব ভাল হয়েছে দ্বিতীয় পাট দেখতেছি মনে হয় ভালই হবে,0,0,0,0,0,0
"তবে, আজকে আপনি দাতা হিসেবে না ইনপুট দিলে, কালকে আপনি গ্রহীতা হিসেবে ব্লাড নাও পেতে পারেন",0,0,0,0,0,0
আজকে দেখা নিয়ে দুই দুই বার দেখা হয়েছে ধন্যবাদ এমন সুন্দর সুন্দর নাটক উপস্থাপন করার জন্য,0,0,0,0,0,0
তোমাদের  বউ বোন কে অর্ধ নেংটা করে রাস্তায় মার্কেটে ঘুরালে কি তোমাদের  দেবতা সন্তুষ্ট হয়? শাড়ির পড়ে পেট পিট বের করে রাখলে  হাফ নেংটা করে রাখলে,1,0,0,0,0,1
মালাউনের গেষ্ঠি না খেললে ওদের ক্রিকেটের সর্বোচ্চ সংস্থা থেকে বহিষ্কার করা হউক।,0,0,1,0,0,0
ভারত কুন দিনই বাংলা দেশের বন্দু চিলনা ।আর কুন দিনও বন্দু হতে পারে না ।কিছু দালাল আছে যারা জুর করে বন্দু মানাতে চায় ।আসলে দুনিয়া যত গুলু রাষ্ট আচে তার মধ্যে রেন্ডিয়া হল নম্বার ফালতু রাষ্ট ।,0,1,0,0,0,0
সত্যিই বলে বা লিখে বোঝানো যাবে না নাটক টা কত ভাল লাগল,0,0,0,0,0,0
"আমি বললাম ""ঝড় এখনো থামে নাই... কান পরে ধরেন... আমি দেখি আপনার মানিব্যাগ খুঁজে পাই নাকি”",0,0,0,0,0,0
তোরা মেয়ের নামে কলংক তোদের ভোধা বিতর কতো রস তোদের কে চুদে পতী দিতে পারেনাই তোদের জামাই।,1,0,0,0,0,1
সত্যি মন ছুয়ে দিল আর কাদিয়ে দিল খুব ভাল লাগল,0,0,0,0,0,0
যা বলছিলাম...আমি শিওর প্রতি মহল্লাতেই এরকম মুনির ভাই ২/৩ টা করে আছে,0,0,0,0,0,0
এমন ভুল করবা না যেটা ক্ষমা চাইতে হবে পরে...তরে জুতা পেটা করা উচিত,0,0,0,1,0,1
ফোনের স্ক্রিনটাই পুরা নষ্ট হইয়া গেছে তোর এই আছুদা মাকা পিক দেইখা।এহন স্ক্রিনের উপর মুইত্তা তারপর ঠিক করণ লাগবো,1,0,0,0,0,1
জবা পারে না এমন কোন কাজ এই পৃথিবীতে আছে বলে আমার মনে হয় না,0,0,0,0,1,0
"মাহি বি দুই বাব বেটা মিলে ১টা আসন পাবেনা,তার আবার বড় বড় কথা,",0,0,0,0,1,1
এই ধরনের খানকিদের কোপানোর পর টুকরা টুকরা করে কুকুর কে দিয়ে খাওয়ানো উচিত,1,0,0,1,0,1
মানবতা চুদাছ কি বালের পড়াশুনা করছচ তু যদি হেডাম থাকে জাকির নায়েক এর সাথে বসিছ তুর হেডাতে কত রস আছে দেখমু চি তুর মা বাবার পাপের ফসল তুই মাগি,1,0,0,0,0,1
"যখন কোন কোম্পানি বুঝে যাবে, আপনার মাথায় জিনিস আছে (লক্ষ্য করবেন, সার্টিফিকেট নামের জিনিসটার কথা বলছি না...বলছি মাথার জিনিস) তখন কোম্পানি আপনাকে ছাড়বে না",0,0,0,0,0,0
স্টার জলসার দরবারে সব বারোভাতারির মেলা ! নাটকের মুন্ড চটকে বানাইছো ভুনা !,0,0,0,0,1,0
নিশোর চিপা দিয়া এন্ট্রিটা চরম হইছে আর তিশার এন্ট্রিটা তো আউটস্ট্যান্ডিং,0,0,0,0,0,0
"বাংলাদেশে যতো ইসলাম ধর্ম নিয়ে কটুক্তি করা হয় তা যদি সরকারের বিরুদ্ধে করতো তাহলে নুরুর মতো অবস্থা হতো ,",0,1,0,0,0,0
তোর মার দুধ আমার শুনায় লাগামু তর মার দুধে আমার শুনা লাগামু ।তর মার ভুদায় আমার মাল আউট করুম ।তর মাইরে আমার মাল খাওয়ামু,1,0,0,0,0,1
"আমি বললাম, “দাঁড়াও তো দেখি তোমাদের এপে আমার অফিসে এসে চুলে কলপ দিয়ে যাবে টাইপ কাউকে পাওয়া যায় নাকি”",0,0,0,0,0,0
মেয়েরা যখন যৌন উত্তেজনায় পাগল হয়ে ওঠে তখন মুখের অবয়বটা এরকমই হয়,1,0,0,0,1,0
এক সময় সিগারেট খাওয়া ... রাফ ড্রাইভ করা ... নামাজ ফাঁকি দেয়া ছিলো স্মার্টনেস,0,0,0,0,0,0
যারা মন ফাগুনের প্রোমো দেখার জন্য অধীর আগ্রহে অপেক্ষা করছেন তাঁদের জন্য আমার অনেক সমবেদনা রইল ।,0,0,0,0,1,0
এ শালিকে একন এক করে চুদাতে দিল না লে দে খানকি,1,0,0,0,0,0
আমার ইসলাম নিয়ে কেউ বাজে কথা বললে আমার কলিজার ভিতর আগুন জ্বলে উঠে।,0,0,1,0,0,0
অনেক সুন্দর একটা নাটকআ্যান্ড নাটকের জাইগা গুলো খুব সুন্দর লাগছে,0,0,0,0,0,0
"হ্যালো, আই ডিপজল কইছি, তুই কেডা? তুই যারে পাটক্ষেতে ডাকো সেই",1,0,0,0,0,0
এইতো সেদিন একজন মুক্তিযোদ্ধাকে পিটিয়ে আহত করল আওয়ামিলীগের লোকজন।বিচার হল? কি অদ্ভূত নিজের দেশের মুক্তিযোদ্ধাকে পেটাবে আর ভিনদেশের মুক্তিযোদ্ধাদের সম্মাননা দেব।এটা ভারতকে তেল মারার চেষ্টা ছাড়া আর কিছুই নয়।,0,1,0,0,0,0
ভারতীয় নাগরিক হলে তাদের জন্য জাতিয় পরিচয় পত্র দেওয়া হবে মিয়ানমার এর নাগরিক হলে কনো অবস্থায় চাড় নাই এদের একটি অপরাধ সেটি হলো এরা মুসলিম?,0,1,0,0,0,0
"মুশরিকদের হত্যা কর যেখানেই তাদের পাও এবং তাদের ধরো, ঘেরাও করো এবং তাদের প্রতিটি ঘাঁটিতে তাদের খবরাখবর নেওয়ার জন্য শক্ত হয়ে বসো।",0,0,1,0,0,0
ভারতে পৃথিবীর তিন ভাগের এক ভাগ দরিদ্র লোক বাস করে। তাই অজ্ঞতা এবং অপরাধ ওখানে সবচেয়ে বেশি।,0,1,0,0,0,0
এই বালের কন্ঠ সালায় আসলেই রেন্ডিয়া চারালের জন্মের ওর নিউজ বেসির বাগই বকবাজ।,0,1,0,0,0,0
সেইসব খানকির ছেলেরা এখন কোথায়? যারা পুলিশ ফাইল এ কোন মুসলিম দের ধরষন এর ঘটনা দেখে বাজে বাজে কমেন্ট করে বলে যে মুসলিম দের চরিত্র এইরকম,1,0,1,0,0,0
আজীবন বস্তা পচা মুভি করে যাও আর শর্টকাটে দুবাই ঘুরে আসো দোয়া করি,0,0,0,0,1,1
মিথিলার কথা গুলে চমৎকার ছিলোতার মধ্য স্বার্থপরতার ভাব ছিলো না,0,0,0,0,0,0
সেই ভালো লাগছে কিন্তু শেষের কথা গুলো ভিতরে লাগছে সব মিলিয়ে ভালো লাগলো নাটক টা,0,0,0,0,0,0
সাফার নাটক ও সকল মডেলিং গান আমাদের বর্জন করতে হবে,0,0,0,1,0,0
আমার নয় এবার তোদের সময় কাছে এসে পড়েছে ভারতে যাওয়ার জন্য রেডি হয়ে যা কুত্তার বাচ্চা কাংকিকে বলেদিছ যেন দালালদের কে বাংলাদেশ থেকে সাথে করে নিয়ে যায়,1,0,0,1,0,0
ঠিক।বাংলাদেশকে অর্থাত্ আওয়ামী লীগকে এমন ভাবে হাত করে এরা বাংলাদেশ চালাচ্ছে।এখন বোঝাই যায় না আমরা বাংলাদেশী না ভারতীয়?,0,1,0,0,0,0
রেন্ডিয়ান রা মাকে মা না বলে একটা জানোয়ার কে বলে মা যার কারণে সবাই হিন্দুদের জানোয়ারের বাচ্চা বলেই ছিনে।,0,0,1,0,0,0
"তারা চিন্তায় পড়ে গেলো... পরের দিন এসে বলল, “আমি ঠিক করেছি আমি আর হুজুরের কাছে পড়তে যাওয়ার আগে জ্বর জ্বর লাগছে বলব না”",0,0,0,0,0,0
অনেক দিন পর একটা পারিবারিক সতেচন মূলক নাটক দেখলাম ভালো গালছে,0,0,0,0,0,0
তবে কি দেশ এখন রসাতলে।কোন মানুষ জামাত করলেই।সে কেন হবে রাজাকার।এটি দেশ না।এটা জালিম দের আখরা।কি আর লিখবো নাকি বলে আমিও রাজাকার।,0,1,0,0,0,0
"ধর্ষকের আবাস, কবে হলো সেনা নিবাস? পুলিশের উপস্থিতিতে এমন স্লোগান পুলিশকে বিতর্কিত করেছে",0,1,0,0,0,0
আমি প্রবাসি অস্টোলিয়ায় থাকি সময় পেলে বাংলা নাটক দেখি খুব ভালো লাগল,0,0,0,0,0,0
ভারতের ভাই তুমি আমাদের কোরান পরো আসলে তুমি  কিচুই  বুঝতে  পারোনা তোমার গিতা পরো তোমাদের গিতা আমরা যদি পরিতে পারি তোমরা পারোনা কেনো,0,0,1,0,0,0
"মনডায় কয়,এই হালার পুতেরে ধইরা ল্যান্টা কইরা, এখন বৈশাখ মাসে কোন খাম্বার লগে উপুত কইরা বাইন্দা রাখি, যেন কাল বৈশাখী ওর হোগার মধ্যে একটা ঠাডা ফালায় মাইরা ফালায়
হারামজাদা,!!",1,0,0,0,0,1
ভারত আমাদের প্রতিবেশী কিন্তু লোভী রক্ষণশীল এবং সামাজিক দৃষ্টিভঙ্গিওঅর্থনৈতিক ভাবে বছর পিছিয়ে ।,0,0,0,0,0,0
এই মাদারচুদ যে লোককে দেখালি সে মুসলিমনা সে ইহুদি সে দাড়ি রেখে এই সব নাটক করে আমরা সব বুজি,1,0,1,0,0,1
আজব ভাইএই নাটক এর নাম ফ্রেন্ডস উইথ বেনিফিটস কেন দিল তাই বুঝলাম নাহবাট নাটক টা ভাল ছিলো নামকরণ টাই বুঝলাম না,0,0,0,0,0,0
পরিচালক কে অত্যন্ত ধন্যবাদ নামাযের বিষয় টা উল্লেখ করার জন্য৷ নামায পড়া আবশ্যক প্রত্যেক মুসলিমের জন্য,0,0,0,0,0,0
"হাঊয়ার নাতি, তোর হোগা দিয়া ভিজা পাঊরুটি আর ফুলকপি ঢুকামু। আমার ঘরের আলমারি ঢুকামু। জনি সিন্স এর বোয়িং উড়োজাহাজ ল্যান্ডিং করামু।",1,0,0,1,0,1
হাউয়ার নাতি। তোর স্যাটেলাইট আর স্যাটেলাইট এর নিচের আড়া বিচি আর তারা বিচি তোর পুটকি দিয়াই ভরমু। তুই মুতলে তোর পুটকি দিয়া আবার মুত ডুইকা যাইবোগা,1,0,0,1,0,1
এই সেই মালাউনের বাচ্চা বিমল চন্দ্র সাধু যে বাড্ডায় কোরআন পুড়িয়েছে সে নিমতলা মন্দিরে দায়িত্বপ্রাপ্ত ব্যক্তি,0,0,1,0,0,0
সানাই ব্লাউজ টা খুলে সেলপি করো। রান দেখায়া কি লাভ,1,0,0,0,0,1
ভারতের জনগণ কি বোকাচোদা? বাংলাদেশের দুইটাকা কে ভারতের পাঁচ টাকা দিয়ে কিনবে? ভারতের পাঁচ টাকার দাম বাংলাদেশের দশ টাকার সমান ।,1,0,0,0,0,0
"তোর মুভমেন্ট দেখে বুঝা যাচ্চে 
আজকে রাতের জন্য পাশের ছেদাহীন মাগি টারে ঠিক করবি।",1,0,0,0,0,1
"রানু একটা মাগি, ওর কথায় ওর পরিচয়, এই মাগির মাথায় থু দেওয়া উচিত",1,0,0,0,0,1
মাসিতো দারুন বলেছে: মোবাইল নম্বর নেয়ার আগে গুদের নাম্বার নাও মাসির গুদের নাম্বারটা জানতে চাই,1,0,0,0,0,0
দেশের মানুষ আবার যুদ্ধ করতেছে আর তুই মডেল চোদাও শাউয়ার নাতি,1,0,0,0,0,1
"দাদার দেশ ভারত যাচ্ছি, তা দিদি খেয়ে এসেছেন? না , যেয়ে খাবেন?",0,0,0,0,1,0
ছেলেটির বিকৃত কাম কে প্রশয় দিয়ে মেয়েটি নিজেই নিজের বিপদ ডেকে আনে শালী মাগী একটা খাংকি,1,0,0,0,0,1
সত্যি ভাই অসাধারণ শেখার মতো নাটক সালাম আপনাকে ভাই এমন নাটক বানানোর জন্য,0,0,0,0,0,0
এ ধরনের নাটক গুলো দেখলে জীবন আরো সুন্দর হয়ে যায়নাটক এর মত যদি সুন্দর জীবন গড়া যায় এমন নাটক দেখলে আর অশান্তি থাকবে না,0,0,0,0,0,0
টর্চার হিসেবে নড়তে চড়তে না দিয়ে ৭ ঘণ্টা চেয়ারে বসায়ে রাখা হলো,0,0,0,0,0,0
তারেক তোর মারে আর বাংঙালি এবং পাকিসতানি দিয়া আর চোদা খাওয়াইচ না ।,1,0,0,0,0,1
জানি না কতটা দরদ দিয়ে কাজটা করলে এমন একটা সুন্দর নাটক বানানো যায়,0,0,0,0,0,0
নাটকটা খুব সুন্দর ও ভালো হইছেশুধুই খারাপ গালি গুলো না থাকলে আরো সুন্দর হইতোসারা বিশ্বের মধ্যে আমাদের বাংলাদেশের নাটক খুব সুন্দর ও ভালো হয়ধন্যবাদ প্রিয় নিশু ভাই ও তিশা আপু এবং পরিচালক কে,0,0,0,0,0,0
"জুতা যতই দামি হোক তার স্থান পায়ে তার স্থান কখনো মাথায় হয়না, একটা প্রবাদ আছে কয়লা ধুলে ময়লা যায় না আসলেই সত্য",0,0,0,0,0,1
শেখ মুজিব হত্যার জন্য ফেঁসে যাচ্ছে তথ্যমন্ত্রী হাসানুল হক ইনু,0,0,0,0,0,0
মালাউনরা পাকিস্তানিদের বাবা বলে ডাকে কেন কেউ কি বলতে পারেন,0,0,1,0,0,0
তুমি যদি পুলিশ হও তবে আমি হাজার বার অপরাধ করবো আমি তোমার জেলে যাবত জীবন কাটাতে চাই,0,0,0,0,1,0
থলের বিড়াল বেরিয়ে আসা শুরু করলেই হায়নারা ক্রসফায়ার নাটক শুরু করে,0,1,0,0,0,0
হিন্দুদের সবচেয়ে বড় সমস্যা হিন্দুরা নিজেরা তাদের ধর্মীয় গ্রন্থ পড়ে না।,0,0,1,0,0,0
ভারতে এই ধরণের কোনো নাটকই হয় না শুধুই সিরিয়াল হয় তাই আমি এই নাটক গুলি দেখি অপূর্ব ও মেহজাবিন অপূর্ব,0,0,0,0,0,0
যেভাবে একের পর এক বিদ্যুৎ কেন্দ্র ভারতের হাতে চলে যাচ্ছে তাতে বিদ্যুৎ সেক্টরে বাংলাদেশ ভারতের কলোনিতে পরিণত হবে,0,1,0,0,0,0
"সেখানে রাস্তায় রাস্তায় লেখা থাকবে, এখানে প্রস্রাব করা যাইবে... এখানে ময়লা ফেলা যাইবে",0,0,0,0,0,0
মুসলমান দেশের মধ্যে ইরানে একমাএ সাহসী দেশ বাকীরা সবাই আবাল আর বাংলাদেশটো গাধার দল ভারতের মালাউনের কাছে বাস খায়,0,1,0,0,0,0
"তোদের মুর্খ নবি ডঃতিতে ও কম যায় না,উটের মুত দিয়া টনিক বানিয়ে খাওযাতো যা এখনো তরা উটের গু মুত খাস ।",0,0,1,0,0,0
ব্যাংক থেকে দশ টাকা লোন তুলে একটা এম বি কার্ড কিনছিলাম এই বালের পিক দেখে শেষ সম্বল টুকু ও গেল আমি এর তীব্র প্রতিবাদ জানাচ্ছি । সাথে সাথে কৃতপক্ষের দৃষ্টি আকর্ষন করছি আমার এম বি টুকু ফেরৎ দেয়ার জন্য ।,0,0,0,0,1,0
ফ্ল্যাট দুটোর ভিতরের মাঝখানে দেওয়ালটা ভেঙে কানেক্টিং ফ্ল্যাট করে দেওয়ার দায়িত্বটা প্রথম আলোর সাংবাদিক কে দেয়া হোক । তাহলে আরও ভিতরের খবরটা ভালো ভাবে জানাতে পারবে,0,0,0,0,1,0
এত ভাল গল্প আর অভিনয় দেখার পর আর কোন কমেন্টস করার সাহস নাই বৃন্দাবন দাশ অসাধারণ আর খুশী আপার কথা নাই বা বললাম আসলেই শেষের সংলাপ গুলো এত মায়াবী যে আবেগ ধরে রাখা কঠিন,0,0,0,0,0,0
নাটকটি আমার খুব ভাল লাগছেতাছারাও নিশো ভাই আর তিশা আপুর দুই জনের এক সঙ্গে আামার খুব ভাল লাগে,0,0,0,0,0,0
যিশু যদি ইসলাম ই হলো ।ইসলাম আর খ্রিষ্ঠান এদের বিবাদ কেন।।,0,0,1,0,0,0
অসাধারণ একটি নাটক দেখলাম আসলে বুকের বা পাশে আর এই নাটক টি বলতে গেলে অসাধারণ হয়েছে মিজানুর রহমান ভাই কে ধন্যবাদ দিয়ে ছোট করতে চাই না এরকম আরও সুন্দর নাটক উনি উপহার আমাদের কে দিয়ে যাবেন আসা করি,0,0,0,0,0,0
"...যে বাসায় চাকরি করে তার বাপ, সেই বাসার গেটের সামনে দাঁড়িয়ে বাপ ব্যাটা গপ্প করছে",0,0,0,0,0,0
ওরে মালুর দল পাকিস্তান ছোট দেশ হয়েও তোদের অবৈধ বাপ রেন্ডিয়ারে যে চোদা দেয় তাতে তোদের হয় না?চায়না চোদা দিলে মজা বেশি পাবি?,1,0,1,0,0,1
আমাদের প্রিয় ভূমি এভাবে খন্ডিত না দেখতে চাইলে এখনই সময় রুখে দাঁড়াবার,0,0,0,0,0,0
অনেক দিন পরে অনেক ভালো একটা নাটক দেখলাম মনটা শান্ত হয়ে গেছে অনেক ভালো মেসেজ ছিলো নিশো ভাই তিষা আপু এমন ভালো কাজে গুরুত্ব দিবেন বেশি ধন্যবাদ নাটকের সাথে জড়িত সকলা কলা কুশলি দের আরো ভালো ভালো নাটক দেখতে চাই,0,0,0,0,0,0
এবার রোজাতে কেকা ফেরদৌসি কাঠালের বিচির সাথে আবাল আরিপ্পার বিচি মিক্স কইরা জুস বানানোর রেসিপি নিয়া হাজির হইবো,1,0,0,0,0,1
সালে যে বাবে পাকিস্তান রাজাকার বাহীনি জনগণ উপরে হামলে পড়েছিল,0,1,0,0,0,0
সেই দেশে সিলেট বা হলি আর্টিজানের মতো ঘটনা কোনভাবেই পুরো বাংলাদেশকে রিপ্রেজেন্ট করে না,0,0,0,0,0,0
ডিরেক্টর বা নির্মাতাদের বিছানা গরম করতে পারলেই তো স্টার হওয়া যায় অশ্লীল পোশাক পরে পাবলিকের মাথা গরম করার কি দরকার,1,0,0,0,0,1
মাল ঠিক আছে খেলে আরাম পাওয়া যাবে সেক্সে পুরা শরীরটা ভরা,1,0,0,0,0,0
সানাইয়ের নগ্ন উরু দেখলে শালা তেলাপোকাও দৌড়ে পালাবে ওখানে ঢুকতেই চাইবে না,1,0,0,0,0,1
ও মাগো এই রাতের বেলাই এত বড় জরুরি খবর টা দেওয়ার জন্য কি বলে ধন্যবাদ দেবো ভাষা খুঁজে পেলাম না,0,0,0,0,1,0
বাংলার সেরা নাটকের একটা হিসেবে মনে করি আপনারা কি বলেন,0,0,0,0,0,0
ঈরানির বুদা জিরানির মত আরিপের বুদা লাল তাবিজ্জা তর বুদা সুদে বানিয়েছে খাল,1,0,0,0,0,0
সুপ্পার ভাই এইটা একটা নরমাল লাইফ এভাবে যদি সকল মানুষ থাকতো তাইলে লাইফটা এতোটা কঠিন হতো না পৃথিবীতে সকল শান্তির চাইতে সবচেয়ে বড় শান্তি হলো বিশ্বাস এই গল্পটা দেখে চোখে পানি দরে রাখতে পারিনি আসলে এটাই একটা সুন্দর জীবন,0,0,0,0,0,0
সড়ক মহাসড়কের মহা দুর্ণীতির মহানায়ক অক্সিজেন কাদের কোরআনের পরিবর্তে মহাভারত পাঠের প্রচারণার জন্য মহা পুরষ্কার পেয়েছেন এখন সালমান এফ রহমানের মত নতুন নতুন দরবেশী নসিহাতনামা পেশ করবেন।,0,0,1,0,0,1
“আপনি শিওর তো..?? আসলে বয়েস হিসেবে আমি অজ্ঞান হবার ওষুধের মাত্রা ঠিক করব”,0,0,0,0,0,0
শামীম ভাই যে অভিনয় করছে সেরাএত্ত হাসি নাই ঈদের অন্য কোন নাটক দেখে চিয়ার্স,0,0,0,0,0,0
"তৃতীয় বিয়ে নিয়েও সমস্যায় শ্রাবন্তি, এই সংবাদে লুচ্চা ব্যক্তির নিবেদন, আমাকেও একবার সুযোগ দেওয়া হোক",0,0,0,0,1,0
নাটকের মধ্যে নামাজের উপদেশ দেওয়া টা খুব চমৎকার হয়েছে ওমি ভাই কে ধন্যবাদ পুরো নাটকটাই অসাধারন হয়েছে,0,0,0,0,0,0
বলুনত হিন্দু ছেলেরা মদিরের বারেন্দা মদ খায় ও জুয়া খেলে কেন,0,0,1,0,0,0
মিজানুর রহমান আরিয়ান ভাই আপনি আবারও সেরা লাভ ইউ বস,0,0,0,0,0,0
অনেক সুন্দর লেগেছে নাটক টাআফরান নিশোর নাটক সবসময় সুন্দর হয়,0,0,0,0,0,0
"নাস্তিক বা হিন্দুরা আপনার এই ধরনের বক্তব্য শুনে আরো চটে যাচ্ছে, রেগে যাচ্ছে",0,0,1,0,0,0
ভালোবাসা বুজি এমনই হয় নিজে তিলে তিলে শেষ হয়ে যাবে কিন্তি প্রিয় মানুষ গুলোকে জানতে দিবেনা ভালোবাসা মানে শুধু নিজে ভালো থাকা না প্রিয় মানুষটার ভালো দিকটা ভাবা তবে শেষটা মানতে পারছি না এর ২য় পার্ট চাই,0,0,0,0,0,0
বাস্তবতা এমনইযখন ভালোবাসা থাকে তখন সফলতা থাকেনা🤭আর যখন সফলতা আসে তখন আর ভালোবাসারমানুষটা থাকেনাবাস্তবতা নিয়েই আমাদের পথচলতে হয়,0,0,0,0,0,0
এই নাটক টা দেখে চোখে পানি চলে আসচ্ছেএই রকম সুন্দর নাটক আরো চাই,0,0,0,0,0,0
আফরান নিশু ভাই চমৎকার হয়েছে আপনাদের অভিনীত নাটকটি ধন্যবাদ তানজিন তিশা আপু ও নিশু ভাই আরও বেশি ভালো লেগেছে নামাজ পড়তে বলেছেন নামাজ দিয়ে জীবন গড়ো সুখেশান্তিতে বসবাস করো,0,0,0,0,0,0
এই বছরের সেরা নাটক ছিলো নিশো ভাইয়ের তার সাথে নামাজ পড়বার দাওয়াত অসাধারণ লাগছে,0,0,0,0,0,0
আইন অনুযায়ী তাকে মাটির মধ্যে গর্ত করে হাফ পুঁতে দিয়ে দুর থেকে পাথর ছুরে হত্যা করার বিধান দেওয়া আছে,0,1,0,0,0,0
খুব মজা লাগল অনেক অনেক ভাল হইসে সবার অভিনয় গল্প টাও দারুন ছিল,0,0,0,0,0,0
"কনভোকেশানের মত ড্রেস পরা, গম্ভীর মুখের মানুষ? পাশে বড় পাখা নিয়ে রোগা পটকা লাল ড্রেস পরা একজন বাতাস করতে থাকবে",0,0,0,0,0,0
ভাই এই ঈদে অনেক সুন্দর নাটক উপহার দিছেন দেখে ভালো লাগলো,0,0,0,0,0,0
এই ঘটনা যদি পাকিস্তানি সেনারা ঘটাতো তাহলে দেখা যেত রেন্ডিয়ার সংবাদ মাধ্যমগুলো কিভাবে ফলাও করে তা প্রকাশ করে।।।,0,1,0,0,0,0
ভীষণ সুন্দর একটা নাটকখুব ভালো লাগলোশেষে নামায পড়ার কথা বলায় ও ভীষণ ভালো লাগলো,0,0,0,0,0,0
বৃন্দাবন দাস এর দুই চেলের অভিনয় দেখে আমি মুগ্ধদুর্দান্ত অভিনয় করসে,0,0,0,0,0,0
সুমন ভাই যুবলীগের পদ পাওয়ার পর পরই বাংলাদেশের রাস্তা সিংগাপুর হয়ে গেছে হায়রে ভাই,0,0,0,0,1,0
বাপ-বেটা নিজেদের বাদ দেয়াকে রাষ্ট্রবিরোধী ষড়যন্ত্র বলছে । নিজেদেরই রাষ্ট্র মনে করে নাকি?,0,0,0,0,1,0
আপনারা হিন্দু ধর্মের বিরুদ্বে খুবই সুন্দর যুক্তি উপস্হাপন করেন। কিন্তু ইসলামের বিরোদ্বে   যৌক্তিক কথা বললেও কেন কোপ খেতে হবে ?  কেন ৫৭ ধারায় গ্রেপ্তার হতে হবে ?,0,0,1,0,0,0
বেমন্মা এডমিন মকবুল তোর মার সাথে প্রথম রাজাকারী করছে এটাও আমাদের কাছে স্পষ্ট,1,0,0,0,0,1
"মহিলা আসামি ধরতে মহিলা পুলিশ আসে, পুরুষ আসামি ধরতে কেন মহিলা পুলিশ আসলো, বুঝলাম না",0,0,0,0,1,0
ওবায়দুল হক সাহেবের কিছু হলে তাকে স্বাধীনতা বিরোধী কোনো পক্ষের পক্ষ থেকে ছাড় দেওয়া হবে না,0,0,0,1,0,0
"আর একবার কার কাছে জিজ্ঞাসা করে দেখ, গুলি কিভাবে মারল",0,0,0,1,0,0
অসাধারণ একটি নাটক খুব ভালো লাগলো ধন্যবাদ আফরান নিশো ভাইয়া কে এবং তানজিল তিশা আপুকে,0,0,0,0,0,0
অসাধারণ সুন্দর একটা নাটক ধন্যবাদ বান্না ভাই মাত্র ৫৩ মিনিটে সম্পুর্ণ সংসার জীবনের বাস্তবতা তুলে ধরবার জন্য,0,0,0,0,0,0
"আর ওয়ান্স কেউ ব্রেইন খাটাবে, সে অপ্রতিদ্বন্দ্বী হয়ে উঠবেই উঠবে... সেটা চাকরীর বাজারে হোক... মাছের বাজারে হোক... বা, বিয়ের বাজারেই হোক  :P",0,0,0,0,0,0
মাদারচোদ খানকির পোলা ব্রাজিল টিম এর প্রতি কুফা লাগলে তরে আমি রাস্তায় পইরা থাকা ব্যবহৃত কনডমের ভিতর ঢুকাইয়া রাখমু,1,0,0,0,0,1
বাংলার নাটক গুলা খুব বাস্তবতা অনেক ভালোগার মত এই ভাবে আর ভালো ভালো নাটক দেখতে চাই আমরা,0,0,0,0,0,0
গার্লফ্রেন্ডরা কখনো ভালো হয় নাআর এই টাইপের মেয়েরা কারো গার্লফ্রেন্ড নয় বউ হিসেবেই পারফেক্টজীবন সঙ্গী হিসেবে এরকম মার্জিত আর ধার্মিক মেয়েকে বিয়ে করা মানেই ঘরে একটি জান্নাত আনা,0,0,0,0,0,0
খুব ভালো লাগলো কিন্তু সাবিলা নূর আমার কানটা ঝালা পালা করে দিলো,0,0,0,0,0,0
তোর মাকে এশিয়ার সবচেয়ে বড় পতিতালয় সোনাগাছিতে চুদে মনে হয় তোকে পৃথিবীতে আমিই এনেছি ।,1,0,0,0,0,1
"রানু মন্ডল এর গান শুনে কিবল বো  এতে কিছু বসিয়া নিও,  আর আমাকে একটু বিষ দাও এই জীবন আর রাখবো না,  গান ই যদি না যানি তাহলে এই জীবন রেখে কি লাভ",0,1,0,0,0,0
অসাধারন একটা নাটক দেখলাম বহু দিন পরেভালোবাসা দিয়ে না পারলেও বন্ধুত্ব দিয়ে একটা সম্পর্ক সারাজীবন টিকিয়ে রাখা যায়,0,0,0,0,0,0
আমি মানবিক কারনে আমার জমিতে তাদের জমি ঠিকা দিয়ে বসবাসের অনুমতি দিয়েছিলাম ।,0,0,0,0,1,0
সরকারের চেয়ে হাজার গুণ  জানোয়ার হলো এই নাম ধারী আলেমসমাজ যারা ইসলামকে ধ্বংস করছে।,0,0,1,0,0,0
বাংলাদেশ তে ভাগ মাগি নাহলে তোর পাছায় লাত্থি দিয়া মায়ানমারের পাঠামু,1,0,0,1,0,1
সলা হিজলা বেজাম্মার পোলা এখন লগে মাইয়া লইয়া সুদা দিতে যায় ওরে কেউ ওরে মাইরালা। ধিরে ধিরে সবাই আারিপ্পারে গালি দিন।,1,0,0,0,0,1
"আওয়ামীলীগ এখন পচে গিয়ে দুর্গন্ধ ছড়াচ্ছে। হায়রে, এই আওয়ামীলীগ কি বঙ্গবন্ধু রেখে গিয়েছিল?",0,1,0,0,0,0
"দুটো আপদই বিদায় হয়ে খুব ভালো হয়েছে,  সুস্থ সমাজের ক্যান্সার এরা, নিম্নরুচি হওয়ারও একটা লেভেল থাকে কিন্তু তাই বলে ভাই-বোনের অবৈধ সম্পর্ক যা কিনা সেক্স পর্যন্ত গড়িয়েছেওয়াক থু ভাবতেই ঘেন্না করছে",0,1,0,0,0,0
কথাটা বলার আগে একবার চিন্তা করা উচিৎ ছিলো....এখন ক্ষমা চেয়ে বুঝাতে চান জুতা মেরে গুরুদান করবেন।তাও আল্লাহ আপনাকে ক্ষমা করুক আর সঠিক হেদায়েত দান করুক।,0,0,1,0,0,1
কোথায় গেল খানকির পোলা মুরগী কবির। শুয়োরের বাচ্চার চোখে এগুলো পড়েনা? হিন্দুদের গায়ে বাতাস লাগলেও মাগির পোলার চেতনায় আঘাত লাগে,1,0,0,0,0,1
দল কিন্তু আওয়ামীলীগ । অঙ্গসংগঠন না হাজার বার একটা ইট দিয়া মাথা বাদ দিমু,0,0,0,1,0,0
"অনেক হোটেলের সামনে ঘুরঘুর করছি এবং কতিপয় দালাল ধর্ষণ করছে, সাথে কি মাগী নাই",1,0,0,0,0,0
"আল্লাহ্ না করুক আপনার বাসায় একদিন ডাকাত আসলে; বিশ্বাস করেন, শুধু সেদিনের এই কথাটার জন্যই দেখবেন নজরুলের বাপরা, সিদল বা চ্যেপা শুটকির কথা ভুলে আপনার আর ডাকাতের মাঝে যেয়ে... সিনা টান করে ডাকাতের দিকেই মুখ করে দাঁড়াবে",0,0,0,0,0,0
"মেয়েটির দুধে তাকিয়ে ছেলেটি মনে মনে বলছে, পড়েনা চোখের পলক",1,0,0,0,1,0
শালার গত তিন চার মাস শান্তি তে ছিলা আবার শুরু হইসে ।,0,0,0,0,1,0
নাটক অনেক সসুন্দর হয়েছেতবে বুঝি না মেয়েরা এমন কেনোস্বামী মরে গেলেবা হারিয়ে গেলেবা ছেরে দিলে পুরুনো প্রেমিকের কথা মনে হয়আর স্বামী থাকতে,0,0,0,0,0,0
"খুবই খারাপ অবস্থা এদের পাশে সরকারি লোকদের দাঁড়ানো উচিত এবং ওদেরকে ভালো পথে ফিরিয়ে আনা দরকার,",0,0,0,0,0,0
"বিএনপির প্রধান নেতা খালেদা জিয়া এবং তারেক রহমান নিজেরাই দুর্নীতির শিরমনি,এরা কি ভাবে দুর্নীতিবাজকে ধরবে ?",0,0,0,0,1,0
আ খ ম হাসান এর নাটক মানি অসাধারণ আপনাদের সবাইকে ঠ্যাংকধন্যবাদ,0,0,0,0,0,0
"কয়েকদিন আগে একটা কার্টুন দেখেছিলাম, ডাক্তাররা কি নিয়ে জানি একটা প্রতিবাদ সমাবেশ করছে",0,0,0,0,0,0
আরিয়ান ভাইয়া মানে ভিন্ন কিছুনিশো ও মেহজাবিন এর জন্য রইলো অনেক ভালোবাসা,0,0,0,0,0,0
"ওই মাঙ্গির পুলা , ইসলাম কি তোরে মেয়ে নিয়ে মডেল করতে করছে নাকি , ইসলাম প্রচার করছ কি দেখাবার মানুষ .",0,0,1,0,0,0
প্রথম দিন দল ভালো পারফর্ম করছে যে যদি পোষ্ট না করতেন তাহলে আপনাকে জাতীয় দল থেকে বাদ দিয়া দিতো । বাদ পরার ভয়ে এতো সুন্দর পোষ্ট করেছেন ।,0,0,0,0,0,1
এর বিতরে ও জুদি আপনি বোঝে ফেলেন তাহলে বিশ্বাস করেন ভাই আপনি বরবাত হয়ে গেছেন,0,0,0,0,1,0
নিশ্চয় মিমি সাংবাদিককে কোনো কিছু দেওয়ার প্রতিশ্রুতি দিয়েছিল কিন্তু মিমি প্রতিশ্রুতি রাখেনি দেয়নি । তারপর সাংবাদিক পিনিকে যায় এবং এই নিউজ টি করে,0,0,0,0,1,0
"একটা দেশ যে টিপাটিপির মত একটা বিষয়কে প্রফেশনালি নিয়ে তাদের ইকোনমি উঠাতে পারে, তার পারফেক্ট এক্সাম্পল একমাত্র থাইল্যান্ড",0,0,0,0,0,0
নাটক টা কি আর বলবো বাংলার মানুষ মনে রাখবে আপনাদেরঅনেক সুন্দর নাটক,0,0,0,0,0,0
অসাধারণ খুব সুন্দর লাগলো নাটকটি এক কথায় দারুণ আরিয়ান তুমিই সেরা আর নিশু ও মেহজাবিনের কথা কি বলবো ওরা সুপার স্টার,0,0,0,0,0,0
শামীম ভাই আপনি একটা জিনিসনাটকে আপনি থাকলে তো মাজা হবে ই,0,0,0,0,0,0
সেঞ্চুরি লোডিং । ক্রিয়েটেড বাই হারারে দাস । মেকট বাই জিম্বাবুয়ে দাস । স্পেশাল থ্যাংকস টু হারারে ক্লাব । লাস্ট অফ অল জিম্বাবুয়ে জিম্বাবুয়ে দাস ।,0,0,0,0,1,0
কি ভাবতাছেন এইটা আবার ক্যাঠা?উনি হলেন আওয়ামীলীগের লুঙ্গি মায়া চৌধুরীর ডার্লিং,0,1,0,0,0,0
"সিটি কর্পোরেশনের মানুষরূপী এই কুকুরগyলো নিধন করা দরকার ছিল, কিন্তু তারা নিরীহ কুকুরগyলো নিধন করছে",0,1,0,0,0,0
তোর মাকে আমি প্রেগন্যান্ট করছি বাবু। তারপর দশ মাস পরেই তুমি দুনিয়াতে আসছো,1,0,0,0,0,1
"ক্রসফায়ারের নামে মেধাবী ছাত্র হত্যা আর মেনে নেয়া যায়না, এ জুলুমের অবসান চাই",0,1,0,0,0,0
রাজাকার ভাতা দেওয়ার জন্য সরকারকে অনুরোধ জানাচ্ছি দেখি দেশে কয়জন মুক্তিযোদ্ধা পাওয়া যায়,0,0,0,0,1,0
এক বার সামনে থেকে লড়াই শুরু করে দেখ। মীর জাফর মতো খালি পেছনে থেকে ছুরি মারার চেষ্টা করিস।,0,0,0,0,0,1
সত্যি বলতে চোখ থেকে অনেক পানি পরেছে আর এমন ভালবাসা সারা জীবন আটুট থাকুক,0,0,0,0,0,0
পুরোটাই অনেক মজা পাইছি কিন্তু শেষের দিকে এসে একটু ভালো লাগছে,0,0,0,0,0,0
বাংলাদেশের রাজনীতির যুদ্ধ নিয়ে ভারতের বুন্ধুত্ব ভারতের বন্ধুত্ব নিয়ে পাকিস্থানের হিংসা পাকিস্থানের হিংসা নিয়ে ভারত পাকিস্থান যুদ্ধ ভারত পাকিস্থান যুদ্ধের কারনে চিনা সৈনিকের আগমন।। আমার ধারনা কি ভুল?,0,1,0,0,0,0
স্ট্রাগল করে ঠিক আছে কিন্তু একেক সময় একেক খাটে কেন ? এই স্ট্রাগল যদি একটা খাটে হত কিছু না হলে ও দুই বা চার টা বাচ্চার মা হতে পারতি,0,0,0,0,1,0
আল্লাহুআকবার আল্লাহ এবার মুসলিমরা নির্যাতিতো মানুষের জন্য যুদ্ধে নামছে আল্লাহ আপনি কাশ্মির কে হিংস্র ভারতীয়দের থেকে স্বাধীন করে দিন,0,0,1,0,0,0
বাংলাদেশের রাজাকাররা বহুত লাফা লাফী করছিল পাপিস্তান নাকি ভারতকে উড়িয়ে দেবে। এখন কোথায় আছে সেই সব রাজাকার,0,1,0,0,0,0
বিদেশী কুত্তার বাচ্চা গুলারে খুঁজে গুলি করতে ইন্ডিয়ার লোকই যতেস্ট হইব,0,0,0,1,0,0
আমার যদি খোমোতা থাকত ভারত নামের রাস্ট্র টা মুছে ফেলতাম প্রিথিবী থেকে,0,0,0,1,0,0
যাক ইংল্যান্ড বাংলাদেশের থেকে বাঁশ গুলা নিয়া এখন রেন্ডিয়ার হোগায় ডুকাইতাছে। আমার এতো আনন্দ লাগে ক্যারে চালিয়ে যাও মামুরা যতো বাঁশ লাগে আমরা ছাপলাই দিমু।,1,0,0,0,0,0
গণেশ নামের যেই হাতি টা আছে ওইটা শিবের সন্তান না,0,0,1,0,0,0
পাকিস্তানের জন সৈন্য ভারতের সৈন্যের সমান তার পরেও ভারত পিছু হটবে কেননা মুসলমানদের সাথে আল্লাহ আছে। আর আমরা সেই জাতী আমাদের রুখবে কে? এমন শক্তি কার ?,0,0,1,0,0,0
গল্পটা অনেক সুন্দর দু চোখের জল বেরিয়ে গেল খুব সুন্দর একটা নাটক,0,0,0,0,0,0
দুই দিনের বৈরাগী ভাত কে বলে অন্য শয়তান মহিলা এক নাম্বার বেইমান দয়াকরে লতা ম্যাডাম এর সাথে তুলনা করা যায় না,0,0,0,0,1,1
একটা ও নায়িকা সুন্দর নাই এর চাইতে আমার বউ সুন্দরshit,0,0,0,0,0,0
অপূর্ব ভাইয়ের প্রোপজটা খুবই অসাধারণ ছিল আর খালেদ ভাই এর মূল বচন জীবন তো একটাই,0,0,0,0,0,0
শেষ পর্যন্ত কাদতেই হলো অসাধারন গল্প অভিনয় সব মিলিয়ে সত্যি অসাধারন,0,0,0,0,0,0
এতো সুন্দর একটা মেসেজ সত্যি অসাধারণ নাটকের শেষ অংশটা ভালো লাগলো,0,0,0,0,0,0
মিজানুর রহমান আরিয়ান সত্যি ই ভাই আপনার নাটক গুলা অসাধারণ সুন্দর ধন্যবাদ আপনাকে আরফান নিসো,0,0,0,0,0,0
"মমতাজ এর মতো রাস্তার মহিলা আজ এই মহান সংসদ এ আছে, দূর ভাগ্য  বাংলাদেশর মানুষের কপাল পুড়া জাতি",0,0,0,0,0,1
পুলিশের দৌড়ানি খেতে খেতে মাকসুদের সঙ্গে গলা মিলিয়ে “উদাসী এই মনে...” গাওয়া!,0,0,0,0,0,0
মালাউন বাচছারা এই।পৃথিবীতে আগে এসেছে তোদের ।ম।বোনকে চুদিতে কারন ।হিনধুর চোদার কারনে এশিয়া তে।তোরা বেশি,1,0,1,0,0,0
জোরে না বললে শুনা যায় না...এলাকা কাঁপিয়ে কথা বলাই নিয়ম,0,0,0,0,0,0
"এমন রহস্য পত্রিকা টাইপ প্রশ্ন এখনও যে কেউ করতে পারে, আমার ধারনাই ছিলো না",0,0,0,0,0,0
প্রতিরক্ষা চুক্তি ও রাষ্ট্রনীতি ভারতের হাতে তুলে দেয়া মারাত্মক ভুল,0,1,0,0,0,0
"সাঈদীর রায়ের পর যত মানুষ শহীদ হয়েছেন, তত জন মানুষ তোমার বাবার জানাযায়ও হয় নি",0,1,0,0,0,1
"একটু পরে সেলুনের পাশের মসজিদের এহলান শুনে ঘুম ভাংলো... “একটি হারানো বিজ্ঞপ্তি... ত্বক কালো, চোখ কালো, চুলও কালো এবং খাড়া একটি ছেলে এলাকাটা থেকে হারিয়ে গিয়েছে... তার পরনে ছিল বাটিক প্রিন্টের শার্ট... ”",0,0,0,0,0,0
"তোমরা কোন দেশে থাকো,কথা কথা ষড়যন্ত্র খুজো,কি বাল আছে তোমার দেশে",0,1,0,0,0,0
অসাধারন একটি নাটক অপুর্ব একটি নাটক নাটকটি দেখে চোখের কিনারায় কখন যে জল এসেছে বুঝতে পারিনায়,0,0,0,0,0,0
তবে তুমি দাদা চুদে রাখো তাহলে কমেন্টে বলবে বেশ একটা মাল,1,0,0,0,0,0
নাটকটা দেখে অনেক দিন পর কান্নাকাটি করলাম ধন্যবাদ শাহনাজ খুশি কে,0,0,0,0,0,0
নাটক টা অনেক সোন্দর কি নতো নাটক টা থেকে আনেক কিচু বুজার আচে জারা এই নাটকে ওবিন করেচে তাদের সবাকে দনোবাদ,0,0,0,0,0,0
ভাই মিথ্যা কথা বইলেন না আপনি ভিপিএন ইউজ করে পোস্ট দিয়েছেন এবং আপনি রঙিন দুনিয়া দেখছেন না । কারণ আপনার ফ্রেম রঙিন হলেও গ্লাসটা কিন্তু কালো । আমি কিন্তু রঙিন দুনিয়ার একজন রঙমিস্ত্রি তাই বিষয়টি এড়িয়ে যেতে পারলাম না ।,0,0,0,0,1,1
আগে উঠতাম খালি গাড়িতে ড্রাইভারের চোখের ইশারা পেলেই ধাক্কা ধাক্কি করে... এখন একটু সিস্টেম্যাটিক ভাবে... এই যা,0,0,0,0,0,0
একজন ভারতীয় দের মুখ থেকে আর পাকিস্তানী দালাল দের মুখ থে কে এগু লোই বার হয় ।,0,1,0,0,0,0
সব কিছু ই ভালো ছিল কিন্তু বয়স এর সাথে ছেলে আর মিত্যু মিলে নাই,0,0,0,0,0,0
মাননীয় প্রধানমন্ত্রী এই লাশের দায় কাকে দিবেন? ঠিক করেছেন কিছু?,0,1,0,0,0,0
"তুমিতো একটা অরিজিনাল মাগি, চোখের সামনে কখনো পরলে আমার পায়ের জুতা তুকে মারবো। দেহ দিলা মডেল হলা, এবার হবে জুতার মালা।",1,0,0,1,0,1
মিজানুর রহমান আরিয়ানের যত নাটক দেখিছি আমার কাচে একটা ও খারাপ লাগেনি যদি হয় মিজানুর রহমান আরিয়ানের নাটক তাহলে আর কনো কথা নাই দোয়া করি ভাই আর ভালো ভালো নাটক উপহার দেন আমাদেরকে,0,0,0,0,0,0
টাচিং স্টোরি + রিয়েলিটি দুইটার মিশ্রণে খুব ভালই হয়েছে সুন্দর উপভোগ করলাম,0,0,0,0,0,0
বেঈমান টাকে চুল ধরে টানতে টানতে আবার স্টেশনে নিয়ে আসা উচিত,0,1,0,0,0,0
বিদ্যানন্দ নামের এক সুবিধাবঞ্চিতদের স্কুল প্রতিদিন ৫০০ প্যাকেট ইফতার দিচ্ছে,0,0,0,0,0,0
"যে ভিডিও টা অতীন্দ্র দা ভাইরাল করেছেন সেটি ছিল একটি ভিখারিনির যার মুখে মাছি ভেন ভেন করছেআর আপনি যে ভিডিও বানিয়েছেন সেটা হলো অকৃতজ্ঞ, ফেমাস গায়ীকা, পরমাসুন্দরি রানু মন্ডলের",0,0,0,0,1,1
চোখ আমার টলটল করছে পাপড়ি মিলাইনি দেখে পানিটা পরেনি নিশু মানেই ভালোবাসা আরিয়ান ভাই আপনি একটা জিনিয়াস কিছু ছাগল পাগল এটাকে হিন্দি মুভি কবির সিং এর কপি বলতাছে,0,0,0,0,0,0
সুমন ভাই হারে নাই হারছে বাংগালী জাতি।শুধু মাএ কলংকিত আওয়ামিলিগের কারণে,0,0,0,1,0,0
ভারত ডাঃ জাকির নায়েক কে দিয়ে ধর্ম নিরপেক্ষতার সাটিপিকেট পেতে ছেয়ে ছিল।তারা যে জাতী হিসেবে কতটা ধর্মান্ধ তা বড় নিলজ্জ ভাবে পকাশ পেয়ে গেছে।,0,1,0,0,0,0
"আমার বিয়েতে সবচেয়ে কমন যে গিফট ছিলো, তা হলো এ্যালবাম",0,0,0,0,0,0
"ইয়াবা সম্রাট বদির গলায় ফুলের মালা, আর ঐশির গলায় ফাঁসি",0,1,0,0,0,0
আজাইরা আলাপ কম কইরা পারলে ভালা কিছু নিয়া কথা কইয়া দেখাইও ফাউল মিয়া,0,1,0,0,0,0
ভারতে সাথে ওনার নাড়ির বন্দন আছে। সে টা ভুলা যায়না। সারা বিশ্বের মোসলমান মরলেও ওনা্র কোন দঃখ নেই । শুধু এক মোসলমান অন্য মোসলমানের দুঃখ ভাগ করে নেয়।,0,1,0,0,0,0
তোমার সব কথা ঠিক আমিও আগে ওকে পছন্দ করতাম কিন্তু এখন নয়,0,1,0,0,0,0
এক পাশে যদি তারেক জিয়া আর পাশে সজিব ওয়াজেদজয় কে দুটি বাক্স নিয়া বসাই দি তাহলে প্রমাণ হয়ে যাবে কে বেশি জনপ্রিয়,0,0,0,0,1,0
আল্লাহ্ জানে কোন সারাফাত সাহেবকে খুঁজছে উনি...দেখে ডায়াল করতে পারস না?,0,0,0,0,0,0
শেষ ফিনিশিং এ এসে কেঁদে দিলাম ভাই ওপারে ভালো থাকবেন,0,0,0,0,0,0
বলার বাসা হারিয়ে পেলছিএই নাটকটা আর বড় ছেলে নাটকটা দেখে অনেক ভালো লাগছে,0,0,0,0,0,0
ভাই আপনি মোটিভেশন স্পীকার হিসেবে আমার কাছে অনেক সব থেকে সেরা,0,0,0,0,0,0
পাকিস্তানের প্রধান কে আগাম নব বর্ষের শ্বেত ফুলের শুভেচ্ছা। ভারতকে মারিয়া পেইজ বুকের বাঙ্গালী মুসলমানদের খুশী করিবা।,0,1,0,0,0,0
খানকির পোলা লাল ড্রেস পরা মাঘিটারে চুদিয়া মাঘিটার পাচার কি হাল করচে দেখ////আর মনেহয় কালা মাঘিটার সোনা চুশতে চুশতে এতদিনে লাল কইরা পেলচে,1,0,0,0,0,1
লোকটাকে এখন আর অতো মোটা লাগছে না… বরং আমাকেই মোটা লাগছে,0,0,0,0,0,0
সমস্ত ছেড়া জুতা এক করো বাঙালি ওই জুতো দিয়ে সবাই মিলে পিটানো হবে ওকে,0,0,0,1,0,0
"আজ পোষ্টটা না দিলেও পারতি।
আজকা সবাই লাইনের মারে চুদেন
শালারে সবাই গালি দেন",1,0,0,0,0,1
"জি ভাই বাট এ সালারা তো জারুয়া মানুষকে ধোকা দিয়ে ভিডিও দেখানো এদের কাজ , বুঝলেন",0,1,0,0,0,0
চেতনাধারী ভারতীয় সকুনগুলো এখন কোথায় ? এই লোকটি কিছুদিন আগে বাংলাদেশ সম্পর্কে বাজে মন্তব্য করলো অথচ চেতনাধারী ভারতীয় সকুনদের এখন দেশপ্রেমের স্লোগান নেই কেনো?,0,1,0,0,0,0
মাহি কে আরো আগে বাদ দেয়া দরকার ছিল সালা খেলপ,0,1,0,0,0,0
আমরা বাংলাদেশিরাই এশিয়ার চ্যাম্পিয়ন হয়েছি চোরের বাচ্চা ভারতের মত আম্পায়রে সাহায্য নিয়া জিতি নাই,0,1,0,0,0,0
ধন্যবাদ আপনাদের সবাইকে যারা আমাদের পাশে ছিলেন বলে এত দূরে আসতে পেরেছি ভালোবাসা অবিরাম বাংলা নাটকের সাথে থাকুন,0,0,0,0,0,0
ভাই আজ সকালে আমার বাসার সামনে নিউক্লিয়ার বোমার আঘাতে আমার এলাকার বাসিন্দারা সবাই মারা যায় কিন্তু আমার কিছুই হয় নাই কারন আমি ঘুমিয়ে ছিলাম,0,0,0,0,1,0
ব্যক্তিগত ভাবে অনেকের ই পছন্দ অপছন্দ থাকতে পারে তাই বলে নিজের মতামত অন্যের উপর চাপিয়ে দেওয়া টা একটা অপরাধ কোয়েল মল্লিক কে কখনোই আমার পছন্দ না,0,1,0,0,0,0
রিয়াজ দ্বিতীয় সারির নায়িকার সাথে কাজ করলো আর রিয়াজ ঠিক সময়ে বিয়ে করলে ইভানার চেয়ে বড় মেয়ে থাকতো,0,0,0,0,0,0
"বকলম মুসলমানদের যতই বলা হয় আমি নাস্তিক, এরা তত বেশি করে দুর্গা-কালিকে গালি দিবে",0,0,1,0,0,0
সারাদিন রোজা রাখার পর ইফতার ও নামাজ শেষ হইলেই হাজার হাজার জনগন আসতেছে তোর পুটকি মারতে।রেডি থাক শালার পুত।,1,0,0,0,1,1
"দেশদ্রহী এই অভদ্রমহিলাকে ১৫,৯৯,৯৯,৯৯৯ টি জুতা মেরে পতিতালয়ের নিচে জ্যান্ত কবর দিয়ে, যুদ্ধাপরাধী সংগঠন জামায়াতের মতই এদের এবং এদের সমর্থকারী সকল ভন্ড সংগঠন/দল গুলোও নিষিদ্ধ করা দেশপ্রেমিকদের সময়ের দাবি",0,0,0,1,0,1
প্রথম ২০ মিনিট ছিলো হটেল প্রচার যে হটেলের কি গুন গানকেমন কি ইত্যাদি পরের ২০ মিনিট ভালোই ছিলো,0,0,0,0,0,0
এই পোস্ট টা যে করেছে তাকে একটু দেখা দরকার সে কি আসলে মানুষ না মানুষরূপী জানোয়ার অন্য একটা কন্ঠ এডিট করে তার নামে চালাইয়া দেওয়া হইতেছে ওরে প্রকাশ্যে জুতা পিটা করে মারা উচিত অমানুষের বাচ্চা মানুষ।,1,0,0,1,0,0
"ভাইসাব নিজের কাঁকড়া খামারের শ্রমিকদের ৪ মাসের বেতন আগে দিয়েন,তারপর না হয় এসব প্রচার কইরেন",0,1,0,0,0,0
এমন একটা বাজারের মহিলা কিভাবে সংসদের মত যায়গাই যেতে পারে,0,0,0,0,0,1
"ভাই হাসতে হাসতে চার বার কাপড় নষ্ট করছি, খাওয়ার জন্য ভাত পাইনি শালীর এখন আইছে ভাব দেখাইতে",0,0,0,0,1,0
বেইমান একে এতো সম্মান দেখিয়ে কথা বলার কি আছে যে কি না সম্মান দিলে সে রাখতে জানে না,0,0,0,0,0,1
"সিঁড়ি দিয়ে নেমে হাঁপিয়ে উঠার কারণে, আমার জিব্বা আমি আর মুখের ভিতর রাখতে পারি না... এদিক ওদিক দিয়ে স্লিপ কেটে বের হয়ে যায়",0,0,0,0,0,0
এই ঈদে সব গুলো চ্যানেলের নাটুকই যদি নিশোর হতো তাহলে কতই না মজা হতো তাই না বন্ধুরা নিশো মানে অন্য আমেজ অন্য সাদ প্রতিটি সময় বাংলা নাটুকের সাথে ছিলাম ও আছি,0,0,0,0,0,0
আরিপ্পা তুই তো তোর নতুন মদেলের দুদ গুলা টিপা ফুটবল বানাইয়া ফেললি,1,0,0,0,0,1
"প্রতিবেদনে লেখা আছে, “উনি হিমালয় থেকে সিল্কের পাঞ্জাবী পরে নেমে এসেছেন বিশ্বকে শুদ্ধ করতে”",0,0,0,0,0,0
"কিরে রোহিঙ্গার বাচ্ছা,,গালি খাওয়ার জন্য বুঝি তর মন উতাল-পাতাল করতাছে না",0,0,0,0,0,1
একটু শেভ করারও টাইম পেল না কি লোম রে ভাই ভালুকের মতো,0,0,0,0,1,1
অপুর্ব ভাইয়ার নাটক আমার সবসময় ভাল লাগেতার অভিনয়কথা বলার স্টাইল লুক এক কথায় তার সবকিছুই অসাধারন,0,0,0,0,0,0
গতপরশু সেলুনে বসে মাথা বানাচ্ছি আর তখন হুট করে এই লেখাটা মাথায় আসলো,0,0,0,0,0,0
"এই বাংলার জমিনে কোন নাস্তিক মাগির স্হান নেই,যেখানেই পাবেন সেখানে জুতা পেঠা করেন।",1,0,1,1,0,1
"মোমবাতি জ্বালিয়ে মৃত মানুষকে স্মরণ করা হয় আবার সেই মোমবাতি নিভিয়েই, জন্মদিন পালন করা হয়...",0,0,0,0,0,0
মি অনেক দুস্টু হয়ে গেসো আরিপ তুমায় পোদ মারতে হপে রাম ছাগল দিয়ে,1,0,0,0,0,1
দেখতে মানুষের মতো হলেও আসলে মানুষ না । এ হচ্ছে জানোয়ার ।,0,0,0,0,1,0
"সাফা, খানকি তোমারে হচ্ছে নুসরাতের মত গায়ে আগুন দিয়ে জালিয়ে দিতে হবে।তবে আল্লাহর কাছে সঠিক বিচার হবে।",1,0,1,1,0,0
নাটক টা খুব সুন্দর আমি ভারতীয় কিন্তূ আমার বাং লাদেশের নাটক দেখতে ভিষন ভালো লাগে বিষেস করে অপুবর,0,0,0,0,0,0
ঢপের সিরিয়ালের শেষ পরিণতি জানার কোন ইচ্ছা নেই । দয়া করে এই সিরিয়ালটা বন্ধ করুন ।,0,0,0,0,1,0
"তবে ওইসব লোকদের চাকরি থেকে বরখাস্ত করা হোক, আর সরকারের সবাইকে আইনের কাঠগড়ায় আনা জরুরি",0,0,0,1,0,0
অসাধারণকিছু কিছু জায়গায় গালিগালাজ দেখা গেছে ঐগুলো বর্জন করলে বেস্ট হতো,0,0,0,0,0,0
সৌদি রাজপরিবার হলো ইয়াজিদের বংশধর। এরা আমেরিকা ও ইসরাইলের দালাল।,0,0,1,0,0,0
রানু মন্ডল কে স্টুডিও থেকে জুতো জুতো দিয়ে বের করে দিন জুতো মেরে,0,0,0,0,0,1
নামাজের নির্দেশনাটা ভালোই লেগেছে খুবই সুন্দর ছিলো নাটকটি ধন্যবাদ সবাইকে,0,0,0,0,0,0
"খাও তুমি দিন রাত শুটকি
মাইয়া নামক হিজারাদের চাটো পুটকি",1,0,0,0,0,1
মাশা আল্লাহ নামাজের সিন টা ভালো লাগলো ধন্যবাদ ওমি ভাই,0,0,0,0,0,0
এতে লাভ কি ভারতে গোয়েন্দারা তার কোন আপরাদ খুজে পাইনা। আপনারা কই পাইলেন হক কথা বলে তো ভাই তাই এখন জঙ্গি বানানোর নাটক চলছে। এই মিডিয়ারাগুলা জঙ্গি এরা নবেলের আশাই এগুলা করে। সুচি নবেল পেয়েছে আমার টা মিস করবো কেনো,0,1,0,0,0,0
এই সব মহিলা দের কে ছবি তুলে ইচ্ছে মতো মরিচ লাগিয়ে দেন যাইগা মতো পুলিশ ভায়েরা,0,0,0,1,0,0
আপনি তো এখন মুসলমান হয়েছেন তো যারা পুজো করে দুর্গাপুজো কালীপুজো ইত্যাদি তো আপনি যান প্রত্যেকটা হিন্দুকে তাদের কাছে গিয়ে হাতে হাত দিয়ে কালেমার দাওয়াত টা দেন,0,0,1,0,0,0
সাবিলা নূর এর যায়গায় অন্য কেউ হলে নাটকটা আরও সুন্দর হইতো,0,0,0,0,0,0
আর ৫০ বছর পর পাকিস্তান নামে কোন দেশ থাকবে না।,0,0,0,1,0,0
"যখন আমি ১৩ টা সাবজেক্টে ফেল মারি, আমার সর্বনাশ হয়ে গেল রে",0,0,0,0,1,0
এই বাচ্চা তোমার পুংটামিগুলা দেখলে কইবো কোন দুনিয়াই আইসা পড়লামরে মাবুদ,0,0,0,0,1,1
অপূর্ব ভাই আপনার নাটকগুলো ভীষণ ভালো লাগে আর আপনার নাটক গুলো দেখার পর অদ্ভুত এক অনুভূতি কাজ করে নিজের মাঝে সত্যি আপনার মত এমন অভিনেতা দ্বিতীয় আর কেউ হবে না,0,0,0,0,0,0
মূলত আমাদের বাস্তব জীবনের সঠিক প্রেক্ষাপট তুলে ধরেছে এই নাটকটির বিশেষ চিত্র একটি মনের ভালোবাসা কখনো শেষ হওয়ার নয় সবাই কে ধন্যবাদ,0,0,0,0,0,0
অপরাধীদের কোন ধর্ম হয়না হিন্দু মুসলিম বলে কমেন্ট করে সমাজটা বিষিয়ে দেবেন না,0,0,0,0,0,0
নাটক না দেখেই কমেন্ট করলাম জানি নাটক টা ভালো হবে আমার মত কে কে আছে আ খম হাসান ভাইয়ের নাটক দেখার জন্য অপেক্ষা থাকেন,0,0,0,0,0,0
পাকিস্তানের এর পর সৈন্য হত্যা করবে ভারতীয় সেনা এই খবরটাও দিস যেন,0,1,0,0,0,0
সত্যিই অসাধারন একটি নাটক এতটা রোমান্টিক ছিল যে শুধু হা করে দেখেছি,0,0,0,0,0,0
শামীম হাসান সরকার আমি মনে করি না আপনার আছে দরকার।,0,0,0,0,1,0
তাই সবার সামনে পকেট থেকে মোবাইল বের করে ম্যাজিকের মতো এপটা অন করে ডাক দিলাম সেই এলাকার এভেলেবেল তালা মিস্ত্রীকে,0,0,0,0,0,0
"তসলিমা নাসরিন কে যে ভাবে দেশ থেকে বিতাড়িত করা হয়েছিল!টিক সেই ভাবে সাফা কবিরকে বিতাড়িত করা হোক।বাংলাদেশে মুসলিম,হিন্দু, বৌদ্ধ, খ্রিষ্টানেরা থাকবে। তবে কোন নাস্তিকের টিকানা বাংলা হতে পারে না।************Hate Safa kabir",0,0,1,1,0,0
মোদি যখন ভারতের প্রধান মন্তী হলেন তখন আপনারা খুশি হয়ে খ্মমতায় আসার সম্পন দেখেছিলেন তখন ভারত গন্দ করেনি?,0,1,0,0,0,0
মালাউন শালারা দেখ। ভারতে মুসলমান কতো অসহায়। এদেশে আরামে আছো বলেই খইলসা মাছের মতো লাফাও।,0,0,1,0,0,0
“আরে তোর কাজ কর্মেই তো দেখা যাচ্ছে তুই হনুমান না”,0,0,0,0,0,0
তোর মার হেডা।মদারচোদ কোথাকার।তোরে ভারতীয় টিম থেকে লাথি মেরে বাহির করেছে তখন তুই বাঙালি বলে দূঃখ পাইছিলাম।এখন বুজছি সঠিকই করেছে।,1,0,0,0,0,1
সত্যি বলতে ৯০ ছেলের জীবনেই এমন ঘটে নাটক এর মাদ্ধমে তুলে ধরার জন্য ধন্যবাদ আমার ব্যক্তিগত মতামত,0,0,0,0,0,0
চুপ চাপ মোল্লা তোদের মতো এসব লোককে ফাসি আদেশ উচিত । আর প্রধানমন্ত্রী সরকার দেখেও দেখে না!,0,0,0,1,0,0
"পুরো মনিপুরি পাড়া থেকে শুরু করে রাজা বাজারে কয়টা অবৈধ অস্ত্র আছে, সব তাদের মুখস্ত",0,0,0,0,0,0
ভায়া তোমারে কপালে জীবনেও কান জুটবে না তুমি বরং মদ নিয়ে ব্যস্ত থাকো ।,0,0,0,0,1,0
"ধর্মমন্ত্রী কই,,৷ এগুলো কিসের পোডাক্ট,, এখন কি হালায় কানা হয়ে গেছে নাকি",0,1,0,0,0,0
"কসাই সেলিমের হুমকি, এবার আন্দোলন করলে হাত-পা কাটা হবে",0,0,0,1,0,0
আমার দেখা সবচেয়ে সুন্দর নাটক৫৩ মিনিটে পুরো জীবন টা বুঝিয়ে দিয়েছে,0,0,0,0,0,0
আমার দেখা লাইফের সেরা নাটক এইটা অপূর্ব ভাই এর নাটক হিট না হয়ে যাবে কই,0,0,0,0,0,0
আমার মনে আছে সে ক্ষতিপূরণের টাকা হাতে পেয়ে আমাদেরকে ট্রিট দিয়েছিল,0,0,0,0,0,0
স্বাধীনতার ঘোশনা কে দিয়েছিলো তোর বাপ তাহলে তুইতো তোর বাপের স্তান না রে সালা,0,1,0,0,0,1
লুডু খেলার সাথি খুজে পেলে ভাবতাম আসলেই মানুষ পর উপকারি,0,0,0,0,1,0
রানু মন্ডল বেইমান রানু মন্ডল বেইমান চিটিংবাজ বের করে দিক স্টুডিও থেকে,0,0,0,0,0,1
"আপনি তো ফাসিক, নাস্তিক হয়ে গেলেন।ইসলামের ১টি স্তম্ভ আপনি তো অস্বীকার করেছেন। আবার প্রশ্ন কর্তাকে হেয় করে বলেছেন এটা কোন প্রশ্ন হলো। আপনি কালেমা পড়ে মুসলমান হোন। আপনি তওবা করে মসজিদের কোন হুজুরের কাছে কালেমা পড়ে মুসলিম হোন।",0,0,1,1,0,0
পরিচালকে অনেক অবিন্দন ও ধ্যনবাদ নাটকের মাঝে নামাজের ভূমিকা রাখারজন আফরান নিশো ও তানজিন তিশারএরুকোম আরো সুন্দর নাটক চাই,0,0,0,0,0,0
"রাজাকার চাই - রাজাকারদের ফাসি চাই,,, আমার কুকুরের মতোন নিকৃষ্ট লাশ",0,0,0,1,0,0
হাসতে হাসতে কাঁদালেন অসাধারন গল্প আর নিখুঁত অভিনয়ের মাধ্যমে এটা সম্ভব ২য় পার্ট এর জন্য অপেক্ষায় রইলাম,0,0,0,0,0,0
আহ অনেক দিন পর এত সুন্দর একটা নাটক দেখলাম মন্টা ভরে গেল,0,0,0,0,0,0
আমরা হিরো আলম কে চিনি বাট জায়েদ খানকে আজকেই দেখলাম।এগিয়ে যান বস। শুভ কামনা,0,0,0,0,0,0
অর্থ আছে যার ভালবাসা তারশূন্য পকেটে কখনো ভালবাসা পাওয়া যায় নাঅর্থের কাছে হেরে গেছে লক্ষলক্ষ ভালবাসা💔তবুও ভাল থাকুক ভালবাসা,0,0,0,0,0,0
সালামির টাকা না দেওয়ায় ইয়াছিনের বিচি কেটে বিক্রি করে দিলো প্রেমিকা মীম,1,0,0,0,1,0
আরফান নিশু ভাই ধন্যবাদ ভাই জান এতো সুন্দর ময় নাটক করেছেন ভালেবাসা অবিরাম শুভ কামনা রইলো আপনার প্রতি,0,0,0,0,0,0
ভাল লাগছেমেহজাবিন আপু কে আমি অনেক লাইক করি তাই উনার সব নাটক এ আমার কাছে ভাল লাগেমেহজাবিন আপু ক একটু বলতে চাই আপু তুমি একটু মোটা হয়ে গেছো প্লিজ আপু আর মোটা হইয়ো নাতোমাকে চিকনেই অনকে ভাল লাগে,0,0,0,0,0,0
"এবার পিতা খুশি হয়ে প্ল্যান কে মোতাবেক বললেন, ‘৪ টা লাঠি এক করে ভাঙ্গো তো দেখি?’",0,0,0,0,0,0
গুন্ডা পান্ডা পাগল ছাগল দিয়ে দেশটা বরবাদ করে দিচে শালারা,0,1,0,0,0,0
নিশো ভাইয়ার নাটক মানে অসাধারণ কোন ন্যাকামি নেই কোন ঢং নেই এক কথায় অসাধারণ আর যারা অনলাইন দিছে তারা মনে হয় জীবনে নাটকের না ও বুঝেননা,0,0,0,0,0,0
কাহিনী টা কি বুঝতেই তো পারলাম নাবাট অবশেষে বুঝতেই সংক্ষম,0,0,0,0,0,0
"যার দাড়ি থাকবে, নর্থ সাউথ টাইপ কোনও প্রাইভেটেও পড়বে, আবার সে বড়লোকের ছেলেও হবে না",0,0,0,0,0,0
"বন্ধুর বউ খুশিতে কাঁদতে কাঁদতে সকাল ৮ টায় আমাকে ফোন করে বলল, আরিফ ভাই আপনি অবশ্যই এই চৌকস কর্মকর্তাকে নিয়ে লেখবেন... দেশে এতো ভালো মানুষ আছে, ভাবা যায়?",0,0,0,0,0,0
"গরুর গু খেয়ে এদের মাথায় গোবরে ভরে গেছে, তদের মতো ফালতু ধর্ম আর কোনো ধর্ম নাই",0,0,1,0,0,0
নাস্তিক সাফা কবির এর এই দেশে কোনও জায়গা নেই। ওরে জুতা মারা দরকার। ফাজিল কোথাকার।,0,0,1,1,0,1
এক কথাই অাসাধারণ অপূর্ব মিথিলা মেহেজাবিন সবাই অনেক ভালো অভিনয় করেছে অার অারিয়ান ভাই কে অশেষ ধন্যবাদ অামাদের এধরণের সুনদর সুনদর নাটক উপহার দেয়ার জন্য,0,0,0,0,0,0
বাংলাদেশ কে ভালোবাসবেন প্রতিবার দেশপ্রেম বাড়বে যখনই নাটক দেখবেনসবাই ভালো থাকুন,0,0,0,0,0,0
"এমনকি রেকার দিয়ে আমার গাড়ি উঠায়ে হাইকোর্ট নিয়ে যেতে চাইলে নেন, তাও আমি গাড়ি থেকে বের হবো না... দরজা জানালা লক করে বসে থাকবো",0,0,0,0,0,0
অনেক ভাল লাগছে কিন্তু কিছু সময় নাসির সুবার কথাও মনে হইছিলো,0,0,0,0,0,0
দেখতে দেখতে শেষে চোখের কোনোয় পানি চলে এলো বাস্তবতা এমনই হয় মানুষ টাকার পিছনে ছুটতে ছুটতে একসময় তার আপনজনদেরকেই ভুলে যায় খুবই অসাধারন নাটক স্যালুট আপনাদের সবাইকে যারা এতো সুন্দর সুন্দর নাটক আমাদেরকে উপহার দিচ্ছেন,0,0,0,0,0,0
তোকে আমি ধইরা ধইরা রাখবো না পাবলিক তোরে নিয়া সুদাচ্ছে,1,0,0,0,0,0
মাহি তুই খানকির পোলা তোর বাপ মাগির পোলা শালা দালাল,0,0,0,0,0,0
এই দুধভাত টারে বাদ দেয়না ক্যান । ? ওর কোচিং এ্যাভিলটি কোনো ক্লাসের মধ্যেই পড়েনা ।,0,0,0,0,1,0
গণপরিবহন বন্ধ কিন্তু অফিস খুলা এর অর্থ কী ? এর অর্থ বিয়ে করবেন কিন্তু বউ পাবেন না ।,0,0,0,0,1,0
পরীর বেবির দায়িত্ব আমি কাঁদে তুলে নিতে চাই এই শীতেএক,0,0,0,0,1,0
আমি বুঝিনা এই ধরনের নাটক না দেখে মানুষ কেন যে ভারতীয় সিরিয়াল দেখে অসাধারন নাটক,0,0,0,0,0,0
এমন ভিডিও কোন মুসলিমজাতি করে না করলে মালাউন রাই  কওরে,0,0,1,0,0,0
খুব ভালো লাগলোতবে কিছুটা আমার সাথে মিলে যাবে মনে হয়,0,0,0,0,0,0
আমি আর কি কমু তর শালি আল্লাহর কাছে বিচার দিলাম!! তুই নাস্তিক তরে তো ফাসি দেওয়া উচিত তাও প্রকাশ্যে নাস্তিকতা করস ভালো কথা!! সবার সামনে এভাবে না বললেই পারতি!,0,0,1,1,0,0
আমাদের দেশের মত ‘ব্লাড-ম্যান’ অন্য কোনও দেশে আছে নাকি আমার জানা নেই,0,0,0,0,0,0
শ্রী কৃষ্ণ মানুষের গর্বে জন্মেছে ۔একজন জন্ম নেয়া মানুষ কোনোদিন সৃষ্টি কর্তা হতে পারে না,0,0,1,0,0,0
তোর বাড়িতে অপরিচিত মুসলিম ঢুকে পড়লে তুই কি করবি মোদী শেটাই করচ্ছে!,0,0,1,0,0,0
সামনের জন ব্রেক দিতেই পারে অন্যের উপরে ভরসা না করে নিজের ওভার কনফিডেন্স ছেড়ে দিন ।,0,0,0,0,1,0
সরকার এই কারনে প্রিয়া হত্যাকাণ্ডের বিরুদ্ধে ব্যবস্থা নিচ্ছে বলেছে । তবে সরকারের দাবী হবে তার পাবলিক প্লেসে গিয়ে প্রিয়াসাহাকে ত্যাগ করতে দেওয়া । এ কর্মসূচি অনির্দিষ্টকালের...,0,0,0,1,0,0
আমাদের দেশে কিছু রেন্ডিয়ান বেজন্মা আছে। যাদের জন্ম মালাউন গরুর মুত খোর নরেনদ্র মোদির কনডম দুর্ঘটনার মাধ্যমে এদের রেন্ডিয়ার জন্য দরদ উথলে পরে।,0,1,0,0,0,0
এই নাটকের সবচেয়ে ভালো দিক টা হলো নামাজ নিয়ে মেসেজ দেয়াটা ধন্যবাদ পরিচালক,0,0,0,0,0,0
জের লেংটা ভিডিও বের হয় আর আপনার মুখে ইসলাম? ইফতারি শেষ হইলেই ঝাপায় পরবে সব।,1,0,1,0,0,1
অসাধারণ অপূর্ব এবং এই নাটকে তিশা তার সেরা অভিনয় উপহার দিছে এখন পর্যন্ত,0,0,0,0,0,0
আগে অনেক বড় ভক্ত ছিলাম এখন আর ভক্ত তো দূরের কথা ওর চেহারাই আমি দেখুম না আনলাইক এন্ড ফ্রেন্ডস পারলে রিপোর্ট করেন এই পেইজটা কে।,0,0,0,1,0,0
"এই জেনারেশানের আপনি-আমি ভুইত্তামারা ব্যাডারা যদি এই দাগটা মুছতে না পারি, আর কেউই পারবে না",0,0,0,0,0,0
সত্যিই দুর্দান্ত দুর্দান্ত উভয় অংশ আমি একজন ভারতীয় তবে আমি বাংলাদেশী নাটক পছন্দ করি বিশেষভাবে জিয়াউল ফারুক অপূর্ব স্যার এর আমি আপনাকে স্যার ভালবাসি,0,0,0,0,0,0
ভারত একটা বাস্টার্ড এর দেশ এইডস নং বাস্টার্ড যাদের রেপ হল প্রধান জাতিয় কাজ।তাই তারা রেন্ডিই,1,0,1,0,0,1
"সেই ওয়ার্ডের থানার ওয়ালে লেখা থাকবে, “এখানে ঘুষ দেয়া নিষেধ” ...কাজ না হলে এই নম্বরে অভিযোগ করুণ",0,0,0,0,0,0
"মমতার পিছনে দিতে পারলে বাশ,বড় করে আওয়াজ হত টাশ টাশ",1,0,0,0,1,1
ওগুলো পাকিস্তান ও বাংলাদেশে পাঠিয়ে দিলেই তো পারে।।এই দুই দেশিরা ভারতীয় রুপি পেলে যেন হাতে চাঁদ পেয়েছে এরকম ভাবে এবং খুশিতে নাচে।।তাই এই বিলিয়ন রুপি বাংলাদেশ ও পাকিস্তানিদের ভাগ করে দেওয়া হোক।।,0,1,0,0,0,0
"ঝসড়ার সময় বাঙালির বিখ্যাত ডায়লগ, তুই আমারে চিনস/তুই জানস আমি কে?",0,0,0,1,1,0
"আর আজ, আমরা ভাবতে বসি কমডে... তাও হাতে থাকে মোবাইল",0,0,0,0,0,0
শাহানাজ খুশির পুরো পরিবার এই নাটকে আছেমেজ ভাই যিনি ওনি শাহানাজ খুশির স্বামীআর যে দুইজন ভাইয়ের ছেলে ওরা তার নিজের জমজ ছেলে তারা বাস্তবে খুব সুখী পরিবার,0,0,0,0,0,0
খুব সুন্দর নাটক টা আমার খুব ভাল লাগে এই নিয়ে পাঁচ বার দেখলাম,0,0,0,0,0,0
"সারাদিন রোজা রাইখা হাগু কষা।
পাদ আটকাইয়া রাখছিলাম তোর মুখে মারার লাগি খা*কির পোলা। 
হাগু তের মুখে দিব টুপি খুলবি নাকি এমনিই দিব?
আবার ইংলিশ দুচাও ক্রে?",1,0,0,0,0,1
নিশো ভাই ছাড়া নাটক দেখিনা আমার প্রিয় অভিনেতা নিশো ভাই,0,0,0,0,0,0
"আজ সবাই লাইনের মারে চুদেন, এই ধইঞ্চার
পুতেরে ক্রমাগত গালির সহিত বনচটকানা
একসাথে প্রদান করেন।",1,0,0,0,0,1
মিজানুর রহমান আরিয়ান বরাবরের মতোই বেস্ট আর আরফান নিশোর কথা কি বলবোকিছু বললেও কম হয়ে যাবে,0,0,0,0,0,0
প্রতিবারই সব ঝড় ভারতের উপর দিয়ে গিয়ে বাংলাদেশে আছড়ে পড়ে যা ক্ষতি হবার যা মরার বাংলাদেশিদেরঈ হয় আল্লার গাজব,0,1,0,0,0,0
"ঠেকা পরাতে এখন তবজি লইয়া জিকির চুদাও..... উড়া ভালো সব কিছু নিয়ে উড়লে জুতা পেটা তখন ফরজ হয়ে যায়।যেমনটা তোমার জন্য এখন ফরজ, ভুলে কখনো সামনে পরলে জুতাটা খুলে তোকে দেখাতাম....জুতা মেরে গুরু দান দেখানো পোস্ট তাইনা",1,0,0,0,0,1
আসলেই সিরিয়াস সমস্যা... মাছি না উড়লে ভাবি ফর্মালিন দেয়া আছে... উড়লে  ভাবি হাইজেনিক তো?,0,0,0,0,0,0
নাস্তিকরা নিজেকে অনেক বড় মাপের বিশ্লেষক ভাবে। তারা কখনোই পূর্ণ আয়াতের অনুবাদ করে না। আংশিক কিছু আয়াতের ব্যাখ্যা করে অযৌক্তিক সমালোচনা করে। আর প্রত্যেকবারই নিজেকে  মূর্খ বলে পরিচয় দেয়।,0,0,1,0,0,0
নাটকটা দেখার মাঝখানেই ভেবেছিলাম যে এরকম কিছু কাহিনী শেষে থাকবে সুপার আই লাভ আরফিন নিশু প্লাস তানজিন তিশা সুপার জুটি,0,0,0,0,0,0
"আমি বলতে থাকলাম; জানেন, আমি না মাঝে মাঝে কোন নতুন এলাকায় গেলে, ১৯ নম্বর রোডের ৭১ নম্বর বাড়িটা খুঁজি",0,0,0,0,0,0
এই ঈদে প্রথম নাটক দেখলাম এইটা ভাবতে পারিনি নাটকটা এতটা সুন্দর হবে,0,0,0,0,0,0
আফরান নিশোর নামাজ পড়ার প্রতি আগ্রহটা সত্যিই খুব ভালো লাগে,0,0,0,0,0,0
ভিসিআর দেখি না কতো দিন…সোবানবাগে ফিল্মফেয়ার নামের এক স্টুডিও থেকে ক্যাসেট ভাড়া নেয়াটা ছিলো তখন বনেদী ব্যাপার স্যাপার,0,0,0,0,0,0
কয়েকদিন আগে অফিস যাওয়ার পথে পাশের বাসার ইকবাল চাচা ম্যানহলে পড়ে গেল,0,0,0,0,0,0
তোমার লেখা নাটক এতোটা ভালো হবে ভাবতেও পারিনি শেষটা অসাধারণ ছিলো এগিয়ে যাও,0,0,0,0,0,0
একটা ভাল মানুষ ছেড়ে একটা নাস্তিক এর সাথে সম্পর্ক এটা আসলে ভালো হলো না।,0,0,1,0,0,0
খানকি মাগি ও মাহি মাগী একটা পতিতা মাগি তাদের চরিত্র এতোটা খারাপ যা বলার মতো নয়,1,0,0,0,0,1
আরফিন নিশো মেহজাবিন আপু তাদের নাটক দেখতে অনেক ভালো লাগে ধন্যবাদ এমন নাটক উপহার দেওয়ার জন্য সামনে আরো ভালো নাটক উপহার দিবেন আমাদের জন্য,0,0,0,0,0,0
বিয়েটা নিশুর সাথে হলে অনেক ভালো হতো নাটকটাতারপর ও অনেক ভালো হইছেসব থেকে বেশি ভালো লাগছে বন্ধুত্বের সম্পর্কটা,0,0,0,0,0,0
আরে ভিকারী চুদা রা তোরা কী ভুলে গেলী জে তোদের সাধীনতা আমরা দীয়ে ছিলাম!,1,0,0,0,0,1
জান অথবা বাবু বললে আমি নিশ্চিত যে উনি এ রকমটা করতেন না ।,0,0,0,0,1,0
ভাই না কি বোন আমি জানিনা তবু আপনাকে বলছি বুড়া না হলে আমি বলতাম তাইরে জারা ভাইরাল করেছে তারা তাইরে চুদা দেও তাহলে বুজত অহংকার করেল কি হই,1,0,0,0,0,1
তোর মাইয়ারে নিয়া আমি খেলমু। এই পিচে আয়। সালা মালাউন।,1,0,1,0,0,0
নাটকটা দেখে খুবই খুবই ভালো লাগলো আর বাস্তবে সমাজে বেয়াদব হওয়া খুবই প্রয়োজন তাই আজ থেকে আমি বেয়াদব হয়ে যাবো আর পরিচালকে অনেক ধন্যবাদ এমন একটা সচেতন মূলক নাটক দেওয়ার জন্য ভাল থাকবেন,0,0,0,0,0,0
রাতের আধারে ভোট চুরি করা দল থেকে ভালো কিছু আশা করা যায় না।।,0,1,0,0,0,0
একটা রুম একটা খাট দুজন মানুষ এর সম্পূর্ণ জীবনকাহিনী আসলেই খুবই অসাধারণ ভাবে জীবনের বাস্তবরূপ তুলে ধরা হয়েছেএভাবেই এগিয়ে যাক বাংলা নাটক,0,0,0,0,0,0
আফরান নিশো ভাই মানেই ভিন্ন কিছু অসাধারণ গল্প আর সবার অসাধারণ অভিনয়ে আমার মতই আশা করছি সবাই মুগ্ধ হবে,0,0,0,0,0,0
গুন বলে শেষ করা যাবেনাএক কথায় অপূর্বের নাটক অপূর্বই হয়েছেঅনেক ভালো লেগেছে,0,0,0,0,0,0
রেন্ডিয়ার মতো বেস্যা কান্ট্রি। বাশ্বের আর কোথাও নাই। সারা দেশেই মাগীপাড়া। কুম্বমেলায় মেয়ে উরঙ্গ হয়ে গোসল করে,1,0,1,0,0,1
"ডাস্টবিনেরও পাশে আমার কবর দিও ভাই, যেন সকাল-সন্ধ্যা কাঁউয়াদের কা-কা শুনতে পাই",0,0,0,0,1,0
আপনি ইসলাম সমন্ধে বলুন আর পোদে দম থাকলে আসিফ মহিনউদ্দিনের নাস্তিক্য,0,0,1,0,0,0
"তোর ভাব দেইক্ষা মন্ডায় চাইতছে 
একটা রড় গরম কইরা ঠান্ডা অংশ তোর হোগার মধ্যে ডুকাই দেই
আর গরম অংশ বাইরে রাখি যাতে কেউ আর খুলতে না পারে 
মান্দার পুত",1,0,0,1,0,0
অসাধারণ নাটক নিশো ভাইকে জানাই হাজারো সালাম তিশার অভিনয় ছিলো অনেক সুন্দর আর পরিচালকের কথা না বলেয় নয় সব মিলিয়ে জোস একটা নাটক উপহার দিলো আমাদের,0,0,0,0,0,0
জেরিন এর বাবার মত কিছু সুবিধাবাধী বাবার জন্য ভালবাসা নিরবে কাধেঁঅসাধারণ মিজানুর রহমান আরিয়ান ভাইয়ের উৎসর্গ বড় ছেলে ব‍্যাচএবং ব‍্যাচ লাষ্ট পেজসবগুলো নাটক অসাধারণ হয়েছে,0,0,0,0,0,0
শুধু মাত্র এই পোস্টে কমেন্ট করার জন্য বাড়ির এক মাত্র ডিম পাড়া ঘোড়া বিক্রি করে এম বি কিনে বসে ছিলাম,0,0,0,0,1,0
অসাধারণ কাহিনী আর অসাধারণ অভিনয় কেন যে আমাদের দেশের মেয়েরা এমন নাটক গুলা না দেখে ইন্ডিয়ার সিরিয়ালের পেছনে পড়ে থাকে,0,0,0,0,0,0
একটা রিকোয়েস্ট আছেপরবর্তী ফটোতে ওই জায়গা থেকে চুল গুলো সরিয়ে দিবেন,0,0,0,0,0,0
সরকার বেসি বারা বারি করছে এখন এর পরিনতি খুব খারাপ হবে সামনে,0,1,0,0,0,0
অপূর্বর নাটক আমি সব গুলা দেখিআমার কাছে অনেক ভালো লাগে,0,0,0,0,0,0
তানজিন তিশা আপু এই ঈদে আপনার সব চাইতে সেরা নাটকটা আমার দেখা মতে লালাই হবে আপনার লালাই নাটক এর অভিনয় এ আমার মন মুগ্ধ হয়ে গেছে আগে লালাই গল্পটা বইয়ে পরছিলাম আর সেটা আজ অভিনয়ে দেখলাম আসলে অনেক ভাল লাগল,0,0,0,0,0,0
নাটকের স্টোরি ট্যলিং খুব ভালো ছিলো ওভারঅল নাটকটা দারুন লেগেছে আশাকরি আরো এমন সুন্দর নাটক হবে,0,0,0,0,0,0
"সবাই যদি পেটের দায়ে করে, সাধারণ মেয়েদের স্বামী লাগে কেন?পারলে উত্তর দিয়ে জান!",0,1,0,0,0,0
গত ৫ জানুয়ারি বিএনপির মানুষ পোড়ানো দিবস আর এবার আওয়ামীলীগের জানোয়ার ধরা শুরু দিবস,0,1,0,0,0,0
সাফারি পরা পেট মোটা লোকটার চোখ আমার উত্তর শুনার জন্য চকচক করছে,0,0,0,0,0,0
"যে আগে নামবে, সে তাড়াহুড়া করে লিফটের ঢুকে একদম পিছনে যেয়ে খুশি খুশি দাঁড়িয়ে থাকছে",0,0,0,0,0,0
ছোট বেলায় অনেক কষ্ট করে মাতৃভাষার সব ধরনের গালি শিখেছিলাম । কিন্তু চর্চার অভাবে অধিকাংশ গালিই ভুলে যেতে বসেছি কিন্তু মাঝে মাঝে এমন পোষ্ট দেখলে মন চায় গালিগুলো পুনরায় চর্চা করি,0,0,0,0,1,0
তোরা চীনের ফেলে দেওয়া অস্ত্র নিয়ে বাহাদুরী দেখাতে থাক। ভিখারির জাতের রুচি তোদের রুচি তো অমনই হবে। গরু চুরি করে আর কতই বা ইনকাম তোদের ? মা বোন সবাইকে নিয়েই তো তোদের চুরি। আর মাঝে মাঝেই মরে ভারতের কাটাতারে লটকে থাকিস।,0,1,0,0,0,0
তিশা এত সামাজিক ড্রেস পরা ধরল কবে থেকেভাল লাগল অনেক,0,0,0,0,0,0
এমন পোস্ট দেওয়ার জন্য আপনাকে ধন্যবাদ। লিস্টে অনেক লুকানো কিট ছিল ওদের কমেন্ট পড়ে রিমুভ মারতে সুবিধা হইছে।,0,0,0,0,0,0
"“কাম না রে... এটারে বলে দায়িত্ব; এই বিল্ডিঙে ১৭ টা পরিবার থাকে। সবাই দায়িত্ব আমার কাঁধে দিয়ে রাখসে। সবাই আমারে খুব মান্য করে... আবার আমিও অনেক কঠোর থাকি… অপরিচিত কেউ বিল্ডিঙে ঢুকার আগে, আমারে শ্যাটিসফাই করতে হয়”",0,0,0,0,0,0
বেদব তুই টয়লেটে পরে মরবি শয়তান কুতথার বাচছা হারামি নবীর দুশমন,0,0,1,0,0,0
তুই নায়ক হওয়ার পর থেকে কেউ আর বাংলা মুভি দেখে না,0,0,0,0,0,1
"আপনার আসল নাস্তিক আচরণ আপনি দেখিয়েছেন, আজ থেকে আন ফলো করে দিলাম, সাথে তোর কপালে ১০০ টা জুতার বারি, বাংলাদেশ থেকে তোকে কিক মারা উচিত",0,0,1,1,0,1
"হানকির পোয়া সোদানীর পোয়া,চুতমারানি, বাইনচোদ,সাওয়ারপুত, খানকি,মাগী,সোদানী,,,তোরে কিত্তে মন চার নিজেও ন জানি?সোদানীর পুয়া তুর নাম আরিফ হোন মাগীর পুয়া দিয়িল দে ও সোদানীর পুয়া",1,0,0,0,0,1
"আরে দাদা আপনি তো নাম্বারটা দিবেন, মাগীর দালাল এর নাম্বার আমি যোগাযোগ করব",1,0,0,0,0,0
"বেহায়াপনা,নাস্তিক মনোভাবাপন্ন,হারামখোর নারী[হাতের নখ জ্বলন্ত স্বাক্ষী] দিয়ে করোনার প্রকোপ বন্ধ করা যাবে না না না...আল্লাহ মহা পরাক্রমশালী-আল্লাহ ই হেফাজতকারী।",0,0,1,0,0,0
"আল্লাহ, আসিফের নুনু তুমি আরো ছোট কইরা দাও এইসব মাগীদের ইন্টারভিউ নেয়ার জন্য!",0,1,1,0,0,0
"চাইনিজ প্রোডাক্ট ছাড়া দুনিয়া অচল, ভাষাটাও ছাড়া দুনিয়ারে প্রায় অচল করে দেবার প্রক্রিয়াটাও শুরু করে দিছে আসলে।",0,0,0,0,0,0
"ভাই এই সরকার রক্তচুষা জু্ঁক,  ওরা আরও রক্ত চায়  এদের  কাছ থেকে দেশকে বাঁচাতে  হলে রক্ত দিতে হবে।",0,1,0,0,0,0
ওর এই টপিকটা দিয়ে নুসরাত হত্যাকান্ডকে ধামাচাপা দেওয়া হচ্ছে!যা হোক ইতিপূর্বে অনেক কিছু করা হয়ে!আমরা নুসরাত হত্যাকন্ডের জড়িতদের ফাসি চাই!এইসব নোংরা নাস্তিক মডেলদের বর্জন করুন,0,0,1,1,0,0
ওদিকে পাকিস্তান হামলা করছে আর তোরা এখানে হিন্দু মুসলমান নিয়ে লাড়াই করছিস ভুলে যাসনা আমরা সবাই ভারতীয় আমাদের শত্রু পাকিস্তান,0,1,0,0,0,0
আগের কালের নাইকাদের অভিনয় দেখলে চোখ থেকে পানি পরতো আর এখনকার নাইকাদের পিক দেখলে নিচ থেইকা পানি পরা সুরু করে,0,0,0,0,1,0
এই তো বাংলাদেশ প্রতিবেশীর পরিচয় দিতে শুরু করেছে । প্রয়োজনে আমাদের হাসপাতালগুলোও বিমানে উঠিয়ে দিল্লি পাঠানো হবে । যদিও তোমরা সীমান্তে আমাদের শান্তিতে থাকতে দাও না ।,0,0,0,0,1,0
আমি এমন ভাব করলাম যে উনাকে দেখে খুব খুশি হয়েছি আমি... দাঁত বন্ধই করতে পারছি না... কেমন আছেন আপু?,0,0,0,0,0,0
আরো একটা জিনিস খুব ভালো লাগলো যে নাটকে যেখানে যে অবস্থাতেই থাকুক নিশো ভাই সে নামাজ পড়েছে এবং এটা একটা খুব ভালো বার্তা আমাদের জন্যে,0,0,0,0,0,0
এক কথাই অসাধারণ আমি ১৫ আগে থেকে দেখতেছিসত্যিই অনেক ভাল লাগছে,0,0,0,0,0,0
"আমি পরকাল বিশ্বাস করিনাঃ- সাফা কবিরনতুন নাস্তিকের আমদানি, জুতা মারো তার গালে।",0,0,1,1,0,1
বারডেমের ইয়া বড় লিফটের ভিতরে একদম পিছের দিকে দাঁড়িয়ে আছি... পাশে এক সাফারি পরা ভদ্রলোক হাতে গ্লুকোজের প্যাকেট নিয়ে দাঁড়িয়ে আছে,0,0,0,0,0,0
শুধু মুখের আন্দোলনে কাজ হবেনা জামায়াত শিবিরের মত জীবন বাজি রাখতে হবে তবে তো কাজ হবে,0,1,0,0,0,0
সব কিছু মিলিয়ে সত্যি অসাধারণ নামাজের দাওয়াত দেয়া বন্ধুত্বকে মূল্যায়ন করা এইটাকেই বলে বেস্ট ফ্রেন্ড,0,0,0,0,0,0
কোন জাগায় যেন নতুন করে আবার আকাম করছে তাই আওয়ামীলীগের ব্যানার লাগাইছে,0,0,0,0,1,0
সরকাররে আসলে বলদে চুদে তাই এমন আকাম কু কাম শুরু করছে। এতোদিন শুনলাম না তার নাম রাজাকারে আছে এখন বেটা মাত্র বসলো চেয়ারে আর শুরু হলো তদন্ত।,1,0,0,0,0,0
"বৃষ্টিতে ধুয়ে গেছে রক্তের লাল, মুছেনি তো হৃদয়ের দগদগে ক্ষত",0,0,1,0,0,0
স্টার জলসা কি ভালো ? সুলতানে সুলেমান অনেক ভালো । দেশের নাট্যকার দের বোঝা উচিত নাটকের মাঝে এত বিজ্ঞাপন কেন ? আমরা চাই এই ধরনের সিরিয়াল থাকলেই সবার জন্য ভাল ওই ভারতীয় সিরিয়াল যত সমস্যা এবং অশ্লীলতা দিয়ে ভরা।,0,1,0,0,0,0
নাটকটি দেখার পর মনে হল আসলে খুব সুন্দর একটা শিক্ষনীয় নাটক নাটকটিতে বোঝার মতো অনেক কিছু আছে জীবনে এমন অনেক ঘটনা খুব ভালো,0,0,0,0,0,0
জাগ্রন মঞ্চ মূলত একটি সরকারের নাটক ছিল যার উদাহরন ইমরান এইচ সরকার,0,1,0,0,0,0
ছি কি খারাপ মহিলা !এত সুন্দর একটা সংসার এভাবে নষ্ট করে দিল !,0,1,0,0,0,0
অসাধারন সুন্দর একদম বাস্তব জিবন আল্লাহ কোন বোনকে যেন ফুলির মত জিবন না দেন,0,0,0,0,0,0
আরব থেকেও মুসলমানদের লাথি মেরে তাড়িয়ে দেওয়া হচ্ছে আরবদেশ মুসলমান না তারাও তোমাদের মতন মানুষদের ঘেন্না করে,0,0,1,0,0,0
খুব ভালো লেগেছেরানু রে আবার আগের জায়গায় ফিরিয়ে দেওয়া হোক রেলস্টেশনে তাহলে বুজতে পারবে তার ভবিষ্যৎ বানি কি,0,0,0,0,0,1
"তুই কি লাল ব্রা পড়া ছাড়বি না, তুই আসলেই প্রতিবন্ধি,",0,0,0,0,0,1
বন্ধুত্ব হারায় না বেঁধে রাখে করে আপন জন্ম মৃত্যুর মাঝে ভালবাসার স্বপন সত্যিকারের বন্ধু বেঁচে থাক আজীবউৎসর্গিত,0,0,0,0,0,0
বর্তামানে নাটক নিয়ে পুরষ্কার বিতরনীর অনুষ্ঠান করা দরকার সেখানে নিঃসন্দেহে সেরা নাটক নির্মাতা কাজল আরেফিন অমি সেরা অভিনেতা আফরান নিশো সেরা অভিনেত্রী মেহজাবিন তানজিন তিশা সেরা উদীয়মান অভিনেতা জিয়াউল হক পলাশ কে দেওয়া উচিত,0,0,0,0,0,0
এ মিজান ভাই আপনি কেন এতো ভালো নাটক বানান বলেন তোবাংলাদেশে এই একমাত্র মিজানুর রহমান আরিয়ান পরিচালক মানেই অন্য কিছু সেলুট বস,0,0,0,0,0,0
‘আমি তো জানতাম ডাল গরীবের আমিষ... এটাও এমনে কফ সিরাপের মতো মেপে খেতে হবে?’,0,0,0,0,0,0
ভারতের কথা আমি বলবো সারা জীবন বললেও হারামী দের কথা বলা শেষ হবে না,0,0,0,0,0,1
১৯৭১ সালে ভারত পাকিস্তান কে থাপ্পড় মেরে দুই টুকরো করেছে।,0,1,0,0,0,0
বিএম কলেজের এই অধ্যক্ষকে লাঞ্চিত করার রায় কি হয়েছে জানেন? বেকসুর খালাস,0,1,0,0,0,0
আমার কাছে বুকের বা পাশের নাটক টাকেও হার মানাবে বস এর এই নাটক টা মেরিল প্রথম আলো ২০১৯ এ এটা দিয়েইবস পুরস্কার নিবে বলে মনে করি আমিকেউ এটা মনে করলে লাইক দিয়ে জানিয়ে দিবেন ধন্যবাদ,0,0,0,0,0,0
"মেয়ে সেক্স করোগো আমার সাথে, বুইড়া লোক দেবে দেবে, দেবেগো?",1,0,0,0,0,0
"শীতে মারে শুকিয়ে, বর্ষায় মারে চুবিয়ে গজলডোবা ব্যারেজের সব গেট খুলে দিয়েছে ভারত, বন্যা পরিস্থিতির মারাত্মক অবনতি",0,1,0,0,0,0
এরশাদের একদিন বিচার হবেই আল্লাহ পাক এরশাদের গদি খুঁড়ে উঠিয়ে দিবে,0,0,0,1,0,0
"জুতো ৫০০০ টাকা দিয়ে কিনলেও, তার শোভা পায় কেউ পকেটে নিয়ে ঘুরতে যায় না জুতার সন্মান, জুতাই তার বেশি নয় জলন্ত প্রমাণ পাবলিকের বুঝতে একটু দেরী হয়েছে আবার তুই মুষিক হ গল্পটা যাদের জানা আছে, তারা, বুঝতে পারবেন",0,0,0,0,0,1
তাকে যে দর্শক রুপের প্রশংসা করেছে সে হলো লুইচ্চা নাম্বার ওয়ান,0,0,0,0,0,1
সরকার এদের কে সম্পূর্ণ ভাবে সাহায্য করেআপনার এত সমস্যা কোথায় হচ্ছে?,0,1,0,0,0,0
ইতিহাস তো পড়িস নি তাই জানিস না। মাদ্রাসা ছাপেরা আর কি জানবে এর বেশি? ভারতএর পোদ থেকে দুই তাল গু বেরিয়েছিল। এ তোদের জারজ বাপ ফাকিস্তান আর এ কাংলাদেশ।,0,1,0,0,0,0
তর বোদা দিয়ে কালো লাল আজ আমি তোমার সেই ছবি দেখেছি,1,0,0,0,0,0
অনেক সুন্দর অনেক বার দেখছি খুব ভাল লাগল জীবন টা উপলব্ধি করলাম এই নাটক টা দেখে,0,0,0,0,0,0
"শুয়োর তোকে যদি একবার সামনে পাইতাম আমার পোষা কুকুর দিয়ে চুদাইয়া তোর পুটকির রগ ছিড়াই দিতাম। 
তারপর তোর অন্ডকোষ কেঁটে সাদা কালার করে তোর মাইজ্ঞা তাবিজ ফারুককে ডিম বলে খাওয়াইতাম।",1,0,0,1,0,0
যখন মূর্তিপূজা হত তখন তোমাদের আল্লাহকে ঘুমাচ্ছিলেন? কেন মূর্তি ভাঙতে আল্লাহ নিজে আসেননি ।,0,0,1,0,0,0
পদ্মাসেতুর কাজ শেষ হলে তা যাদুঘরে রাখার জোর দাবি জানাচ্ছি ।,0,0,0,0,1,0
ভারতীয় মন্তী নিয়ে অালোচনা অনথক। আর আমাদের মন্তীরা জুতা সেলাই করে পরে না ওটা লোকদেখানো নেকামি মাএ ।,0,1,0,0,0,0
তগো পাছার ভিত্রে কবুতর ঢুকাই হাততালি দিতে ইচ্ছা করতাসে..যাতে কবুতর এর ছটফটানি তে মইরা যাস,1,0,0,0,0,0
পরিচালকে অবশ্যই ধন্যবাদ জানাবো শুধু নামাজ পড়ার এটা খুবই আমার ভালো লাগছে,0,0,0,0,0,0
"-না, ভাইয়া, সিরিয়াসলি। আমার কিছু বিষয়ে স্ট্যাট্মেন্ট দিলাম। আমি রাত বিরাত বিভিন্ন জায়গা থেকে বাসায় ফিরি কিন্তু আমার বাসার কাছে পুলিশ দাঁড়িয়ে থাকে, এটা খুবই ভয়ংকর।",0,0,0,0,0,0
মিলটা ‍দিলে খুব ভালো লাগতো আর নামাজ নিয়ে কথা বলাই আরো বেশি ভালো লাগলো,0,0,0,0,0,0
বুঝে গেছি নায়কের নাম ধুলো আর নায়িকার নাম কণাআর ভিলেনের নাম ঝাঁড়ু । কণার থেকে ধুলোকে ঝেঁটিয়ে বিদায় করবে,0,0,0,0,1,0
অপুর্ব বস তোমার নাটক গুলো অসাধারণ হয়আর তানজিম তিশা আপু আমার ক্রাশ কিউট আপু,0,0,0,0,0,0
যখন পাকিস্তানের দখলে ছিল বাংলাদেশ তখন কিরকম অত ্যাচার করেছিল পাকিস্তান।,0,1,0,0,0,0
আমার আরো ১০ টা বিয়ে করার ইচ্ছে মাগীর এত চুলকানি আসে কোথা থেকে,1,0,0,0,0,1
ডেডি কে তোর আমি শশুর বানাবো বিয়ের পর তোকে আমি চাকর বানাবো,0,1,0,0,0,0
নুসরাত জাহান মুসলিস নামে কলঙ্ক।ওকে  আমরা সোবাই ঘৃণা করি।,0,0,0,0,0,1
দেখে ফেলেছি দুপুরেইভাল লেগেছেকিছু মানুষের জীবন এমনইযাদের কিছু পাওয়া হয়ে ওঠে নাঅন্যের মুখে হাসি ফোটাতে গিয়ে নিজের খুশিটাও বিসর্জন দিতে হয় তাদেরসবশেষে তারা একাশুধুই একাআর গানগুলো অসাধারণমন ছুঁয়ে যাওয়া কথা আর সুরপ্রত্যাশা বেড়ে গেল আরিয়ান স্যারের প্রতি,0,0,0,0,0,0
ভালো লাগার মত একটি গল্প শামিম ভাই অনেক অনেক শুভকামনা রইলো আপনার জন্য,0,0,0,0,0,0
আমি “হ্যালো শুনা যাচ্ছে না...হ্যালো হ্যালো” বলতে বলতে লাইন কেটে দিতাম,0,0,0,0,0,0
নাটক টা অসাধারণ হয়েছে ঠিকইএকদিক থেকে বলতে হয় যেবাবার প্রতি বেয়াদবি টা ছিল এটাতেমিজানুর রহমান আরিয়ান এর নাটক বরাবরের মতই ভালো ছিল এবং আছে 🙂,0,0,0,0,0,0
ঐ মহিলাকে আমার কাছে পাঠিয়ে দাও---দুই মিনিটের ব্যবহার কেমনে করতে হয় তা বুঝিয়ে দিবো,1,0,0,1,0,0
তুই মাগি ভিক্ষারি বুঝলি তুই আবার পর কে ভিক্ষারি বলছিস,1,0,0,0,0,1
আরিয়ান ভাই অসাধারণ সত্যি আপনি বাংলাদেশ সবচেয়ে মেধাবী নাট্য নির্মাতা আপনার বড় ছেলে দেখে শিশুর মতো কেঁদেছি আপনাকে অন্তর থেকে ধন্যবাদ জানাই,0,0,0,0,0,0
"আর একটু পর, “ভাই আমি ১ তলায় নাম্মু, সাইড দেন সাইড দেন” বলতে বলতে ১৩/১৪ জনকে বিরক্তির সাথে ঠেলে লিফট থেকে নামছে",0,0,0,0,0,0
রাহুল ভাই দাদা কে বলেন হিন্দু ধর্মে মূর্তি পূজা করা কোন জায়গায় জায়েজ আছে,0,0,1,0,0,0
নাটকটা অসাধারণ মেসেজ ভাল তবে সমস্যা হল আমরা অন্যের ভালত্ব নিয়ে প্রশংসা করি কিন্তু নিজে ভাল হই না,0,0,0,0,0,0
যুদ্ধাপরাধিদের বিচার বাধা বন্ধ করা ও রাজাকারদের বাঁচাতে বিএনপি জামাতিরা তৈরী করেছে হেফাজতিদের।,0,1,0,0,0,0
পরিপূর্ণ গল্পখুব ভাল লেগেছে পরিচালককে ধন্যবাদ এত সুন্দর নাটক উপহার,0,0,0,0,0,0
সালে বাংলাদেশের মানুষকে যদি ভারত জায়গা দিতে পারে আজ কেন মুসলমান হয়ে মুসলমানের সহায়তা করবে না,0,0,1,0,0,0
তানজিন তিশা এবং আরফান নিশু বেস্ট একটা জুটি কি বলেন আপনারা,0,0,0,0,0,0
এই নাটক যে কতবার দেখলাম হিসাব নাই এতই ভাল লাগে,0,0,0,0,0,0
"এই বোকা চোদা মহিলাকে কেনো এখন ও মিডিয়া থেকে বের করছেনা, ওরে দেখলে আমার ঘৃনা হয়",1,0,0,0,0,1
সাবাস ইশানি আর তোর মা খানকি কে থুথু ছিঃ ছিঃ,1,0,0,0,0,1
এদের কাজ কাম বকাটের মতো। মালাউনদের ঠাই নাই এ দুআারে। এরা গলেপচে জাবে চিতার আগুনে তবুও বুজবে না নিজের ভালো কিসে?,0,0,1,0,0,0
হোগা মারা পুটকি মারা খাওয়া মাদারচোদ তুই একটা। শিং মাছের কাটা দিয়া তোর পুটকি সেলাই করা দরকার। যাতে এসব বুল বাল পোষ্ট দেওয়ার সাহস না জন্মে।,1,0,0,1,0,1
জাকের নায়েকর কাচে কি কন মরন অস্ত্র আচেনাকি ওনাকে ভারত এত ভয় পাই কেন,0,0,0,0,0,0
সম্ভবত আগেকার দিনে একটা ভাষণের স্টেইজের মত ডায়াস থাকত জামাইয়ের বসার জন্য... আর তার সেখানে জুতা খুলে উঠে পদ্মাসনে বসতে হতো দেখেই মনে হয় জুতা চুরির স্কোপ থাকত,0,0,0,0,0,0
অনেকদিন পর এমন অসাধারণ গল্পে নির্মিত একটা নাটক দেখলাম আর ধ্রুব টিভি বা মিউজিক স্টেশনের কথা কি বলব এই প্রতিষ্ঠানের কাজের ফ্যান হয়ে গেছি কাজের মান ১০০ তে ১০০,0,0,0,0,0,0
অসাধারণ একটি টেলিফিল্ম খুবি মুগ্ধ হয়েছি দেখে আর তা ছাড়া অপূর্ব ভাইয়া আর মেহেজাবিন আমার খুব প্রিয় আর্টিস্ট,0,0,0,0,0,0
ওরে শালী এতই খারাপ নিজের স্বামীকে মেরে ফেললি এইসব মেয়েদের কোন কথা হবে না সোজা কথায় একদম ফাসি,0,1,0,0,0,0
"ওহ পরিমনি,দিনে দিনে আপনার প্রতি ভালো লাগা আরো বেড়ে যাচ্ছে",0,0,0,0,0,0
যারা কমেন্ট লেখেন তারা একটু কমেন্ট ছোট করে বানান শুদ্ধ লেখবেন । কারণ আমরা যারা কমেন্ট পড়তে আসি তাদের অনেক কষ্ট হয় ।,0,0,0,0,1,0
অপূর্ব ভাইয়ার নাটক গুলো অনেক সুন্দর নাটক দেখতেই মন চায় আশা করি আরো ভালো ভালো নাটক পাবো আমরা,0,0,0,0,0,0
তুই হইলি মাগি আর তুর বইন সেত ডাবল মাগি তুত মা ও মাগি তুর গুস্টি সব মাগি মাগির ঘুরে মাগি তুগ সুদে বুদায়া লবন আর মরিছের ফাকি দেয়া ধরকার,1,0,0,0,0,1
নাটকটার গল্প জানতাম নাদেখতেছিলামকিন্তু গল্পটা আমার জিবনের সাথে মিলে গিয়েছেআমি খুব রেসপেক্ট করি আমার জীবনের মানুষটিকে,0,0,0,0,0,0
আমাগো আর লাইন চুদানের কাম নাই । এখন ওয়ার লাইন ভাংসে আবার এক লাইন দেখছি । নদীর বুক শাওয়ার মাঝি,1,0,0,0,0,0
বেচারার চায়ে ভেজা বিস্কুট বাংলা সিনেমার মত মারাত্মক টাইমিং মেইন্টেইন করে মুখের কাছে আনার আগে ভেঙ্গে পাঞ্জাবিতে পড়ল,0,0,0,0,0,0
মুসলিম বলুন লাইক বেশি পাবেন।। ভারত না থাকলে মনে হয় কাংলুর নিউজ চলবে না সারাদিন ভারতের নিউজ বালের নিউজ।। আবাল দেশ,0,1,0,0,0,0
অসাধারণ খুব ভালো লাগলো নাটক টা সবসময়ই নিশো ভাইয়ের নাটক দেখি এবং উনাকে খুব পছন্দ করে,0,0,0,0,0,0
বাংলাদেশ তোদের অর্থনীতির ৫ম রেমিট্যান্স মুলুক। আর হ্যাঁ রেমিটেন্স বুঝিস তো? ফকিন্নির মুখে দৈব বচন!,0,0,0,0,0,1
ফেরদৌস হালারে সেই ছোট বেলা থেকেই মাইজ্ঞা মাইজ্ঞা লাগতো। এখনো সেই মাইজ্ঞাই আছে।,0,1,0,0,0,0
চুদার জন্য আগ্রহী কোন আপু কিংবা আন্টি থাকলে যোগাযোগ করতে পারেন।,1,0,0,0,0,0
প্রশাসন কাউকে বাচাতে গিয়ে অবৈধ ব্যবসাকে বৈধ ঘোষণা দিয়ে দিলে কিছুই করার নেই।,0,1,0,0,0,0
অনেক দিন পর ভাল একটা নাটক দেখলাম খুব ভালো লাগলো,0,0,0,0,0,0
আলিয়ান ভাই যেখানে ভালো নাটক সেখানে আর অপুরব ভাই তেো বস,0,0,0,0,0,0
সালে ভারত যেভাবে বাংঙ্গালীদের আশ্রয় দিয়ে পরবর্তিতে তাদের ন্যায্য অধিকার ফেরত পেতে পদক্ষেপ নিয়েছিল রোহিঙ্গাদের ক্ষেত্রে ও মানবতার খাতিরে এই সমাস্যার স্হায়ী সমাধানে একই প্রক্রিয়ায় ব্যবস্হা নেওয়া হোক।,0,0,0,0,0,0
মাহী নিজেকে বড় আব্দুল্লাহ্ মনে করে । নিজের ভোট নাই ১০ টা,0,0,0,0,0,1
তর তো ভাষা থিক হয় না আগে তর ভাষা থিক কর মাগি!,1,0,0,0,0,1
বিশ্বাস করে বাজারের ব্যাগ হাতে দাঁড়ায়ে থাকলেও গরুর বদলে মহিষের মাংস আর খাসীর বদলে পাঁঠার মাংস দেয় দেখে ২ মাস আগে মাংসাশী থেকে ভেজিটেরিয়ান হয়ে গেলাম,0,0,0,0,0,0
কোনো মেয়ের দিকে এমন ভাবে তাকাও যেন সে নিজের শাড়ি খুলে ফেলে,1,0,0,0,1,0
যুগে যুগে তোর মত বেশ্যা পল্লীতে জন্ম নেওয়া পোলাপাইন আসবে কিন্তু কোরআন হাদিসের একটা শব্দও এদিক ওইদিক করতে পারবে না,1,0,1,0,0,1
বাংলাদেশের ৬৫% মানুষ বিশ্বাস করে এদেশে রাজনৈতিক গুমের সাথে প্রতিবেশী রাষ্ট্রের গোয়েন্দা সংস্থা জড়িত,0,1,0,0,0,0
এক কথায় অসাধারণ এক নাটকপ্রথম অংশ এতটায় মুগ্ধ করেছে বলার মত না,0,0,0,0,0,0
জয় খানকির পোলা তোর রেন্ডিয়াতে মুসলিমদের কেন মারছে।তোর মুদির মাকে চুদি।তোরাত মরলে পোরে।তোকে পেলে জেন্ত পোরা দিব । মালুর বাচ্চা বেক্তিগত ভাবে রেন্ডিয়ার পুজা করতে পারে। জন রেন্ডিয়ার মাকে চুদি।,1,0,1,0,0,1
কিছু কিছু নাটকের কোন কমেন্ট বা বলার মত ভাষা থাকে না কিন্তু অনুভূতিটা এমন ভাবে প্রদশন করেন যা কিনা দশকের মনে অদ্ভূত ভালোবাসা তৈরি হয় ঐখানেই পুরোটিমের স্বাথকতা নিসন্দেহে ভালো কাজ বলার প্রযোজন হয় না,0,0,0,0,0,0
খুব ভালো লাগলো নাটকটা চোখের পানি ধরে রাখতে পারলাম না বাবা মানাথাকলে ভাই ভাবিরমধ্যে মানুষ হইলেএইরকম হয়,0,0,0,0,0,0
খুব ভালো লাগলো জয়েন্ট ফ্যালিমি নাটক টিআসলে বাস্তবে এমন গটনা গটেই চলচে আশে পাশে,0,0,0,0,0,0
আমি ভেবেছিলাম অপুরবোর বিয়েতে মিথিলার পরিবার আসবে আর তখন মিথিলার বাপঅনেক ভাল লেগেছে,0,0,0,0,0,0
ভারত সীমান্তে চীনের হেলিকাপ্টার দেখে ভারতের মানুষের খাওয়া দাওয়া বন্ধ হয়ে গিয়েছে।,0,0,0,0,1,0
খানকির পোলা মিয়ানমারের দিকে যা ভারত কে নিয়ে এত চিনতিত কেন ? মুসলমান শেষ করে দিচছে আর বাইনচোদ ব্যস্ত ভারত কে নিয়ে,1,0,1,0,0,0
প্রথম অর্ধেক দেখার পরেও ভাবছিলাম অতো ভালো হবে না কিন্তু শেষ করে ভালো লাগসে সাবিলা নূর কথার মধ্যে একটা টান ছিলো ওটা না থাকলে ভালো লাগতো ওভারঅল ভালো,0,0,0,0,0,0
"আমি সব চুদির ভাই রে চুদি,আর হাতি পুরে মিস করি,পিলিস কাম হাক।",1,0,0,0,0,1
তুই মাগি পরিচয় দিলি। তুই আসলে একটামাগি।রেট কত আমিও ছুদবো তোকে। খুব মজা পাবি।,1,0,0,0,0,1
আহলে কিতাব এবং কুখ্যাত নুরু রাজাকার পরিবারের পক্ষ থেকে দেশবাসীকে ঈদের শুভেচ্ছা,0,1,0,0,1,0
এই পুরোহিতের  বক্তব্য  শুনে কি হুশ হবে না তাদের  যারা মুসলমানদের গালি দেয়??,0,0,1,0,0,0
এই নাটকে যারা ডিসলাইক করেছে তাদের মাথা বজ্র পরুক এরকম নাটক হাজারে একটা হয় খুব সুন্দর নাটক এটি সমাজের প্রতিচ্ছবি এই নাটকে,0,0,0,0,0,0
"আমেরিকা, রাশিয়া, চীন, এখন আমাদের কত ভাল বন্ধু, ঔখানে ইন্ডিয়া কোন চেটের বাল",1,0,0,0,0,1
অসম্ভব ভালো কাজ খুব ভালো লেগেছে পলাশ ভাই সবাইকে ধন্যবাদ,0,0,0,0,0,0
"আমাকে চ্যালেঞ্জ দিয়েছে, ৫০ দিনের জন্য প্লীজ কিছু একটা করেন যেটা হেলথ প্রিভেন্টিভ",0,0,0,0,0,0
"ভারতে জঙ্গি হামলা ভারতীয় জঙ্গিদের খুঁজে বের না করে, বাংলাদেশে জঙ্গি সন্ধান কেন?",0,1,0,0,0,0
ডঃ কামাল হোসেন ভারতের দালাল হয়ে বিএনপিকে ধ্বংস করতে এসেছে ।,0,1,0,0,0,0
মানুষ কোনদিন হিংসা করা ভালো না তাই আমি তার যোগ্যতা অনেকটা উপরে উঠেছে বলে আমি তাকে সাহসী হিরো আলম বলে ডাকবো ইনশাআল্লাহ,0,0,0,0,0,0
কিয়ান আর নোয়ার বউভাতে কেপে উঠলো গোটা বিশ্ব যেনো ভূমিকম্প বয়ে গেলো সেই ভূমিকম্পে ফ্রান্স এর আইফেল টাওয়ার ভেঙ্গে মাটিতে গড়াগড়ি খাচ্ছে,0,0,0,0,1,0
ওই লোক লেখা পড়া জানে না ধর্মগ্রনত মানেনা ওর সাথে কিসের তর্ক,0,0,1,0,0,1
"যেতে যেতে ভাবলাম, টাকা চাইলে তাকে বলব, চুটকি দিয়ে তোর পুটকি মাইরা দিমু",1,0,0,0,1,0
একটা রড এর অর্ধেক গরম কইরা ঠান্ডা সাইডটা হালার পুটকিতত ঢুকান হোক যাতে গরমের ঠেলায় হালা টাইন্নাও না বাইর করতে পারে,1,0,0,1,0,1
উফফ । এমন ক্যাপশন দেয় কিছুই বুঝা যায়না ! লিংকে ঢুকিয়েই ছাড়বে বেটারা !,0,0,0,0,1,0
"আরে ভাই শিব যদি দেবতাদের দেবতা হয় সেত গাঁজাখোর, চরিত্রটাই তো ভালো নয় , যার চরিত্র ভালো নয় সে আবার কি করে  দেবতা হতে পারল?",0,0,1,0,0,0
হায়রে জীবন ভাসমান কচুরিপানার মতনাটক টা দেখে অনেকেই আবার সঠিক পথটা বেছে নেবেএটাই আশাকরছি,0,0,0,0,0,0
আমার নজরুল ড্রাইভারকে নিয়ে হাঁটে না গেলে বুঝতামই না যে তার আরেকটা বিশাল গুণ আছে,0,0,0,0,0,0
তোমাকে দেখলেই শরীরের বিশেষ অংগ নাড়াছাড়া শুরু করে । তুমি আর আগের মত নাই ।,0,0,0,0,1,0
মরি বাঁচি বাবা মা ছাড়া ঈদ করবো না অসাধারণ উক্তি,0,0,0,0,0,0
"উনি হালকা স্বস্তির নিঃশ্বাস ফেলে বললেন, “ব্রাদারের ভুল হয়েছে আমি হাঁটা বাবা না”",0,0,0,0,0,0
"বাড়াতে বাড়াতে বাড়াতে একটা বয়স পার হয়ে গেলে, সেই বয়সই আবার আমরা সবাই কমাতে চাই",0,0,0,0,0,0
"আপনি উপুত হয়ে শুয়ে থাকবেন, এটা আপনার পিঠ চুলকে দিবে",0,0,0,0,0,0
নিজেকে কিভাবে উপস্থাপনা করতে হয় সেই বুদ্ধি এই মহিলার ভিতর নাই,0,0,0,0,0,1
মানুষ মেরে ইসলাম রক্ষা করতে হবে এমন ধর্ম আল্লাহর হতে পারে না।।।,0,0,1,0,0,0
"স্বামীরটা হারবাল খাওয়াইয়া বড়  করেন তাও পরমপুরুষের কাছে যায়েন না, গুনাহ্ হবে",1,0,0,0,1,1
সরকার দলীয় নেতা-কর্মীদের সাহায্য ছাড়া এতো বড় দূর্নিত করা সম্ভব না,0,1,0,0,0,0
বোঝাই যাই প্রথম আলো প্রতিনিধিরা ভারতের জারজ সন্তান ।। গরুর বাচ্চা ভারত চলে যা ।,0,1,0,0,0,0
ভাই আকটু বাজে ভাসায় ভালোবাসাটা ব্যাক্ত করি কিছু মনে করবেন নাশামিম ভাই আপনি আসলেই আকটা মালভালোবাসা আর শুভ কামনা রইলো আপনার জন্যআমার মতো সবার ভালোবাসায় আপনি বেচে থাকুন,0,0,0,0,0,0
"তুই বলছিস ইসলামেক দেশে জিজিয়া  দিয়ে  থাকতে হয়,তাহলে  ভারতে থাকতে  হলে একই কথা যদি হিনদুরা  বলে তুই কি দিবি?",0,0,1,0,0,0
নাটক টাতে আমাদের পাবনা জেলার ভাষা সুন্দর ভাবে তুলে ধরার জন্য অনেক অনেক ধন্যবাদ রইল আপনাদের এই বিষয় গুলো প্রতি টা পরিবারেই বিদ্যমান শাহনাজ খুশি আপা খুব সাবলীলভাবে উপস্থাপন করেছেন বিষয় গুলো,0,0,0,0,0,0
তর গালে জুতা মারি নাস্তিক নিজেকে অনেক বড় কিছু মনে কর তাইনা,0,0,1,1,0,1
"পরে অলিম্পিক কমিটি এই বিজ্ঞানীরে চেংদোলা করে ধইরে যখন তার তলোয়ার পরীক্ষা করল, তখন সে কট",0,0,0,0,0,0
পাকি ও ইন্ডিয়ান দালাল অথবা প্রাচীন ও নব্য দালাল উভয় সমান দোষী।,0,1,0,0,0,0
এই জানোয়ারের বাচ্চাকে গণধোলাই দেবার আহ্বান জানাচ্ছি বাংলাদেশের বছর দশেক তরুণ জনতার প্রতি,0,0,0,1,0,0
"ছোটবেলায় গল্প শুনতাম, বাদশা রাতের অন্ধকারে ঘরের কাপড় পরে রাস্তায় রাস্তায় যেয়ে ঘুরতেন... গরীবদের হেল্প করতেন",0,0,0,0,0,0
আমার সব থেকে ভালো বন্ধু হল আয়না কারণ আমি যখন কাঁদি তখন সে হাসে না,0,0,0,0,0,0
"তরমুজ, দরকারে ভাগে কিনব... ৩/৪ জন এক সাথে যেয়ে, নিজের পকেটের টাকা দিয়ে দরকারে এক ভাগ বিক্রেতারে খাওয়াবো",0,0,0,0,0,0
এই রকম মাইয়া কেও ভালোবাসতো আমারে লালা জান দিয়া দিতাম,0,0,0,0,0,0
এই হারামজাদা গুলো প্রভাব খাটাতে পারে শুধুমাত্র গরিব দুখী রিক্সাওয়ালার সাথে । এইরকম এই হারামজাদা কে ধরে অণ্ডকোষ দুটি খুলে আবাল বানিয়ে দেওয়ার জোর দাবি জানাচ্ছি ।,0,0,0,0,0,1
মুসলিম বিশ্ব এবং জাতিসংঘ চিন খানকি মাগির পোলা গোর জন্য কিছু করতেছেনা তবে আর বসে না থেকে উপযুক্ত শাস্তি দেওয়া দরকার মিয়ানমারকে,1,0,1,0,0,0
রিসোর্ট টা খুব সুন্দর কেঊকি এই রিসোর্ট এর নাম টা জানেন জানলে দয়া করে বোলবেন,0,0,0,0,0,0
মার খানকির পোলা ডান্ডিদের।ওরা আমাদের দেশটাকে শেষ করে দিছে,1,0,0,1,0,1
ভাই নাটক শেষে চোখ দিয়ে পানি বের হইয়ে গালোখুব ভালো লাগছে অমি ভাই,0,0,0,0,0,0
এতো নাটকীয়তা না করে ভারতীয় চ্যানেল বাংলাদেশে বন্ধ করে দিলেই হয় রাষ্ট্র সমাজ দুটোই লাভবান হবে ।,0,1,0,0,0,0
ভাইয়া এই ধরনের নাটক ই বানান যা সমাজের জন্য খুব ই উপকারী 🤗,0,0,0,0,0,0
এর সেরা নাটক দেয়ার জন্য অনেক ধন্যবাদ মিজানুর রহমান আরিয়ান ভাইকে আফরান নিশো বস কে নিয়ে নতুন কিছু বলার নেই অসাধারণ,0,0,0,0,0,0
এই প্রথম কোন নাটক দেখে চোখ থেকে পানি আসলসত্যিই অসাধারণ একটা ড্রামা,0,0,0,0,0,0
"...পদটিকাঃ  নির্দিষ্ট জায়গা থেকে মোটিভেশান নেয়ার চেষ্টা করাটাই ঝামেলা... আমরা যে কোন জায়গা থেকে মোটিভেশান নিতে পারি যেমন আজ না হয় তার বড় ছেলের কাছ থেকে মোটিভেশান নিলাম এই শিখে যে ‘স্বাস্থ্যই সকল সুখের মূল... and once you have a sound body, you can overcome any odds’",0,0,0,0,0,0
আমরা যদি খোমোতা করে ভারত নামের রাস্ট্র দুটিকে মেরে ফেলতাম সেখান দিয়ে,0,0,0,1,0,0
আমরাই সম্ভবত একটা লাকি জেনারেশান যাদের চোখের সামনে এই চেইঞ্জগুলো এসেছে,0,0,0,0,0,0
কি বলব আরিয়ান ভাইয়ের লেখা প্রতিটি নাটক ও টেলিফিল্ম সত্যিই অসাধারণ,0,0,0,0,0,0
আমি যাকে ভালবাসি তাকে পাওয়ার জন্য আমি দেশ ছাড়লাম তারপরও যদি না পাই আমার মত পোড়া কপাল আর পৃথিবীতে কারো হবে না সবাই দোয়া করবেন আমি যাতে আমার ভালোবাসার মানুষকে পাই,0,0,0,0,0,0
"দম্ভ ও অহংকার পতনের মূল, জাতি দম্ভ দেখেছে এখন পতন দেখতে চায়",0,1,0,0,0,0
এখানে অযোগ্য লোকরাই নোবেলের গানের বিরোধিতা করছে পারলে নিজেরা গান গেয়ে দেখান আর না হয় শিকারী এবং ভিখারি সমালোচকরা দূরে থাকুন,0,0,0,0,1,0
এক কথায় অসাধারণ বললেও কম বলা হবে হুমায়ূন স্যারের পর কারোর নাটক দেখে এত চোখের জল ফেললাম,0,0,0,0,0,0
"মানুষ তার কর্মের মাঝে বেচে থাকে, উনিও থাকবেন জীবিত বাঙালির মনে। বিনম্র শ্রদ্ধা আপনাকে।",0,0,0,0,0,0
এমন মিষ্টি বউ থাকলে জীবনে আর কি লাগে বান্নাহ ভাই এর এই ঈদে সেরা নাটকের একটি,0,0,0,0,0,0
"ওরে ভুচকির পো, মান্দারীর পো আজ যদি ব্রাজিল হারে পাডার পো পাডা তোরে কাওরানবাজার মোড়ে ফেলে ছোলা কুত্তা দিয়ে দোচাবো কইয়ে দিলাম",1,0,0,1,0,1
ভারত যখন বাংলাদেশের কাছে খেলায় পরাজিত হয় বাংলাদেশের কোটি মানুষের মুখে হাঁসি ফুটে আনোন্দ পায় খুশি হয়।আর পাকিস্তান যদি ভারতকে ধ্বংস করে দেয় ঠিক তেমন খুশি হবে পুরা বাংলাদেশের জনগন পাকিস্তান এগিয় যাও ভরত মালাউনদের ধ্বংস করে দাও ।,0,0,1,0,0,0
গরুর দাম রফাদফা হওয়ার আগে হুট করে সে ‘স্যার এই গরুর লেজে তো চুল কম’ বলে বসল,0,0,0,0,0,0
ভালবাসার শক্তি টা অনেক বড় এর জন্য মানুষ নিজেকে বদলে দিতে পারে ভালবাসা বেঁচে থাকো সবার জীবনে,0,0,0,0,0,0
আমার মত নিশোর ভাইয়ের পাগলা ভক্ত আছে নাকি এখানে থাকলে লাইক দিয়ে জানিয়ে দিন আর ভালো লাগলে আমার চ্যানেলটা সাবসক্রাইব করবেন প্লিজ ধন্যবাদ,0,0,0,0,0,0
হিউম্যান রেভলিউশানের রাস্তা না হয় একজন দেখিয়ে দিয়ে গেছে...  কিন্তু বাংলাদেশ রেভলিউশানের রাস্তা?,0,0,0,0,0,0
"ঠিক আমাদের জেনারেশনের মতন, যেমন আমরা তালগোল পাকায়ে ফেলি কোন ইস্যুটা নিয়ে বেশি আলোচনা করা উচিৎ আর কোন টা নিয়ে নয়!",0,0,0,0,0,0
"আল্লার কসম লাগে আপনে যদি আল্লহকে ভয় পেয়ে থাকেন তাহলে,প্রত্যেক মসজিদর ইমাম ও মোয়াজ্জেমের বেতন সরকারি করে দিন।",0,0,1,0,0,0
"ছোটবেলায় আমরা ২/৩ বছর বাড়িয়ে বলেও সেই মেচিউরিটিতে পৌছাতে পারিনি ...বা এখন, কিছু বয়স কমিয়েও সেই বয়স অনুপাতিক মেচিউরিটিতে পৌছাতে পারব না",0,0,0,0,0,0
গরীবদের টাকা দিলে মানুষ বলে; ‘টাকা দিবেন না... টাকা দিলে তা তারা উড়াবে... কিছু দিতে হলে খাওয়া কিনে দেন’,0,0,0,0,0,0
চীনা মোটা বারা দিয়ে কাংলুদের গূদে দিচ্ছে বিশাল ধাক্কা চোদন খেয়ে কাংলুদের মা যাচ্ছে এবার মক্কা ।,1,0,0,0,0,1
সেই এই নাটকের কোন তুলনা হয় না গুরু আপনিই সেরার সেরা,0,0,0,0,0,0
ভালো নাটক চোখ ভিজলো সবার অনবদ্য অভিনয় ছেলে দুটো তো মা বাবাকে ছাড়িয়ে যাবে সংলাপ সুন্দর একটা গল্প দেখলাম ধন্যবাদ সংশ্লিষ্ট সবাইকে,0,0,0,0,0,0
নিশো ভাই পুরষ্কার পাবে ইনশাল্লাহ আবারও এবং মেহজাবিন ভালো অভিনয় করে,0,0,0,0,0,0
ভালো নাটক দেখার জন্য সব সময় অপেক্ষায় থাকিআর আরিয়ান ভাই পরিচালিত হলে তো কথাই নাই অসাধারণ ছিলো ভাই ধন্যবাদ নিশো ভাইয়া মেহেজাবীন আপুকেভালো থাকুক ভালোবাসা,0,0,0,0,0,0
ইস কতোজনের যে জ্বলছে । ভারত নামটা শুনলেই যে ভুত দেখার মতো । তাও একজন না দুইজন । ভালোকিছু খবর ভারতের হলে হিংসায় তো জলবেই এদিকে এত প্রিয় মনিব পাকিস্তান নেই ।,0,1,0,0,0,0
আপনাদের ধর্মে তো মদ্যপান হারাম কিন্তু এই শুয়োরের বাচ্চাগুল মদ পান করছিল,1,0,0,0,0,1
"শালা পাগলের মতো কথা বলে বাদাইমমা আলমের গালে জুতা পিটা দেওয়া হউক ১০ হাজার,",0,0,0,1,0,1
কচুর লতি বাজারের ব্যাগ থেকে বের করে হাতে নেয়ার সময় দেখি হাতে গাড়ির চাবি,0,0,0,0,0,0
বৌদ্ধ ধর্ম ভারতে সৃষ্টি তাই ওদের নিয়ে কিছু বলবেন প্লিজ,0,0,1,0,0,0
হ্লাত প্রতিবন্ধী হয়ে গেছে! ওরে কেউ এক সামুচ গু দে।,0,0,0,0,0,1
বড় বড় সেলিব্রিটিরা তোর মতো নোংরামি করে না রে অসভ্য বেহায়া হারামজাদি সনিকা।,0,0,0,0,0,1
মা মরা ছেলেটা মা দিবসে রাস্তার খানকি কে মা বানিয়ে আদর নিচ্ছে।,1,0,0,0,0,1
"আমি গম্ভীর মুখে বাড়িওয়ালাকে বললাম, “বাড়িটা বিক্রি করবেন? আমি কিনতে এসেছি”",0,0,0,0,0,0
নাটক টি আমার কাছে খুব ভাল লাগেছে আপনাদের যাদের ভাল লেগেছে লাইক কমেন্টস দিয়ে আশা করি অবশ্যই সাপোর্ট করবেন,0,0,0,0,0,0
লজ্জা লাগা দরকার দারুন লজ্জার ব্যাপার ধর্মের ব্যাপারে না জেনে কোনদিন বেদ  না পড়ে লাইভে এসেছো তুমি কতটা জানো  আজকে বুঝা গেল নিজেকে সনাতন ধর্ম বলছো,0,0,1,0,0,0
সরকার ধর্মদ্রোহী নাস্তিকদের বিরুদ্ধে ব্যবস্থা না নিয়ে ধর্মীয় মূল্যবোধে বিশ্বাসী আমারদেশ পত্রিকার বিরুদ্ধে ব্যবস্থা নিচ্ছে,0,0,1,0,0,0
খুব ভালো গল্প শুধু নায়ক নাইকার মিল নাসব ছেয়ে বেশি ভালো লাগছে নামাজ এর মেজেছ টাধন্যবাদ ওমি ভাই,0,0,0,0,0,0
পানি টানার জন্য সাকিব আল হাসান কে নেয়া যেতে পারে !,0,0,0,0,1,0
আচ্ছা আমি মানলাম নাসির ভায়ের দোষ আছে কিন্তু আপনি আপু কেমন মেয়ে যে প্রেমের ১৪ দিনের মাথায় চুদতে দেন,1,0,0,0,0,1
যে দেশে সমকামী বৈধ্য সে দেশে যৌন পল্লী আবার কি?,0,1,0,0,1,0
সালে ভারত যদি এরকম করত তাহলে সে সময় আপনি কি বলতেন আজ হো হো করে হাঁসি দিচ্ছেন যারা এক বার ভাবুন তো কি ছিলো সাল আমাদের বাংলাদেশের জন্য,0,1,0,0,0,0
ঠিক অাছে কিন্তু বাবা মায়ের সাথে খারাপ ব্যবহার তো দুরের কথা উচ্চ সরে কথা বলাও ঠিক না পরিচালক বাবা মাকে অপমান করেছে বাবা মা খারাপ হতে পারেতাই বলে তাদের সাথে খারাপ ব্যবহার করা যাবেনা৷ হয়তো বুঝায় বলা যেতে পারে,0,0,0,0,0,0
আবারও প্রমাণিত হয়ে গেল নাস্তিকের পেটে নাস্তিকের জন্ম ।আর সে যে ক্ষমা চাইলো ওটা তার অভিনয় আর বাস্তবতা হচ্ছে সে আসলেই নাস্তিক ।সো তাকে জনসম্মুখে প্রকাশ্যে ফাঁসি দেয়া হোক ।হে আল্লাহ তুমি আমাদের কে নাস্তিক মুক্ত দেশ দান করো ।,0,0,0,1,0,0
এই নিয়ম চালু হলে অপরাধ বৈধতা পাবে তাই এই নিয়ম ভারতের সঙ্গে চালুর কোনো প্রয়োজন নেই ।,0,1,0,0,0,0
হু ভাই আজকাল আমাদের দেশের যে অবস্থা এতে মিথিলার মতো ডাক্তার অই আমাদের দরকার যাকে দিয়ে এক সাথে অনেক রোগের কাজ হবে,0,0,0,0,1,0
অসাধারন অভিনয় করেছেন সাহানাজ খুশিতার কান্না দেখে নিজেকে সামলাতে পারিনি,0,0,0,0,0,0
আমি কি এক মাত্র ব্যক্তি যে কিনা সবার কমেন্ট গুলো পড়ে খুব আনন্দিত হয়আরিয়ান ভাইয়ার কাজ গুলো অসাধরণআর প্রিয় অপূর্ব মানেই সেরা কিছু,0,0,0,0,0,0
দারুন ছিল যারা না দেখেই কমেন্ট পড়তে এসেছেন তাদের কে বলবো দেখুন ভালো লাগবে,0,0,0,0,0,0
সাজুএই প্রশ্ন্যটা তোর মাকে ও বোনদের করিস তো দিক উত্তর পাবি-কারন একই চলিত ভাষা হবে।,0,1,0,0,0,0
চায়না এতদিন ভারত কে কোটি কোটি গড সাপ্লাই দিয়েছে কিন্তু উরির ঘটনার পর এরা এখন দেশী গডের দিকে ঝুকছে। অবিক্রীত বিদেশী গড গুলো এখন চীনের নয় বরং ভারতেরই লোকসানের অভিশাপ হয়ে দাঁড়াবে।,0,1,0,0,0,0
অনেক অনেক ধন্যবাদ আরফান নিশো ভাই নামাযের কথাটা এতো ভালো লাগলো যা বলে বুঝানো যাবে না,0,0,0,0,0,0
এই টাকা কি তোর মাকে না বাপ কে ভাই কে বোন কে খাওয়াস মরবি না মাগি,1,0,0,0,0,1
"কোথায় কি হচ্ছে, আর এই শালার পোদ ফাটছে, বালের ভিডিও দেখাচ্ছে",1,0,0,0,0,1
আমার দেখা ওয়ান অফ দ্যা বেস্ট নাটক এটাসত্যিই ভিন্নরকম একটা স্ক্রিপ্ট 🤗🤗,0,0,0,0,0,0
হায়রে মালু আরো কতকিছু করবি তোরা তারাতারি গজব আসবে মনে হয় তোদের উপর,0,0,1,0,0,0
আমাদের দরকার পারমানবিক অস্ত্র। ভারতের মত ছেচরা জাতি পৃথিবীতে আর একটাও নাই।,0,0,1,0,0,0
"আমার তো ধারনা, ওকে যদি বলি ‘বাঘের দুধ আনতে পারবা রফিক?’",0,0,0,0,0,0
সারা নাটকে মাত্র দুজন অভিনয় করেছে কিন্তু কতোগুলো চরিত্র পরিস্ফুট করেছে আমারাও একদিন বুড়ো হবো জানি না ভালোবাসার সম্পর্কটা এমন হবে নাকি ফেসবুকে একটা দৃশ্য দেখে ভেবেছিলাম হয়তো হাসির নাটক কিন্তু পুরোটা দেখার পরে বলছি অনবদ্য নাটক সেরার সেরা,0,0,0,0,0,0
রাজাকাররা মিছিল করছে।তখণ ইসলাম পিয় দল গুলো কোথায়।আজ তোমাদের দরকার।,0,1,0,0,0,0
আমাদের ধর্মে আছে কোন পূজাতে টাকা দেওয়া ইসলাম শরীয়তে জায়েজ নয়,0,0,1,0,0,0
আলাদা আলাদা বৈশিষ্ট্য নিয়ে পার্লারে ঢুকছেন... আর বের হচ্ছে সবাই এক হয়ে,0,0,0,0,0,0
গুজরাট দাংঙ্গার খলনায় নরোপশু মোদী ভারতকে টুকরা টুকরা করার জন্য একাই যথেষ্টো,0,1,0,0,0,0
অসাধারণপরিচালক কে উদ্দেশ্য করে বলছি আপনারা ইচ্ছে করলে নাটকের মাধ্যমে সাধারণ মানুষকে অনেক কিছু শিখাতে পারেন,0,0,0,0,0,0
হলের কোণা থেকে কেউ হিসাবের বাইরে যেয়ে ৩০০ কম্বল বলে নিয়ে গেলো অফারটা,0,0,0,0,0,0
"জানি ওরা পেটের দায়ে করেছে,  কিন্তু তারা চাইলে বাসাবাড়িতে আয়ার কাজ করতে পারে",0,0,0,0,0,0
হালার পুতে রে সূর্যের পাশে ফালাইয়া গ্রহ দিয়া চোদানোর দরকার,1,0,0,0,0,1
"বাংলার বড় বেশ্যা, তুই জাহান্নামে ও ঠাই পাবি না। যেদিন বাংলাদেশে ইসলামের শাষণ চলবে সেদিন তোদের মতন বেইশ্যাদের ফাসি দেওয়া হবে।",1,0,1,1,0,1
যে সোনা ময়দানে আট বছর যুদ্ধ হয়েছে সে ময়দানে কি আরো কেউ কি আসবে যুদ্ধ করার জন্য,0,0,0,0,0,0
"হায়রে আলিপ্পা কিতা কইতাম তুরে,রমজান মাস,তাউ কদ্দুর কইয়া জাই,হোগার পোলা মাদালি",1,0,0,0,0,1
আফরান নিশো বসের প্রত্যেকটা নাটকই আমাদের ধর্মীয় একটা ব্যাপার থাকে আল্লাহ আপনাকে সব সময় সুস্থ রাখুক,0,0,0,0,0,0
কুত্তালীগের কাছে আমার প্রশ্ন পুলিশ মরলে জনগন এত খুশি হয় কেন,0,1,0,0,0,0
স্টার জলসার বাইঞ্চুরা যে দিনরাত গোবর খায় তার প্রমান এই টিজার,0,0,0,0,1,0
পরিচারক অমি ভাইএকজন ছেলেকে নামাজি হিসেবে উপস্থাপন করেছেন এটা একটা অতি ভালো দিককিন্তু একজন নামাজি ছেলেমেয়ে মা ও বাবার সাথে উচ্চ কণ্ঠে কথা বলছে এটাকি ঠিক,0,0,0,0,0,0
"এই যে আজ একজম ইমাম কে মসজিদেই কুপিয়ে হত্যা করে গেলো এর জন্য কি আরিফ ভাইয়ের কলম প্রতিবাদী হয়ে নাস্তিকদের দিকে ছুটে যাবে? মিডিয়া, ফেসবুক তোলপাড় হবে?",0,0,0,0,0,0
"ভাই বোনের সম্পর্ক হয় মিষ্টি ভালোবাসা প্রেম হয় ভাই বোনের মাঝে, ছি ছি কোন সমাজে বাস করি",0,1,0,0,0,0
আসলে পাকিস্তানিরা কবে বুঝবে তাদের ভিক্ষার বূত্তি থেকে শুরু করে পর্যন্ত চলে এসেছে সেই রেসেই আবার হাত পাচ্ছে আসলে লজ্জা না থাকলে একটা দেশ কত নিচে নামতে পারে তাই রাজাকার কুকুররা আবার বোঝাতে চাচ্ছে,0,0,0,0,0,1
হিন্দু নির্যাতিত হলে ভারত কাঁদে খৃষ্টান হলে আমেরিকা কাঁদে ইহুদি হলে ইজরাইল কাঁদে বোদ্ধৌ হলে চীন কাঁদে আর মুসলমান নির্যাতিত হলে কোন দেশ কাঁদে না কোথায় মুসলিম বিশ্ব?? কোথায় মানবতা??,0,0,1,0,0,0
"বিরোধীদলের বেলায় অনুমতি নাই, সরকারি দলের জন্য পথ বাতলে দেয পুলিশ",0,1,0,0,0,0
এদের কোন বন্দুক নয় ডিরেক্ট গুলি যাদের আইন এর বদল এসেছে এদের বিচারে কোন দিন তাদের পিটিয়ে করে ফেলা উচিত,0,0,0,1,0,0
তোমার পশ্চাৎদিক দিয়া ম্যাক্স গোলেম ছেড়ে দেয়ার ইচ্ছা পোষন করছি,1,0,0,1,0,1
বাংলা কবির সিং বললে ভুল হবে নাচালচলন পুরাই কবির সিং,0,0,0,0,0,0
"এখন পেশ করছি শ্যামলায়ে কালা, পুটকিয়ে কালা, সুলতানি বেকুব, মাদারে কাইল্লা, মডেলে আজম,

মাওলানা মডেলে আরিফ সাহেব ওরফে আরিপ্পা শাহ ভান্ডারি..",1,0,0,0,0,1
"মাঝে মাঝে ভাবি, এই স্রোতটা কি আমরা ইচ্ছে করেই তৈরি করি?",0,0,0,0,0,0
মারহাবা মাশাল্লাহ খুশি মানে ই অসাধারণ অভিনেত্রী অনেক অনেক ধন্যবাদ,0,0,0,0,0,0
আপনি কি কুরআন ভালো করে দেখেচেন... সেকানে নারী ধর্ষন বৈধ.. এটা আল্লার বানী....,0,0,1,0,0,0
নয়াদিগন্ত আছে শুধু পাক ভারত যদ্ধের খবর নিয়ে নিজ দেশের তলা যে খয়ে যকচ্ছে তার কোন খবর নাই। মনে হয় যুদ্ধ বাদাতে পারলেই তারা খুশি। ফাউল,0,1,0,0,0,0
অনেক দিন পর নতুন কিছু দেখলাম খুব ভালো লাগছে ধন্যবাদ,0,0,0,0,0,0
আমার দেখা এই ঈদের সবচেয়ে সুন্দর নাটকযেমন ভাল লাগছে তেমনি ভবিষ্যৎ ভেবে খুব কষ্ট লাগছে,0,0,0,0,0,0
"কানকি মাগি সময় থাকতে ভালো হ, তা না হলে সোনার মধ্য মরিচ লাগাব",1,0,0,0,0,1
এখন কোন মালাউন প্রতিবাদ করবে না যখন মালউনদের কিছু হয় তখন তখন মুসলিমরাই সবার আগে প্রতিবাদ করে। আর হে বৌদ্দরা কি প্রতিবাদ করবেনা নাকি তাকিয়ে দেখবে আর মজা লবে।,0,0,1,0,0,0
যখন তার সৃষ্ট কোন চরিত্র বই থেকে বের হয়ে আসে,0,0,0,0,0,0
জানুয়ার এর বাচ্চা কোটা নিয়া দেশের অবস্থা খারাপ আর তুই মাগীবাজী চুদাস?বেশ্যার মাগির শ্লা শুয়ার,1,0,0,0,0,1
ভারতের সাথে কোনো চুক্তি না করাই ভালো। লস হবে। বাংলাদেশ ভারতের সাথে রাজনীতিতে কূটনীতি তে পারবে না।,0,1,0,0,0,0
খুব খুব ভালো হইছেধন্যবাদ এই নাটকে যারা কাজ করেছে তাদের সবাই কেআরিয়ান ভাই আপনি বেস্ট,0,0,0,0,0,0
যারা স্বেচ্ছায় পাকিদের দ্বারা গর্ভবতী হয়েছিল তাদের সন্তানেরা এখনো বাবা বাবা চিৎকার দেয়।,0,1,0,0,0,0
পুরুষ তন্ত্রের শিকার হয়ে তাই পুরুষরা জেলে এবং রিমান্ডে আছে । আর যদি নারীবাদের খপ্পরে পড়তো তাহলে দুনিয়ার ওপারে চলে যেত ।,0,0,0,0,1,0
মাসাআল্লাহ্ অনেক ভালো লাগলো নাটকটাআর সবচেয়ে ভালো লাগলো নামাজের দাওয়াত দেওয়াটা ধন্যবাদ পরিচালক,0,0,0,0,0,0
এটা রেন্ডিয়ার মিডিয়া বা সরকার দেখবেনা। কারন বিজেপি যতবার সরকার গঠন করেছে ততবার ইন্ডিয়ার মুসলিমদের উপর নির্যাতন হয়েছে। বাংলাদেশ সরকারের উচিত এর জবাব চাওয়া।,0,0,1,0,0,0
তগো এর ভিত্রে কবুতর রা হাততালি করতে করতে করতাসে.. সেদিন কবুতর এর ছটফটানি শুনে ঝাঁপিয়ে পড়তাম,1,0,0,0,0,0
সাহস থাকলে ভারতে আয় ।কাপুরুষ নিজের বাবার জানাযাতেও এল না ।ডালমে কুছ কালা হ্যায় ।,0,0,0,1,0,0
পাছায় গুড়াকৃর্মিতে চুল্কাইলে কিছুমানুষ ঔষুধ না খেয়ে পাছায় সিরিজ কাগজ দিয়ে ঘষা মারে।,0,0,0,0,1,1
মুহম্মদের আমলেও বাল্যবিবাহ প্রচলিত ছিল। কিন্তু ৫৩ বছরের বুড়ার সাথে ৬ বছরের বাচ্চার বিয়ে কেউই ভাল চোখে দেখত না।,0,0,1,0,0,0
বাংলাদেশের মুক্তিযুদ্ধে যেভাবে ভারত পাশে দাঁড়িয়েছিল ঠিক বাংলাদেশ সরকার ও এদেশের জনগণের উচিত রোহিঙ্গাদের পাশে দাঁড়ানো।,0,0,0,0,0,0
"গোলাম রব্বানী যদি সত্যি জড়িত থাকে তাহলে আওয়ামীলীগ+ছাত্রলীগ বলবে সে আমাদের দলের কেউ না,তাকে আমরা চিনিনা",0,0,0,0,1,0
হ্যা এটা আগে ছিলো একটা লাক্সারি প্রোডাক্ট... কিন্তু এখন এটা একটা নেসিসিটি,0,0,0,0,0,0
আমি আজকে চাইলেই অন্য এলাকায় যেয়ে পোদ্দারি করে আসতে পারতাম না,0,0,0,0,0,0
ভালোবাসা কী ভুল? নাকি লাল গোলাপ ফুল। ভালোবাসা কী সুখ? নাকী বেদনা ভরা দুখ ভালোবাসা কী হাসি? নাকী গলার ফাসি।তবু মন বলে তোমায় ভালোবাসি। দুঃখী,0,0,0,0,1,0
এই নাটকের মধ্যে দিয়ে বাস্তব জীবনের অতি সুন্দরময় সত্য দৃশ্য তুলে ধরা জন্য আপনার দেরকে অসংখ্য ধন্যবাদ প্রতেকের শেষ জীবন টা এমনি ঘটে তাহলে ছেলে এবং মেয়েদের উচ্চশিক্ষা দিয়ে তার এই পরিনাম,0,0,0,0,0,0
ভাইরে আপনি যা সার্কাজম করেন!!একেকটা খোঁচা সুঁই এর খোঁচার মত।,0,0,0,0,0,0
যে ছোটবেলা থেকে ট্র্যাকে দৌড়ায়... যার ডায়েট চার্ট সেই দেশের বেষ্ট ডাক্তারের কাছ থেকে আসে,0,0,0,0,0,0
ছোট্ট বেলায় কত কষ্ট করে মাতৃভাষার সব ধরনের গালি শিখছিলাম । কিন্তু চর্চা করার অভাবে অধিকাংশ গালিই ভুলে যেতে বসেছি । কিন্তু মাঝে মাঝে এই সালার কথা শুনলে মন চায় গালি গুলা পুনরায় চর্চা করি ।,0,0,0,0,1,0
শ্বাস রুদ্ধ কর একটা নাটক ঈদের নাটক কিন্তু কাদলাম তিসা শেষ টা দেখে ছেড়েছে নাটকের এটাই প্রাপ্তি তিসার ভুমিকা ছিল ভালোবাসি ভালোবাসি খুব ভালোবাসি,0,0,0,0,0,0
তোরা তো সব কয়টা হিজরা তোদের হুরের কথা শুনলেও তো ভয় করে।,0,0,1,0,0,0
আমাদের ইচ্ছা থাকলে এক বেলাতেই তাদের কাংলাদেশের গাঁড় খাড়া করে দিতে পারতো,0,0,0,1,0,0
ইসলাম বিরুদ্ধে যখন কথা বলছে কুত্তার মতো জুতা পিটা করা উচিত,0,0,1,1,0,1
এই নাটক টি প্রত্যেক মানুষের একবার হলে ও দেখা উচিৎ অসাধারন একটা নাটক,0,0,0,0,0,0
মিজানুর রহমান আরিয়ান ভাইকে অনেক ধন্যবাদ এমন একটি সুন্দর নাটক আমাদেরকে উপহার দেওয়ার জন্য অপূর্ব ভাইয়ের নাম টা যেমন অভিনয় টা ও থেমন লাভ ইউ অপূর্ব ভাই,0,0,0,0,0,0
যদি ফাসি ব্যতিত অন্য কোন সাজা হয় তাহলে এদেশে আর কোন বিচার চেয়ে লাভ নাই ।। শেষমেশ এর মার্চ এ কথা মানতে হবে যার যা কিছু আছে তাই নিয়ে মোকাবেলা কর ।।,0,1,0,0,0,0
"ওয়াক থু,,, ছিঃছিঃ সরম! তোমরা শুধু এই কামটাই ভাল পারো, চাই সে বাব হোক বা নিজের সন্তান হোক, এছারা তোমরা নাস্তীক আবালরা আর কিছু পারোনা",0,0,1,0,0,1
এইরকম সুন্দর সুন্দর নাটক উপহার দেওয়ার জন্য অনেক অনেক ধন্যবাদ নিশু ভাইয়া আর তানজিন তৃষা আপুবস এক কথায় সুপার হিট নাটক এই নাটকের চাই আমার সাথে কে কে এক মত তাদের লাইক দেখতে চাই নিশু ভাইয়ার ভক্তদের দেখতে চাই,0,0,0,0,0,0
ভাবি ও ভাবিরে তুই অপরাধী রে ! সাকিব ভাইর মুখের গান দে ফিরিয়ে দে,0,0,0,0,1,0
"সুত্রমতে, হাজতখানার সামনে এক আদালতে হাজিরা দিতে আনা এক আসামিকে ভাত খাওয়ানোর কথা বলে তার স্বজনদের কাছ থেকে ৩০০ টাকা নেন সুমি।  এভাবে আরো কয়েকজনের কাছ থেকে টাকাপয়সা হাতিয়ে নেওয়ার সময় কয়েকজন আইনজীবী তাকে ধরে ফেলেন।",0,0,0,0,0,0
আর্য রা আসার পরে বেদ চালু হয়েছে। আর্য রা বহিরাগত ছিলেন।,0,0,0,0,0,0
এই প্রথম দেখলাম অপূর্ব নায়িকাকে প্রশয় দিলনা নায়িকা ওর জন্য পাগল তবে নাটকটা ভালো লাগলো,0,0,0,0,0,0
অসাধারণ একটা নাকট দেখলামপুরা জীবনের কাহানী দেখা হয়ে গেলো ধন্যবাদ এতো সুন্দর একটা নাটক উপহার দেওইয়ার জন্য,0,0,0,0,0,0
নায়িকা ফেল তরে এক রাত চুতে পারলে অনেক বাল লাগত ৷,1,0,0,0,0,0
মালু গো চুদা মুদির জারজ সন্তান তোর দিদিরে কিন্তু চুইদ্দা মাইরা পালামু খানকির পোলা,1,0,1,1,0,1
আারিয়ান ভাই এতো সুন্দর যে কিভাবে তৈরি করেধন্যবাদ আারিয়ান ভাই,0,0,0,0,0,0
১০ মিনিটের মধ্যে বদরুল নামের একজন হলুদ হেলমেট হাতে নিয়ে হাজির,0,0,0,0,0,0
"ইসলাম হচ্ছে আরবের উগ্রবাদী আর নারী বিদ্বেষী ধর্ম, হিন্দুরা হচ্ছে কুসংস্কারে চ্যাম্পিয়ন।",0,0,1,0,0,0
আমীরের চেয়ারে একটা বাচ্চা ছেলে বসলে সেও রাজাকার হয়ে যাবে,0,0,0,0,1,0
আগে নাম বদলায়া একটা নাস্তিক নাম রাখ। তোর বাবা মার কপাল খারাপ তোর মতন শুয়োরের জন্ম দিসে।,0,0,1,0,0,1
অনেক ভাল লাগছে অপেক্ষা ছিলাম তানজিন তিশা আপুর নাটক বলে কথা তানজিন তিশার ভক্ত রা বলেন কেমন লাগছে,0,0,0,0,0,0
এই নাটক না আমার জীবনের একটা গল্প ভালো লাগে খুব ভালো লাগে,0,0,0,0,0,0
মানুষ এত নীচে নেমে গেছে ভাই বোনের প্রেম ছি ছি,0,1,0,0,0,0
সত্যি অসাধারন নাটক আমাদের দেশে এতো সুন্দর নাটক হয় কখনো ভাবিনি ধন্যবাদ জাড়া এই নাটকের পিছনে সময় দিয়ে সুন্দর করে সাজিয়ে গুছিয়ে নাটক টা তৈরি করেছে তাদের কে আবারও ধন্যবাদ,0,0,0,0,0,0
ভালো একটা মেসেজ দিলো নাটকটায়নামাজকারননামাজ বেহেশতের চাবি নামাজ ছাড়া জান্নাত নাই,0,0,0,0,0,0
বাংলাদেশে বসবাস কারি হিন্দুদের পানের থেকে চুন খসলেই ভারত বাংলাদেশের মন্ত্রীদের ঘুম হারাম হয়েযায় সংখ্যালঘু সংখ্যালঘু বলে ঘেউঘেউ করতে থাকে। এখন কেন তাদের মুখ দিয়ে কোনশব্দ বের হয় না?,0,0,1,0,0,0
"এখন যেমন বেশিরভাগ মানুষ বাংলা সিনেমা দেখা ছেড়ে দিয়েছে,তেমনি ওয়াজের প্রতিও ঘৃনা জন্মাইতেছে।",0,0,1,0,0,0
... ফ্ল্যাশ ব্যাকঃ ৯০ দশকে কোন এক সাদা চামড়ার মানুষ একদা থার্টি ফার্স্ট নাইটে মদের বোতল নিয়ে গুলশান-২ এ হেঁটেছে,0,0,0,0,0,0
খুব সুন্দর একটা নাটক প্রতিটি মানুষের জীবনে এই রকম বন্ধু প্রয়োজন,0,0,0,0,0,0
অসাধারণ সুন্দর একটা নাটক চোখের কোণে দুফোঁটা জল জমিয়ে দিলো,0,0,0,0,0,0
খুব সুন্দর নাটকটা খুবই গুরুত্বপূর্ণ মেসেজ দিয়েছে বন্ধুতেরআর নামাজের তাগিদটা খুব হৃদয় ছুয়েছে সচারাচর কোনো নাটকে দেখা যায় না,0,0,0,0,0,0
হুম পৃথিবীতে এখনো ধর্ষন হয় তোর ভারতেই ধর্মবিরোধ তোর ভারতেই বেশী এখনো সেই দেশের মানুষ খোলা আকাশের নিচে মলত ্যাগ করে। আর তোদের বিহার পাঠনার কাহিনীতো আমি তোর থেকেও বেশী জানিরে বেটা।,0,1,0,0,0,0
আমার অনেক আশা ছিল নিশু ভাই আমার নাম দিয়ে নাটক করবেআজ সেই আশা পূর্ণ হলোনাটক টা অসাধারণ ছিল,0,0,0,0,0,0
সব বেজন্মা খানকিরপোলা ফেক নিউজ ছরাইতাছে। তোদের জন্মের ঠিক নাই,1,0,0,0,0,1
এতো ভালো লাগলো বলে বোঝাতে পারবোনা বাট শুরুর দিকে অনেক হেসেছিতারপর কান্না,0,0,0,0,0,0
আমি ভারতে পশ্চিমবঙ্গে থাকি করিম ও হাসান স্যার এর নাটক আমার খুব প্রিয় ও সঙ্গের যারা অভিনয় করেন তারা ও দুর্দান্ত,0,0,0,0,0,0
"“তবে... তবে সেই দিন থেকে ঠিক করেছিলাম যত ঝড়ঝাপটাই আসুক তারা যেনও পিছনে ফিরে সবার প্রথম, আমাকেই প্রথম দেখে”",0,0,0,0,0,0
তোর মতো এমপির ঘারও আমরা সাধারণ জনগণ মটকে দিতে পারি।,0,0,0,1,0,0
সেই এই বড় একটা মাদারচুড একটা রাজাকার যে মিনিটেই কথা বদলাাই।,1,0,0,0,0,1
রোহিংঙ্গারা যদি মুসলিম না হোয়ে ভারতিও মালু হতো এতখনে জামাই আদর করে সরকার মালুদের দেশে নিয়ে আসছো,0,1,1,0,0,0
এই ন্যক্কারজনক ঘটনার সাথে জড়িত যেই হোক তাকে আইনের আওতায় আনতে না পারলে এদেশে শুদ্ধ সংস্কৃতি বিকাশ বাধাগ্রস্ত হবে।,0,0,0,1,0,0
এই পর্যন্ত যত দুর্নীতিবাজ ধরা খেয়েছে কারো বিচার হয়েছে এমন কোনো প্রমাণ কেউ দিতে পারবে বলে আমি আশা করি না,0,1,0,0,0,0
পার্বত্য চট্টগ্রামকে বিভক্ত করে জুমল্যান্ড নামক স্বাধীন রাষ্ট্র গড়ার চক্রান্ত করছে উপজাতী চাকমারা,0,1,0,0,0,0
"কর্নেল জাফর ঈমাম বঙ্গবন্ধু নিহত হওয়ার কয়েকবছর পরই উনি জিয়ার দলে যোগ দিলেন, মন্ত্রীত্ব নিলেন। এখন বঙ্গবন্ধু প্রেমিক।",0,0,0,0,1,1
এক কথায় অসাধারন ছিল বলে বুঝাতে পারবো না এত ভাল লেগেছে,0,0,0,0,0,0
নাটকের সবচাইতে ভাল লাগার দিক হলো বাস্তবতাএটাই মুল ভাললাগা ছিলমনে হয়েছে নিজের সামনে ঘটে যাওয়া কাহিনী,0,0,0,0,0,0
দাউদ ইব্রাহিম ভারতীয় ছিল সে মুম্বাই বিস্ফারনে এর উপর নিরীহ মানুষ হত্যা করেছিল সে এখন পোর্কিস্তানে,0,0,0,0,0,0
"১৬১০৮ জনের হোগা মারছে কৃশ্ন, ১৬১০৮ জনের নাম কি তার মনে আছে?",1,0,1,0,0,0
আরিয়ান ভাই আমি চাই অপূর্ব ভাইর সাথে আনন্দ খালেদ ভাইকে সব নাটকে দেখতে চাই,0,0,0,0,0,0
হাতিরঝিল কয়েকদিন পর হয়তো দ্বিতীয় বৃহত্তম বাণিজ্যিক এলাকা হিসেবে আত্মপ্রকাশ করে উঠবে,0,0,0,0,0,0
ভারতে মুসলমান খেদাও আন্দোলনের নামে প্রচার করা হচ্ছে মুসলিম বিদ্বেষী পোস্টার-লিফলেট,0,0,1,0,0,0
পারমাণবিক বোমা আর অস্ত্রের পেছনে ট্রিলিয়ন ট্রিলিয়ন ডলার খরচ করুক আরো বেশী ।,0,0,0,0,1,0
"পাচা ও দুধ এক নামবার, তুমার জামা কুলে ফেল আরও সুন্দ হবে",1,0,0,0,0,0
বাংলাদেশের মতো বন্ধু দরকার নেই ইন্ডিয়ার বাংলাদেশে সুধু চোর গুন্ডার আড্ডা,0,1,0,0,0,0
"আজকে নববর্ষ,চারদিকে অনেক ভীর।তাই সিরিয়াল ভাইঙ্গা গালি দিচ্ছি।এভাবে পুক্কি উচা করে ডগি স্টাইলে দাঁড়িয়ে লাভ নেই ভন্দু।
কেউ তোমার পুক্কি মারবে না।",1,0,0,0,0,1
দুইটাই বন্ধ হইসে করোনা প্রাদুর্ভাবের কারণে সব জায়গায় পীরবাবার মোজেজা খুঁজে ।,0,0,0,0,1,0
খুব ভাল লাগলো ধন্যবাদ পরিচালক কে আমাদের দেশ ৯০ মুসলিম তাই প্রতি নাটকে একটা না একটা ইসলামিক মেসেজ দেওয়া দরকার৷ আপনি অন্যদেশের মিডিয়া দেখে থাকবেন যে দেশে যে ধর্ম মানুষ বেশি ঐ ধর্মে মেসেজ দেয়,0,0,0,0,0,0
আফরান নিশু ও মেহজাবিন আপু অনেক ধন্যবাদআরিয়ান স্যার অসাধারন নাটক দেখে মনটা বড়ে গেল,0,0,0,0,0,0
কেনো এত ভালো লাগে অপূর্ব ভাইয়ে আর মেহজাবিন আপুর নাটক,0,0,0,0,0,0
টা দেখা শেস লাস্টে খুব খুব ভালো লাকছে পরিচালকে ঈদ মোবারক এতো ভালো নাটক উপহার দেওয়া জন্য,0,0,0,0,0,0
নিশো ভাই তুমি বাংলা ছবির নায়কদের থেকে অনেক ভালো অভিনয় করো আর তিশার সাথে জুটি সব নাটক এক কথায় অসাধারণ ওয়াও,0,0,0,0,0,0
"ইফতার কইরাই তুর ছবি দেখলাম সাথে সাথে আমার পাতলা পায়খানা শুরু হয়ে গেছে,

বালের পোলা হা কর হাগু দিমু তুর মুখে, বাল্ডা",1,0,0,0,0,1
মূর্তিকে প্রতিদিন গোমূত্র দিয়ে গোসল করান দেখবেন আল্লাহ আরো জ্ঞান বাড়িয়ে দিবে।,0,0,1,0,0,0
এর বিচার হওয়া উচিত।কিন্তু দুঃখজনক হলেও সত্যি হবে না।,0,0,0,1,0,0
অনেক নাটকেই এখন নায়ক নায়িকাদের নামাজ পড়ার দৃশ্য থাকেব্যাপারটা ইতিবাচক অবদানটা ৫ই মের,0,0,0,0,0,0
ওর তো নায়িকা হতে সবার প্রথমে কি ভাবে সেক্সীফিগার করার দরকার  সেটা জানা  প্রয়োজন।,1,0,0,0,0,0
যখন ভারতীয় চেনেল আর সিরিয়াল চলে তখন তো মুখের আওয়াজ কি তোদের মোদি বাবায় কেড়ে নেয়।সুলতান সোলায়মান মুসলমানদের গৌরবের ইতিহাস তো এই কারনে গাত্র দাহ করে।,0,1,0,0,0,0
অসম্ভব সুন্দর আমাদের বাংলাদেশের নাটক নিয়ে আমি অনেক গর্ববোধ করি,0,0,0,0,0,0
রোহিঙ্গাদের প্রত্যেককে মিয়ানমারের নাগরিকত্ব এবং শতক জমি সহ তাদের বাড়ি ঘর দেওয়ার জন্যে বাংলাদেশ ভারত চীন থাইল্যান্ড মালয়শিয়াসহ মিয়ানমারের সরকারকে চাপ প্রয়োগ করা হোক,0,1,0,0,0,0
ট্রাঙ্কল-বুকিং এর নাম শুনেছেন? বিদেশে ফোন করতে হলে ১৪ এ ফোন করে ট্রাঙ্কল-বুক করতে হতো,0,0,0,0,0,0
"আজ ৬৪ জেলার রাস্তায়, ঝাড়ু হাতে এক ঝাঁক তরুণ-তরুণী দেশ পরিষ্কার করতে নেমেছে",0,0,0,0,0,0
গল্পটা খুব সুন্দর সবার অভিনয় অসাধারন হয়েছেসবচেয়ে বেশি ভাল লেগেছে ব্যাকগ্রাউন্ড মিউসিক গল্পের সাথে মিউসিকগুলো একদম মিলে গেছেক্যামেরার সামনের এবং পেছেনর সবাইকে অসংখ্য ধন্যবাদ এমন একটি নাটক উপহার দেওয়ার জন্যএন টিভিকে বিশেষ ধন্যবাদ সুন্দর সুন্দর নাটক উপহার দেওয়ার জন্য,0,0,0,0,0,0
খুব সুন্দর হয়েছে ভাইয়ের নাটকটানাটকটার মধ্যে নামাজের কথা বলা হয়েছে🤲🤲🤲🤲,0,0,0,0,0,0
খুব ভালো লাগলো নাটক টা দেখে গল্পটা ও খুব ভালো,0,0,0,0,0,0
ভাইরে ভাই সেরা সেরা লাভ ইউ আ খ ম ভাই,0,0,0,0,0,0
ওর বিরুদ্ধে কোড মারো পুলিশ । এখন হুগার ভিতর তথ্য ডুকাই দিতে আমি চাই,1,0,0,0,0,0
সত্যিকার এর ভালবাসা গুলো যে শেষ হয় না তা এই নাটকের শেষ অংশে সুন্দর ভাবে তা প্রমাণ করল,0,0,0,0,0,0
হিন্দু বিরোধী ওয়াজ অথবা জিহাদি ওয়াজ লেখে ইউটিউবে সার্চ দিন দেখবেন অনেক হুজুর আলেম এর উসকানি দিছে।,0,0,1,0,0,0
হাজার হাজার মুসলমান আগুনে পুড়িয়ে মারছে অথচ এই সবের কোন খবর নাই ভারতে কয়েকটা লোক দুর্ঘটনায় নিহত হয়েছে তাতে আমাদের প্রধান মন্ত্রী শেখ হাসিনা শোকাহত হয়েছে,0,1,0,0,0,0
তোর নিজের দেশকে আগে দেক তার পর ভারতের কথা বল বোকাচোদা চ্যানেল তোদের দেশে যে হিন্দুদের কে অত্যাচার করছিস ওটা দেকিস না হারামজাদা নিজের দেশকে সামলা আগে,0,0,1,0,0,0
"যারা বাজে কমেন্ট করছেন তাদেরকে বলি,,, আপনারা কেনো নিজের মুখ নষ্ঠ করছেন???? কোন কুলাঙ্গার যদি পরকাল না মানে তাতে তো কারো কোন ক্ষতি হবে না,,,,মৃত্যুর পরে বাম্বু গেলে নিজেই টের পাবে,,,কি যে মজা স্টাইল এমনিতেই ঢুকে যাবে,,,,ধন্যবাদ",0,0,0,0,0,0
"ভাই মানিব্যাগ পরে খুজেঁন, আগে পাগড়ি খুঁজেন... এমনে খালি ভিজা লুঙ্গিতে আমারে ডেকোরেটরের লোক লাগতেসে'",0,0,0,0,0,0
বয়সের কারণে এমন হয়?... এই মিন হলেও এতো মারাত্মক হয়?,0,0,0,0,0,0
ভারত আমাদের বন্দু তাই তো ভালো চায়না সবাই বুজে কিন্তু আমাদের সরকারীদলের অনেকে বুজেনা?,0,1,0,0,0,0
তিনি সন্তানদের কোন নৈতিক শিক্ষা দিতে পারেন নি এক ছেলেকে হত্যা করায় অন্য ছেলের যাবজ্জীবন,0,1,0,0,0,0
"ওঁকে সেফুদার কাছে পাঠিয়ে দাও, সেফুদা ওঁকে ৩০ মিনিট ধপাস ধপাস মেরে ঠিক করে দিবে।",1,0,0,0,1,0
"ভাবতে বসে আজই প্রথম লক্ষ্য করলাম প্রাণ থাকুক আর নাই থাকুক, দুই আত্মার জন্যই এই ‘৪০ দিন’ ব্যাপারটা গুরুত্বপূর্ণ",0,0,0,0,0,0
"আরে দাদা আপনি তো নাম্বারটা দিবেন, সোনাগাছি দালাল এর নাম্বার আমি যোগাযোগ করব",1,0,0,0,0,0
হালার পো হালারা মিয়ানমারের খবর গুলা ছাপাইতে পারিস না৷নডির পো,1,0,0,0,0,1
অহংকার তারাই করে যারা হঠাৎ করে এমন কিছু পেয়ে যাই যেটা পাওয়ার যোগ্যতা কখনও ছিল না,0,1,0,0,0,0
ভারত কাইকে একটাকার জিনিস দিতে বার ঢেকুর গিলে পাশাপাশি গুন লাভের হিসেব কশাকশি তো আছেই,0,1,0,0,0,0
"তোরা ত সব জানতা,অতই জানতা ত হিন্দু দের কেন তারাছিস,সালা মোল্লা",0,0,1,0,0,0
মাদারচোদ রয়  তোর বোনের ভোদার বাল কাইটা কুত্তা দিয়া চুদামু ।,1,0,0,0,0,1
অসাধরন অনেক চেষ্টা করেছি চোখের পানি ধরে রাখতে কিন্তু পারলাম না,0,0,0,0,0,0
নাটক টি খুব সুন্দর হইছে আশা করি সামনে আরও এ রকম নাটক পাবো,0,0,0,0,0,0
"মাদারচ্চদ এর চেহারা দেখেন কি অবস্থা , দুদ দেখে পুরা অম্প্রেস",1,0,0,0,0,1
বন্ধু যখণ পাশে বসে বিড়ি জালায় আর যখন আপনাকে বিড়ির পুটকি দেয়,1,0,0,0,1,0
"খানকির পোলা। পিজ্জা খাছ কেন?
তুই গরীবে চুদা খাবি পিজ্জা খাছ কেন।
শুটকি। খা তুই শুটকি 
গরীবে চুদা।",1,0,0,0,0,1
"স্বামী কালো বলে পুড়িয়ে মারলেন স্ত্রী, এটা দেখে এই কালো মানুষটি টেনশনে পরে গেলেন",0,0,0,0,1,0
এত সুন্দর নাটক আমার জীবনের প্রথমবার দেখলাম সত্যিই অনেককিছু শেখার আছে এখান থেকে,0,0,0,0,0,0
"‘এ বছর এখনও শ্বশুর আব্বা ইলিশের বাজারে যায়নি?’ ...  এরকম একটা ইঙ্গিত ইনিয়ে বিনিয়ে শ্যালককে যখন দিলাম, সে নড়া বন্ধ করে সানগ্লাস খুলে উত্তর দিলো;",0,0,0,0,0,0
যাদের ধর্ম ৪ টি বিয়ে করতে  বলে তাদের মুখে কি এই প্রশ্ন মানায়???,0,0,1,0,0,1
গ্রামে এক ধরনের মহিলা আছে যাদের কাজই হচ্ছে অন্যের সংসারে আগুন লাগানো এই হালায়ও পুরো সেইম ওই মহিলা গুলোর মত ।,0,0,0,0,1,0
এরা সব এক একটা বেটিচোদ এদের জন্য সমাজ নষ্ট হচ্ছে এদের কে গন পিটুনি করে মেরে ফেলা দরকার,1,0,0,0,0,1
যে ব্যক্তি বলবে আল্লামা মামুনুল হক সাহেব রাজাকার এবং তার পিতা ও রাজাকার ছিলেন আমি বলতে পারি ইনশাআল্লাহ তার জন্ম বৈধভাবে হয় নাই।,0,1,0,0,0,0
তর বুদাদিয়ে 18 ইনচি দুন ডুকালে মুকদিয়ে আর বগ বগ বের হত না মাগি,1,0,0,0,0,1
শিব দুর্গাকে চুদলেও সে ছিল হিজড়া তাই কৃষ্ণ চক্র দিয়ে শিবের নুনুটা কেটে দেয় এই জন্য তোরা লিঙ্গ পূজা করিস,1,0,1,0,0,1
"শুধু জানি, এই ছোট দিনটায় বড়ো ভাগ্যবান এক ছেলের জন্ম হয়েছে",0,0,0,0,0,0
"১মাস ধরে হাগা হচ্ছিলো না,হালারপুত তোর খোমা দেখার পর ইন্সট্যান্ট ওয়াশরুমে যেতে হইছে।আর হাগার সাথে দেখি যে ইলিশ খাইছিলাম অইগুলা আস্ত আস্ত বের হইতেছে।ধুর শালারপুত মোনাজাত ধর।",0,0,0,0,0,1
‘পড়াশোনা’ ‘খেলাধুলা’ আর ‘ষ্ট্যাম্প জমানো’ ছাড়াও বাবা-মাকে গর্ব করতে দেয়ার মতো আরও অনেক কাজ আছে,0,0,0,0,0,0
আমার মনে হয় ওনি কখনো আয়না দেখেনি যদি দেখত তাহলে বুঝতে পারতো সে কে কি তাঁর পরিচয়,0,0,0,0,0,1
এত সুন্দর একটা নাটক উপস্থাপনের জন্য অনেক অনেক ধন্যবাদ কাজল আরেফিন অমি ভাই,0,0,0,0,0,0
স্পর্শিয়া সে কি মহিলা নাকি অন্যকিছু আমার এনাফ ডাউট আছে।,0,0,0,0,0,1
কার্গো বিমানে কে যেন দেশ ছাইড়া দুবাই পলাইছে সাথে করে বিনোদন নিয়ে গেছে বিনোদন ছাড়া তার চলেই না ।,0,0,0,0,1,0
গৌতম মাদার চুদ বলে কি? সালা বাল ফালাতে এসেছিল রেন্ডিয়া। খানকির পোলারা আমগো সব চুরি করে ভারত নিয়ে গেছে।,1,0,0,0,0,1
"কোরানে নাকি শ্রী কৃষ্ণের কথা লেখা আছে এই নামের একজন নবী ও ছিলো, তাহলে শ্রী কৃষ্ণকে মানতে তাদের অসুবিধা কি?",0,0,1,0,0,0
সকল দুঃক্ষ কস্ট গুল জয় করে জিবনে ঘুরে দারানজীবনের প্রয়োজনে ভালবাসাতাই জীবনকে আগে ভালবাসুনআর সত্ত ভালবাসা কখনোই মুছে জায়না,0,0,0,0,0,0
তোরা ভারতে মুসলমান হত্যা শুরু করবি আর আমরা সারা মুসলিম বিশ্ব হিন্দু হত্যা শুরু করবো।সর্বপ্রথম বাংলাদেশী হিন্দুদের হত্যা শুরু করবো।,0,0,1,0,0,0
"হিরো আলমকে নিয়ে এতো চোদাচদি করার কি দরকার তোদের,, তোদেরকে হিরো আলম এর জুতা মুচতে রাখবে ওর জাগায় জীবনে তোরা জেতে পারবি",1,0,0,1,0,1
সে তো বরিশালের ছেলে কিন্তু কেমন করে নিজের বিভাগকে হারিয়ে দিল সে তো বড় রাজাকার সাবিবর,0,1,0,0,0,0
তাই মনে প্রশ্ন জাগে দাদের গত নির্বাচনে হেল্প করার নজরানা দেওয়া হচ্ছে নাতো দেশের মুক্তিযোদ্ধা আর সাধারণ মানুষ না খেয়ে মরছে আর সরকার কোটি টাকা ভারতে ঢেলে দিচ্ছে ।,0,1,0,0,0,0
"যখন ছাত্রলীগ জানতে পারে রবীন্দ্রনাথ ঠাকুর নৌকাডুবি উপন্যাস লিখেছেন, তখন তারা রবীন্দ্রনাথের মায়রে চুঁদি",1,0,0,0,0,1
অসাধারণ অস্তিরতা কাজ করে শামিম ভাইয়ের সব নাটক আর অভিনয়ের মাঝেআর এটাই আমার ফ্রেবারেটনাটক মানেই বাংলা নাটকR ফ্রেন্ড আমিও কিন্তু টাংগাইলাভালবাসা অভিরাম,0,0,0,0,0,0
ফিনিশিংটা যদিও ভালো হয় নি তবুও ভালো লাগলো ভালো লাগলো মেয়েটির অভিনয় আপনারও যদি ভাল লেগে থাকে তাহলে আপনার পাশের গরীবকে ১০০ টাকা দান করুন,0,0,0,0,0,0
"ট্রাস্ট মি, শুধু আমি না সব মুরুব্বিরা কনভিন্সড এই এক উত্তরে",0,0,0,0,0,0
মিথিলা বাংলাদেশের ডাস্টবিন ময়লা পায়খানা বমি।।তর মুখে এখন নাপাক সোনার যাতায়াত,1,0,0,0,0,1
যমরাজ ও বোনকে ভাইয়ের কাছ থেকে ছিনিয়ে নিতে পারে না,0,0,0,0,0,0
অতীত বড়ই দুঃখের আবার বড়ই সুখের যদি মনে পরে যায়,0,0,0,0,0,0
"যদি কারো পুটকিতে গুড়া মরিচ দেওয়ার পর তার মুখের আর পুটুর অবস্থা যেমন হবে,
তাবিজ্জার পিছে দাড়াইলেও তোরে সেইরাম লাগে।তাবিজ্জার নাম্বারটা দিস ওর লুলুতে একটু মরিচ লাগাইতে বলতাম আর কি।",1,0,0,1,0,1
এই শ্রমিক দিবসে এভাবে একজন নিরিহ মানুষের লুঙ্গি খুলে নেয়ায় পানি শ্রমিক সাক্কিবাইয়ের পক্ষ থেকে তিব্র নিন্দা জানাচ্ছি,0,0,0,0,1,0
কাশ্মীরে ভারতীয় সেনাবাহিনী বিক্ষোভকারী দের উপর গুলি চালালে সেটা পাকিস্তানসহ বাংলাদেশের তৃতীয় শ্রেণীর কিছু নির্বোধ মানুষ এর সমালোচনায় নিউজফিড সয়লাব হয়ে যায়। আর এখন সবাই নিশ্চুপ কেন এবারের স্ক্রিপ্টে মায়ানমার আছে বলে সবাই নিশ্চুপ,0,1,0,0,0,0
"হুট করে তার মনে হলো, ‘মেয়ে মানুষের কথা না শুনে কেডস আর  মাংকি ক্যাপ পরে আসাটাই বুঝি বুদ্ধিমানের কাজ হয়েছে’",0,0,0,0,0,0
অনেক সুন্দর কাহিনী ভালো লাগে যখন এরকম অসাধারণ কিছু নাটক দেখিনাটক দেখে যদি চোখ থেকে পানি আশেতখন বুঝতে হবে কিছু একটা আছে এই নাটকে,0,0,0,0,0,0
"এই রানুর জ্বালায় ইউটিউবে ঢোকা যায় না, কি যে করি",0,1,0,0,0,0
"এক সময় গলির দেয়ালে লেখা থাকতো, ‘হাতের লেখা সুন্দর করা হয়; যোগাযোগ করুন ...’",0,0,0,0,0,0
এই শুয়োরের বাচ্চা ও তার বাপের মা/বোন/স্ত্রী/কন্যারা সব আওয়ামী বেশ্যা। আর বাপ-ছেলে মিলে তাদের মা/বোন/স্ত্রী/কন্যার বেশ্যাবৃত্তির দালালি করে। এরা দেশের শত্রু। পাবলিকের শত্রু। এইসব দেশ-পাবলিকের শত্রু বেশ্যা ও বেশ্যার দালালদের ফাঁসি চাই।,1,0,0,0,0,1
বৃন্দাবন দার রচনা সবসময়ই সেরা শাহনাজ খুশির অভিনয় অনবদ্য নাটকে ব্যবহৃত আঞ্চলিক ভাষা কি সিরাজগঞ্জের জানতে চাই,0,0,0,0,0,0
বাংলাদেশে সন্ত্রাস ও জঙ্গিবাদের দায়ে নিষিদ্ধ হওয়ার মত একটি দলই আছে আর সেটি হলো- বাংলাদেশ আওয়ামীলীগ,0,1,0,0,0,0
বেশ কিছু দু'পেয়ে জীব খুবই কৃতঘ্ন যখন বিপন্ন অবস্থায় থাকে তখন রূপ একরকম বিপন্মুক্ত হবার সাথে সাথে অসুর রূপে আত্মপ্রকাশ করে,0,1,0,0,0,0
"এরকম একবার মোহাম্মদপুরে একটা বাড়ি পেলাম ১৯ নম্বর রোড, ৭১ নম্বর বাড়ি",0,0,0,0,0,0
তারেক আর খালেদা জিয়ার বালের যোগ্যতা নেই তোদের । তুই আই আমরা উচু করে নিয়ে দাড়িয়ে আছি ।,0,1,0,0,0,0
এই খুশির দিনে কাদিয়ে দিলেন ভাইএরি নাম ভালোবাসা কিসত্যি কারের ভালোবাসা বেচে থাক হাজার বছর,0,0,0,0,0,0
না আইবি এখন ভারতের দালাল হাসিনা আর গড পাদার শামিমের সহ যুগি,0,1,0,0,0,0
কাদা ছড়া ছুড়ি শুরু। রাজনৈতিক ভাবে কে কতটা লাভবান হতে পারে তার প্রতিযোগীতা শুরু। ফলাফল মালাউন খেয়ে গেলো জংগিবাদি মৌলবাদির জয় হলো।,0,0,1,0,0,0
বেজন্মা জারজ সন্তান বেশ্যা মাগির ছেলেরা কোথায় কমেন্ট করবি না,1,0,0,0,0,1
মিজানুর রহমানের নাটক মানে হিট আমি উনার নাটক খুব পছন্দ করি কারন উনার নাকটগুলো বাস্তবিক পেক্ষাপটের সাথে মিল থাকে,0,0,0,0,0,0
ভারত খেলতে পারে না দালালি করে খেলে। সেটা কি ভুলে গেছে বাংলাদেশ,0,1,0,0,0,0
এখন গাড়ি চালা এরপর হিজাব এভাবেই তো আস্তে আস্তে বদলাবে। হায়রে ছৌদি এই কুলাঙ্গারের ফাসি চাই,0,0,1,0,0,0
সারাদিন তাবিজ পারুকের কাছে পুটকি ভাড়া দিয়ে টাকা উপার্জন করে দিনশেষে খাবার সামনে নিয়ে স্বস্তির নিশ্বাস ফেললেন আরিপ,1,0,0,0,0,0
যারা এইসব বাজে মেয়েদের পক্ষে কথা বলছে তাদের জন্য বলতে চাই যে এরা ভালো ভাবে কাজ করেও খেতে পারে,0,1,0,0,0,0
ছোটবেলায় বুয়েটের ফর্ম আনতে যেয়ে দেখি লাইনে আমার ৭/৮ জন সামনে দাঁড়িয়ে থাকা আমার এক বন্ধু যে ফর্মটা পেয়েছে তার নম্বর ১৯৫৮,0,0,0,0,0,0
এরকম ১০/১৫ জন তরুণ-তরুণীর একটা জটলা বসে আছে,0,0,0,0,0,0
সকালে জাম্বুরা কিনতে যেয়ে দেখি জাম্বুরার উপর ভনভন করে মাছি উড়ছে,0,0,0,0,0,0
হিন্দুদের জন্য করছ।তারা কি করছে এটা করতে পারলি না ভারতের দালালি করছ।,0,1,0,0,0,0
সকলকে জানাই ঈদ মোবারক দেখা শুরু করলাম আশা করি ভাল লাগবে নিশো ও তিশার জুটি নাটক অনেক ভাল হয় নিশো ফ্যানরা হাত তুল,0,0,0,0,0,0
খানকি মাগি। আমাদের ইসলাম ধর্ম নিয়া কোন কথা বলবি না।,1,0,1,0,0,1
সালে আমার বেস্ট নাটক নিশু বস তুমি পার ভাল কিছু করে দেখাতে অল দা বেস্ট নিশু বস,0,0,0,0,0,0
অসাধারণ সুন্দর একটা নাটক অভিনয় জীবন্ত করে তুলেছে গল্পটিকে আরো এরকম কাজ দেখতে চাই,0,0,0,0,0,0
এর বাজে পত্রিকা নয়া দিগন্ত।।খানকির পোলারা সব সময় ভারত পাকিস্তান ব্যাপারে ইন্দন দে।।,1,0,0,0,0,1
সত্যিই অপূর্ব মেহেজাবিন তোমরা সত্যিই অসাধারণ সত্যি ছোট্ট একপ্টা ধন্যবাদ দিয়ে তোমাদেরকে ছোট করবোনা হ্রদয়ের গহীনে রেখে দিয়েছি আরর আজীবন থাকবে,0,0,0,0,0,0
অসংখ্য ধন্যবাদ পরিচালক কে এবং প্লেয়ার বিন্দু কে বর্তমান সমাজের সাথে মিলে গেছে নাটক টিতাই করো পরিবারে শান্তি নেই,0,0,0,0,0,0
সত্যি ভাল লাগছে ভালবাসলে ভালবাসাকে রেস্পেক্ট করতে হয় সেটা সিখলামনিশো ভাই অভিনয় টা অসাধারণ,0,0,0,0,0,0
তোমরা এভাবে একে অপরকে দোষারোপ করতেছ এটা কি ঠিক না বেঠিক তোমরাই বল। ভারত বা বাংলাদেশ আমরা যে দেশেই থাকি না কেন আমরা সবাই তো মানুষ তাই না। অত এব ঝগরা করো না মিলেমিশে থাকার চেষ্টা করো সবাই।,0,0,0,0,0,0
আখম হাসান নাটক দেখার মজাই আলাদা যাদের ভাল লাগছে তারা লাইক দিন,0,0,0,0,0,0
রশিদ একদিন দেখা হবে আল্লাহ তাআলা রশিদকে কবর থেকে উঠিয়ে দাও,0,0,0,1,0,0
সালা ফ্রিতে চোদা খাবার জন্য প্রতিদিন পোস্ট মারো তুই এত চালক কে,1,0,0,0,0,1
নাটকের শুরুটা যেমন হয়েছিল শেষটা যে এতটাই সুন্দর হবে আমি ভবতেই পারিনি,0,0,0,0,0,0
"তুরে হাতের কাছে পাইলে জুতা দিয়ে কাইদামত ফিসতাম।নাস্তিক কোথাকার এখনো সময় আছে পূর্ণরুপে কলেমা পাঠ করে ঈমান এনে এসব অশ্লীলতা,বেহায়াপনা থেকে ফিরে এসে ভালো হয়ে যা।",0,0,0,1,0,1
ভোট ছাড়া সংসদে বসে আছে এখন আওয়ামী লীগের নির্লজ্জ এমপিরা তাদের চে ভালো আছে হিরো আলম,0,0,0,0,0,1
তোর হোগায় প্র্যাসিটামল ভরে আগুন লাগিয়ে দিতে ইচ্ছে করছে... শ্লা,1,0,0,1,0,1
রাজাকারের সন্তানরা এটাই প্রমান যে আল্লা পাখ তাকে বাঁচিয়ে রাখবেন ইনশা আল্লাহ্র ।।।,0,1,0,0,0,0
এই অধম জাতি কখন যে কোরআন-হাদীস বুঝবেন আল্লাহই ভাল জানে।।,0,0,1,0,0,0
মিথিলা আপু তুমি ওনেক সুন্ধর আচ্ছা আমাদের তাহসান ভাইয়া কেমন আছে আপু,0,0,0,0,0,0
আমরাও যেন গড়াতে গড়াতে হলেও মানুষ হিসেবে দায়িত্বগুলো পালন করে যাই,0,0,0,0,0,0
যদিও নিশু ভাইয়ার সব নাটক আমার কাছে ভালোলাগে আর এই নাটকটা একটা অসাধারন ছিলচিনগুলো অসাধারন ছিলtnx এরকম নাটক উপহার দেয়ার জন্য আমাদেরকে,0,0,0,0,0,0
মনে হয় একটা নাটক দেখলামএকদম পাক্কা হাতের কাজআর অপূর্ব জাস্ট ওয়াসামওহ্তার হাঁটার স্টাইলরাগের ভংগিমা এবং তাকানোসহ শান্তভাবে সাবলীল অভিনয় প্রচণ্ড আনন্দ দায়কশিহাব শাহীন আপনাকেও ধন্যবাদ এ রকম আরাম দায়ক নাটক দর্শকদের দেয়ার জন্য,0,0,0,0,0,0
সালারা ভাই বোনের প্রেম বলে মিথ্যে শিরোনাম দিস লজ্জা করে না তোদের,0,1,0,0,0,0
রাস্তার জিনিস সব সময় রাস্তা তেই রাখতে হই সেটাকে বাড়িতে তুলে আনলেই ধরা কে সরা জ্ঞান করবে,0,0,0,0,0,1
ইনু নিজে বড় জঙ্গী ক্ষমতা গেলে তোমার খবর আছে কাগু পালানোর পথ পাবে না ? তখন বলবেন আমি শিবির ছিলাম । কুত্তা কমিনা ।,0,1,0,0,0,0
শুভ কামনা রহিলো আমাদের জগ্ননাথপুর এর কৃতি সন্তান সংগ্রামী নেতা জনাব কয়ছর আহমদ ভাই সালাম জানাই আমাদের দলের চেয়ারম্যান জনাব তারেক রহমান কে,0,0,0,0,0,0
ইন্ডিয়ার সব মানুষ নাকি শিক্ষিত। হাহাহা। ফহিন্নিরে কোনো দিন মানুষ হয়?,0,0,0,0,1,1
"শবে বরাতের বুটের হালুয়ার ছাঁচের মতো, সবাইকে একটা টাইপে ফেলে দিচ্ছে",0,0,0,0,0,0
অন্যরকম একটা গল্প দেখে ভালো লাগলো নাটকটা পলাশের একটিংটা বেশ ইনজয় করেছি,0,0,0,0,0,0
“উনি মারা যাওয়ার আগে নিজ গ্রামে একটা স্কুল করে গেছেন”,0,0,0,0,0,0
"সেই কলিজাটা থাকলেই তবে প্লীজ কোরবানি করতে আসবেন... তা না হলে, অন্য যে কোন হত্যাকারীর মত, আপনিও একজন হত্যাকারী... ধর্ম তো আপনার জন্য জাস্ট উসিলা, টাকা উড়িয়ে লোক দেখিয়ে করা এই মার্ডার কেইসটা ঢাকার)",0,0,0,0,0,0
ভারতে আর এস এস যতদিন থাকবে ততদিন দাঙ্গা হামলা থাকবে,0,1,0,0,0,0
“ওকে ওয়েট... বাইরে থেকে গুঁজলে ঢুকব কেমনে? ... আর তোমার মশারিতে তো জানালাও নেই সে সেখান দিয়ে সার্কাসের লোকের মতো লাফফ দিয়ে ঢুকব”,0,0,0,0,0,0
ওক দেকে আমারি ভয় করতেছে না আর সেখানে পৃথিবীর র্থ তম শক্তিশালী রাষ্ট্র ভারত ভয় পাবি।,0,0,0,0,1,0
অনেক ভালো একটা নাটকজীবনের দেখা শীর্ষ নাটকের তালিকায় আমার কাছে এটা ২য়,0,0,0,0,0,0
ভিউ জন্য এত কিছু করলেন। পুরো দেশ কাপিয়ে ফেলেছে এখন ফেইসবুকে আপলোড দিয়ে দিলেন।,0,0,0,0,0,0
নিশো ভাইয়ের অভিনয় সুন্দর কিন্তু সন্তানের উচিত বাবামার কথা শোনা,0,0,0,0,0,0
অনেক দিন পর এমন নাটক নাহ এখনো কিচুই শেষ হয়নি এখনো ভালো গল্প হচ্চে বাংলাদেশে নিশো ভাই আপনি সত্যি অসাধারণ,0,0,0,0,0,0
আসলেই নাটকটিতে নামাজের মত একটা গুরুত্বপূর্ণ মেসেজ ছিলধন্যবাদ পরিচালক অমি ভাইকেআশা করি এই ধরনের কাজ অব্যাহত থাকবে,0,0,0,0,0,0
এই নিম পাতা ডা আস্ত একটা আহাম্মক!!সামনে পাইলে জুতা দিয়া থাপ্রাইতাম,0,0,0,1,0,1
"ছোটবেলায় ভাবতাম, একদল মনে হয় আরেকদলকে হাতে করে গুলি দিয়ে এসেছে",0,0,0,0,0,0
অসাধারণ একটি নাটক কমেডি সাসপেন্স আর ভালোবাসার ইমোশনের এক অসাধারণ মেলবন্ধন,0,0,0,0,0,0
সত্যি অসাধারন নাটক আমাদের দেশে এতো সুন্দর নাটক হয় কখনো ভাবিনি ধন্যবাদ জাড়া এই নাটকের পিছনে সময় দিয়ে সুন্দর করে সাজিয়ে গুছিয়ে নাটক টা তৈরি করেছে তাদের কে আবারও ধন্যবাদ,0,0,0,0,0,0
"মানুষ যখন খালি পেটে থাকে, তখন শরীরের কোষগুলো অনেকটা বেকার হয়ে পড়ে। কিন্তু তারা তো আর আমাদের মত অলস হয়ে বসে থাকে না, তাই প্রতিটি কোষ তার ভিতরের আবর্জনা ও ময়লাগুলো পরিষ্কার করতে শুরু করে",0,0,0,0,0,0
ত্র লাইকার বয় সালা মালাউনের বাচ্চা বেশি পকপক করবি পাছায় লাথি মেরে হিন্দুস্থান পাঠিয়ে দেব ওখানকার মালুরা তোকে পুরিয়ে নেবে সালা মুসলিমদের সাথে পকপক করোছ,0,0,1,0,0,0
ক্যারে তুর মারে পাঁচবার চুদার অাগেই ভয়ে কমেন্ট ডিলেট করলি?,1,0,0,1,0,1
অপূর্ব ভাই সুপার নাটক করেন আপনি আপনাকে আমার অনেক ভালোলাগে ধন্যবাদ এত সুন্দর নাটক আমাদের উপহার দেবার জন্য,0,0,0,0,0,0
বিচারক মহিলাটা তো দেখতে ইদুরের মত আবার অন্য মেয়েদের কাপড় নিয়ে কথা বলে।,0,0,0,0,0,1
"হাউয়ার পুত, তোর নজর দেইখ্যাই বুঝা যায় তুই ২৫ হাজার টাকার হাতির দালাল, কিন্তু তোরে হেতি খাইতে দেয়না",1,0,0,0,0,1
অমি ভাইকে অনেক ধন্যবাদ কারন সম্পুর্ন ডিফরেন্ট একটা গল্প উপহার দেওয়ার জন্য,0,0,0,0,0,0
এইটা ঠিক হয়নাই চরম অন্যায় আমাদের লর্ডদের জিনিস কপি করার জন্য লর্ড এসোসিয়েশন এর পক্ষ থেকে বিদ্রোহ ঘোষনা করার জোড় দাবি জানাচ্ছি,0,0,0,0,1,0
"বৃহস্পতি তাঁর ভাইয়ের স্ত্রী মমতার প্রতি আকৃষ্ট হলেন,তখন তিনি তাঁর সঙ্গে যৌন সম্পর্ক করতে চাইলেন।",1,0,1,0,0,0
আপা আপনার গালে জুতা দিয়ে মারলে ৩০ হাজার টাকা পাবো নিবে কি তুমি মারতে পিলিজ,0,0,0,0,0,1
আমার দিক থেকে পরিবেশটা এখনও সুন্দর তবে যেকোন সময় হৈচৈ লেগে আউট হয়ে যেতে পারে,0,0,0,0,0,0
পানি আমাদের লবন আমাদের চিনি আমাদের লেবু আমাদের আর একটা গ্লাস নিয়া শরবত তোমাদের ?,0,0,0,0,1,0
"শাওয়ার পুত, রাখ ইফতার টা সেরে নেই তারপর তরে দেখতাছি মান্দার পুত",1,0,0,1,0,0
আসলে কি বলব এই ঈদের বেশিরভাগ নাটক গুলো সুন্দর আমার অনেক ভাল লাগছে,0,0,0,0,0,0
বাপ বদমাইশ মেয়ে খানকি শালী নডী  শুধু দীধি টা ভালো,1,0,0,0,0,1
রানু মন্ডল মানসিকভাবে অসুস্থ তাই কখন কি বলে ওর বোধগম্য হয় না ওকে নিয়ে এসব ফালতু আলোচনা কেন? আপনি রানু মন্ডলের থেকেও মানসিক ভারসাম্যহীন এবং নিন্দুক এসব ঘৃণ্য কাজ করে আপনি কি পান?,0,0,0,0,0,1
নাসির হাসান এমন কিছু হলে দেশের সরকার কেনো কোনো একটি পক্ষ কে হুমকি দেওয়া হবে ইত্যাদি,0,0,0,1,0,0
দেখা শুরু করলাম ভালোই লাগছে আর ভালো হতেই হবে আফরান নিশো বস আছে না,0,0,0,0,0,0
আহা মায়ের কি চরিত্র নিজে ও শয়তানি করলো মেয়ে কে ও পথে নাবাল মেয়ে ও কি কোচি খুকিটি ছিলো ?,0,1,0,0,0,0
অনেক অনেক ভালো লাগচে যা বলার বাহিরে আফরান নিশো ভাইয়ে নাটক মানেই সেরা,0,0,0,0,0,0
"জগতের সকল গুরুত্বপূর্ণ কাজ, মশারী গুঁজে ভিতরে ঢুকে যেই শুতে যাব, ঠিকক তখন আমার বউয়ের মনে পরে",0,0,0,0,0,0
অনেক দিন পর সকাল সকাল কাকের ডাক শুনলাম । আমার আলাভোলা মন ভেবেছিল কাক বিলুপ্ত হয়ে গেছে,0,0,0,0,1,0
"যখন আমারে কেউ জিগ্যেস করে সারাদিন বাড়িতে বসে কি করিস? আমি, বাল ছিড়ি",0,0,0,0,1,0
হাই বন্ধুরা সবাই কেমন আছেন সবাইকে ঈদ মোবারক আশা করি সবাই ভাল আছেন নাটক টা অনেক ভালো হবে কারণ আরফান নিশো ও তানজিন তিশা দুজনের জুটি অনেক ভালো লাগে আমার মত কার কার ভাল লাগে,0,0,0,0,0,0
আরিয়ান ভাই দিন শেষে খেলা আপনিই জিতবেনঅসাধারণ হইছে নাটক টা অনেক দিন পর এমন মন ভরে একটা নাটক দেখলাম আপনাদের কেমন লাগলো,0,0,0,0,0,0
ব্রিন্দাবন দাস ও শাহানাজ খুশি আপুর বরাবরি অনেক বড় ভক্তা আমিএখন তার দুই ছেলের অভিনয় দেখেও তাদের ভক্তা হয়ে জাচ্ছি,0,0,0,0,0,0
মানুষ যখন চাকরি বাকরি হারিয়ে হাহাকার তিনবেলা পেটে ভাত জোটেনা টাকার অভাবে তখন মিডিয়া আছে নয়া দামান নিয়া ।,0,0,0,0,1,0
আর আপনাদের মত ইউটিউবার মনিটাইজেশন অন করে কিছু টাকা ইনকামের জন্য এইসব ধান্দাবাজি শুরু করেছেন,0,0,0,0,0,1
ওগো হনুপমার প্রতি সপ্তাহে টিআরপির এ বেহাল দশা দেখে আমি বরাবরই বড্ড খুশি হই ইয়েন ফ্যানদের অভিশাপ কাজে লাগছে যা একটু স্লট দখলের জোরে মনে হয় টিকে আছে তবে কপাল পুড়তে খুব দেড়ি নেই,0,0,0,0,1,0
"বাৎসরিক ডিভিডেন্ট বলতে আমি বছর শেষে, ‘দোয়া’ বুঝে নেয়ার কথা বলছি",0,0,0,0,0,0
আর রেন্ডিয়ান জঘন্য সিরিয়াল নিয়ে মাথাব্যাথা নেই।ডাবিং করাগুলো ইসলামিক তাই।,0,0,0,0,1,0
মুহম্মদ দুনিয়াতেই মাগিবাজি লম্পটগিরি করল তার উন্মত জন্নতে মাগীবাজি করবে।,1,0,1,0,0,1
পরে দেখা গেলো সে সব খায়... তার নাম কাস্টারড দিলেও মানাত... পরে আর আলসেমি করে নাম চেইঞ্জ করা হয়নি,0,0,0,0,0,0
দুজন নিয়েও যে এত সুন্দর নাটক বানানো যায় বান্নাহ ভাই ভালো করেই দেখাতে পারলো অসম্ভব সুন্দর গল্প একদম জীবনের গল্পই বলা যায়,0,0,0,0,0,0
এমন একটা নাটকেএতো সুন্দর বার্তা টা আসা করিনিসত্যি অসাধারণ ছিলোনামাজের কথাটাআল্লাহ আপনাদের ভালো রাখুক,0,0,0,0,0,0
রানু একজন অশিখখিত মানুষ তার কথায় ভুল হতেই পারে তা নিয়ে তুমি ব্যাবসা করা বন্দ করো,0,1,0,0,0,0
তুই সোনার ছেলে বলে আমাকে একটা কথা মনে করে দিলি চুদির ভাই. সোনা সোনা কইরো না সোনা বড় ধন সোনার বিতর বইরা দিলে কাদিবা আ জীবন.,1,0,0,0,0,1
তারপর রাস্তায় বুক চাপড়াতে চাপড়াতে All men are the same… All men are the same  ডায়লগ  দিতে দিতে এদিক ওদিক দৌড়তে থাকেন,0,0,0,0,0,0
শুনতে পাব কি এই অস্ত্রধারীকে গ্রেফতার করে অস্ত্র উদ্ধার চলছে?,0,0,0,0,1,0
আমি সাধারণত নাটকে কমেন্ট করি না কিন্তু এই নাটকটা আমার কাছে খুব ভাল লাগলো,0,0,0,0,0,0
"আর কত টানাহেচড়া হবে এই ঘটনা নিয়ে, উনি স্বীকার করেছেন যে উনি ভুল বলেছেন, নুসরাত হত্যার ফাসি চাই",0,0,0,1,0,0
রেন্ডিয়ান দুখিঃত আমি বইটা না দেখে আঠা দিতে পারব না।,0,1,0,0,0,0
বিয়ে বাড়িতে সবাইকে নামিয়ে গাড়ি পার্ক করার আগেই গার্ড হাতে ড্রাইভারের প্যাকেট ধরিয়ে দেয়,0,0,0,0,0,0
ফুডার পো ফুডাগো দেইখা ইচ্ছা করতাসে নিজেরে নিজে এসিড মারি,0,0,0,0,0,1
দশ বছরে পঞ্চাশ টেষ্ট খেলে ক্লান্ত হয়ে গেছে সাকিব কিন্তু কোটি টাকার আইপিএলে ত্রিশ দিনে চৌদ্দ বা পনের ম্যাচ খেলতে ক্লান্ত লাগেনা ডলার ম্যান সাকিবের,0,0,0,0,1,0
আরব লীগ ওআইসি এবং জাতিসংঘ হচ্ছে দন্তহীন শ্বাপদ আর মধ্যপ্রাচ্যের মুসলিম লিডার রা হচ্ছে একেকটা কাপুরুষ ।,0,0,0,0,1,0
সিমান্তে ভারতের বিএসএফ বাংলাদেশের একজন সাধারণ মানুষকে হত্ত্যা করে সে বদলা বাংলাদেশ নিতে নাপারলেও পাকিরা কিক্তু পুশায় দিচ্ছে । এটায় আমাদের জন্য খুশীর খবর ।।,0,1,0,0,0,0
লম্পট ছেলেরা ছাত্রলীগ-যুবলীগ করে আইজ কিছু খাইছে মনে হয়,0,0,0,0,0,0
ফকিন্নির বাচ্চা কয় কি পাগলের বাচ্চা কিছু দিন আগে ভিক্ষা করতি আর এখন যে মানুষ গুলি তাকে উঠিয়ে নিয়ে এলো তাদের কে এখন বলছে চাকর পাগলের বাচ্চা,0,0,0,0,0,1
আসলেই দ্যা ইন্ড এর ইন্ডটাই মূল জিনিস ছিলো সব মিলিয়ে দ্যা ইন্ড অসাধারণ একটি নাটক দেখা আমার নিশোতিশার এই নাটকটি,0,0,0,0,0,0
একটা লোহার রড আগুনে পুড়ে রডের ঠাণ্ডা অংশটা বালিপ কানের হোগা দিয়ে ভরবো আর গরম অংশটা বাইরে রাখবো যাতে কেউ বের করতে না পারে।,1,0,0,1,0,1
ছেলে দুটো জাতির ভাতিজা কি সুন্দর চেহারা কি সুন্দর কথাএকদিন বাবা মায়ের নাম করবে,0,0,0,0,0,0
ময়ূরের পাখা লাগালে কাক যদি ময়ূর হয়ে যেত তাহলে কাক ময়ূর হয়ে থাকতো,0,0,0,0,0,1
পাবনা চিকিৎসা এক সপ্তাহ থেরাপির আবেদন এসব মানুষ আবার শিল্পি হয় কিভাবে এর থেকেও অনেক অনেক ভালো শিল্পি আছে ফুটপাতে গান গেয়ে ভিক্ষা করে ।,0,0,0,0,1,0
অসাধারণ খুব ভালো লাগলোআর আরেকটি কথা সত্যিকারের লাইফ স্টাইল হচ্ছে আসলেই ৫ ওয়াক্ত নামাজ ৫ ওয়াক্ত নামাজ প্রতিদিন পড়ে দেখিন আপনার লাইফটাই চেঞ্জ হয়ে যাবে,0,0,0,0,0,0
"তোমার সাথে আমার সম্পর্ক লুঙ্গির ঘিটটুর মতো, ঢিলা হইলে কেয়ামত",0,0,0,0,1,0
পত্রিকায় বড় করে শিরোনাম; “ঢাকা বিশ্ববিদ্যালয়ে দুই গ্রুপের গুলি বিনিময় হয়েছে”,0,0,0,0,0,0
অনেক সুন্দর নাটক তবে নিশোকে বলা উচিৎ ছিলো যে আমার এই সমস্যা,0,0,0,0,0,0
বাংলাদেশকে হিন্দুরাজ্য বানানোর জন্য ও হিন্দু দেশে ঢুকিয়ে দেওয়ার জন্য কি দেশটা স্বাধীন হয়েছিল?,0,0,1,0,0,0
চলচ্চিত্র জগতে জাহিদের কি অবদান আরেকজনকে কিভাবে অপমান করে তাকে জুতাপেটা করা দরকার,0,0,0,1,0,1
অপূর্ব ভাইয়া মিথিলা আপু এবং মেহজাবীন আপু সুপার যা ভাষায় বলা যাবে নাআর মিউজিক আর সুর অছম,0,0,0,0,0,0
খানকির পুত তোরে হাতের কাছে পাইলাম না অইদিন পাইলে তোর পুটির ভিতরে হাতিপুরে ঠেইলা ঠেইলা ঢূকাইতাম।,1,0,0,0,0,1
সত্যিই অসাধারণনাটকটা দেখার পর একটা প্রিয় মানুষের কথা মনে পরে গেলো,0,0,0,0,0,0
মেহজাবিনের মতো মিষ্টি মেয়ের চেহেরা দেখলে যেকোনো কেউ প্রেমে পরে যাবে,0,0,0,0,0,0
"আহারে শুয়রের বাচ্চা, কতদিন তোরে গালি দেই নাই বান্দির পুত। এতদিন কই ছিলি শাউয়ার পোলা? ইউ মিসড ইউ মাদারচোদ!",1,0,0,0,0,1
অনেক অনেক ভালো লাগছেমনটা ভালো হয়ে গেলদুয়া রইল আফরান নিশু ভাই,0,0,0,0,0,0
"আর বাসায় মেক্সি পড়লে গ্রামার মানুষ হয়ে জায়?????
হাসালে বাচ্চা হাসালে।",0,0,0,0,0,0
এদেশ আওয়ামী মালাউনদের দখলে। এদেশ পরাধীন হতে আর বেশি দেরি নাই। যারা এখনো বুঝ নাই তারাও বুঝবে খুব তারা তারি। মুসলমান হইয়া মালাউন নির্বাচন কর। মালাউনে পক্ষে জীবন উৎসর্গ কর। আওয়ামীলীগ তোমগরে গোলাম বানাইয়া ছাড়বে। দেখে নিও। বলে গেলাম।,0,0,1,0,0,0
এই তো সবে শুরু । ছ্যাঁচড়া শাশুড়ির এখন ও অনেক কিছু বাকি আছে । আর একটা ব্যাপার দেখার আছে । অনিন্দ্যর বড় ছেলে জাম্বোর পরিনতি । কেয়ার উচিত নিজের বাপের বাড়িতে থাকা । ওখানে ও আগে শিখুক । কিভাবে সংসার জীবন যাপন করতে হয়,0,0,0,0,1,0
"জুমার দিনে ঝগড়া করছে মাস্ক এবং টুপি নিয়ে, আরেক জন এসে তাদের জিজ্ঞাসা করে দুইজনেরই দাড়ি কোথায়?",0,0,1,0,1,0
যদিও কারেন্ট-শক ব্যাপারটা খুব একটা সুখকর জিনিস না তারপরেও আমি একে তো জামাই মানুষ... তারপর আবার ইঞ্জিনিয়ারও... কিছু একটা না করলে কেমনে হয়?,0,0,0,0,0,0
আমি একজন ভারতীয় বাংলাভাষী বাংলাদেশের নাটক আমার ভীষণ ভীষণ‌ই ভালো লাগে একজন নায়ক বা নায়িকার নাম বললে খুবই অন্যায় করা হবে নিশো অপূর্ব সজল তানজিন তিশা মেহজাবিন নুসরাত ইমরোজ তিশা এদের সবার অভিনয়‌ই আমার ভীষণ ভালো লাগে,0,0,0,0,0,0
এই নাটকটি আমার কাছে অসম্ভব ভালো লাগছেবিশেষ করে আরফিন নিশু ভাইকে,0,0,0,0,0,0
"সুফি সাদক, খাজা বাবা ওরুফে মডেল মাওলানা আরিব্বাই রে ভাইরে সবাই সুদি দেন ফিলিগ।",1,0,0,0,0,1
নুনু কাটা কাঙাল রা যে ভারতের গু খায় তা ওদের খবরের চ্যানেল দেখলে বোঝা যায়,0,0,1,0,0,0
বাংলাদেশের সর্বকালের সেরা জুটির মধ্যে অন্যতমসেরাদের সেরা আফরান নিশো ও মেহজাবিন,0,0,0,0,0,0
আমি মনেকরি বাংলাদেশ সরকার রহিঙ্গাদের আশ্রায় খাদ্য এবং চিকিৎসা দেওয়া উচিত। মুক্তিযোদ্ধর সময় ভারত আমাদের সাহায্য করে ছিল।,0,0,0,0,0,0
এক দম ঠিক ভারত জাকির নায়েক এর বিরদে অবিছার করতেছে,0,0,0,0,0,0
নাটকটা যতবার দেখি ততবারই ভালো লাগে এবং সাথে কান্নাও আসে,0,0,0,0,0,0
মানুষ একজন ব্যাক্তিকে উপরে তুলতে যত বেশি সময় লাগে তাকে নিচে নামাতে তার চেয়েও কম সময় লাগে কাওকে ছোট ভাব না,0,0,0,0,0,1
ভারতের মত একটি দেশের প্রধান কিভাবে এমন নাটক করতে পারে?,0,1,0,0,0,0
নিশো বস মানেই হিট নাটক অসাধারন নাটক ভাল লাগল কার কার ভাল লাগল ঈদ মোবারক,0,0,0,0,0,0
ছবিটা ইফতারির পর দিলে তোরে খানকির পোলা বইলা গালি দিতে পারতাম,1,0,0,0,0,0
আওয়ামী লীগ বোলতে চায়।।বিএনপি আগে মেরেছে এখন আওয়ামী লীগ মারবে।।আমরা সাধারণ মানুষ মরবো বাহ সোহাগ ভাই।,0,0,0,0,1,0
"নাস্তিক দের বোকার মত যুক্তি শুনলে, আমার ইমান টা আরো মজবুত হয়",0,0,1,0,0,0
"আজ থেকে ৩০ বছর পরে যখন উপরের পাজেলটা কাউকে দিবো, তখন সে যেন একটানে উত্তরটা বলে দিতে পারে",0,0,0,0,0,0
আসলে আমরা সবসময় ভাবি সিনেমা মানে নাচানাচি এর বাইরের গুলো যেন সিনেমা নাএই অসাধারণ সিনেমার এত আনলাইক তা প্রমাণ করে,0,0,0,0,0,0
ভারত পাকিস্তান পরমানু যুদ্ধ হলে এশিয়া মহাদেশের এক বিরাট অংশ নিয়ে মানুষের কোনো অস্তিত্ব থাকবে না,0,0,0,0,0,0
নিশো ভাই আর তিসার নাটক মানেই অসাধারণযারা ভালোবাসেন নিশো ভাই ও তিসা কে তারা লাইক দেন ঈদ মোবারক,0,0,0,0,0,0
বাহ কী সুন্দর কথা চীনের সাথে বাংলাদেশের সম্পর্ক গড়ে উঠায় ভারতের মন্ত্রীর সফর।বাংলাদেশকে নিয়ে এত রাজনীতি কেন?,0,1,0,0,0,0
স্বাভাবিক একটা ব্যপার নিয়া কিছু সংখক ব্যক্তিরা সেই রাজাকারদের মত কথাবার্ত বলছে মানুষের সেকেন্ডের ভরশা নেই আর যন্ত্রপতির ব্যপার এটা তো নষ্ট হতেই পারে এটা এমন কি ব্যপার,0,1,0,0,0,0
এই নাটকে যারা ডিসলাইক দিছে আমি নিশ্চিত তারা হিরো আলমের বক্ত,0,0,0,0,0,0
স্পরশিয়ার কি পিরিয়ড চলছে নাকি? পায়ের উপ্রে লেগ তুলে বসে আছে এভাবে,1,0,0,0,1,0
এইরকম নাটকের জন্যই অপেক্ষায় থাকিগল্পটা গতানুগতিক হলেও নিশো ভাইয়ের অভিনয় ছিলো অসাধারণ শুভকামনা রইল প্রিয় নিশোমেহজাবিন ও আরিয়ান ভাইয়ের প্রতি,0,0,0,0,0,0
মালাউনের বাচ্চা।কুত্তার মত ঘেউ ঘেউ না করে ফেইসবুকে তোর ছবি আপলোড কর।ফেইক আইডি চালিয়ে দাঙ্গা লাগানোর চেষ্টা করছ বেজন্মা।,0,0,1,0,0,0
ওই পুলিশ মনে হয় শিবির জামাত এর কর্মী সে যদি নিজে কর্মী নাও হয় তবে তার এলাকার কেউ জামাত করে। ভাব মুর্তি অর্জনে এভাবেই কাজ করতে হবে। কি বলেন সবাই।,0,1,0,0,0,0
"হুট করে বুঝে গেলাম, যদি চাই কোনও প্রোডাক্ট তাড়াতাড়ি শেষ হয়ে যাক (ক্লিয়ারেন্স সেইল) তার জন্য “বাই ওয়ান গেট ওয়ান ফ্রি” বেশী প্রযোজ্য",0,0,0,0,0,0
যতদিন পদ্মা মেঘনা যমুনা রবে বহমান তোমার হাতেই এই বাংলা গোটাজাতী দেখতে চায় তারেক জিয়া রহমান ।,0,0,0,0,0,0
সারাদিনের কর্ম দিবস শেষে বাসায় এসে নাটকের উপদেশ শুনে মনে প্রশান্তি পেলো,0,0,0,0,0,0
পেজের পিপি টা চেঞ্জ করেন । এমন পিপি দেখলে অনেক লোভীরা আবারো জোর করে মুখে ঢেলে দিতে পারে ।,0,0,0,0,1,0
মাননীয় প্রধানমন্ত্রী কাছে আমার একটাই আবেদন বাংলাদেশ থেকে দেহ ব্যবসা বন্ধ করেন।,0,0,0,0,0,0
বাব্বা গ টাকা দিয়ে আর কত কিছু যে করা যায় জুলু নিশ্চয় শেষ পর্যন্ত উফ খুব কষ্ট হচ্ছে গ জুলু কাকু তোমার জন্য তবে আমাদের জীবন মানেই জি বাংলা,0,0,0,0,1,0
আজকাল ভাল কাজকে কিছু লোক অবাস্তব বলে আর খারাপ কাজকে বাস্তব বলে কি বলব আর সামান্য ও সাময়িক সময়ের একটু মোহের জন্য আমরা সমাজটাকে বিকৃত করছি যেটা আমাদের উপরেই আবার ফেরত এসে আমাদের উপরেই প্রয়গ হচ্ছেনাটকটা অনেক ভাল লাগল,0,0,0,0,0,0
আওয়ামী লীগ এর সাথে যুদ্ধ করে সাধিনতা অর্জন করতে হবে ইনসাআল্লাহ,0,1,0,1,0,0
"এই জায়েদ খান কে,এ আবার কুথা থেকে আসলো। হিরো আলমের জুতার যোগ্যতা আছে নাকি জায়েদ খানের।",0,0,0,0,0,1
তোর যদি হেডামে কুলাই তাইলে একটা ভুল প্রমাণ কইরা দেখা নাইলে তোর মা দুর্গার ভোদা লালে লাল বানাইয়া ফালামু,1,0,1,0,0,1
এরকম অনেক মানুষ আছে যারা দিন আনে দিন খায় কিন্তু এদের মত দেহব্যবসা করে খায় না এগুলো অভাব না এগুলো এদের স্বভাব,0,0,0,0,0,1
খুব সুন্দর হইছে নাটক টি আফরান ভাই মানেই ভিন্ন নতুন কিছু,0,0,0,0,0,0
অস্ত্র নির্মান কোন ছোটখাট বিষয় নয় ইহা ভারতিও রাস্টিয় সহায়তা ছারা সম্বভ না,0,1,0,0,0,0
স্টোরি রাইটার আর ডিরেক্টরকে ধন্যবাদ না দিয়ে পারলাম নাধন্যবাদ এতো সুন্দর একটা গল্প এতো সুন্দরভাবে উপস্থাপন করার জন্যসত্যিই অসাধারন,0,0,0,0,0,0
কোথায় বলে কানাকে সাগের খেত দেখাতে নেই দেখলে পরে সবি তার,0,0,0,0,1,1
আরে আমাদের সালনা আইসো এক শূন্য শূন্য টাকা কেজি পাওয়া যায়,0,0,0,0,1,0
এক কথায় অসাধারণশেষের দিকে এমন হবে কল্পনা করতে পারিনিআমার জীবনে দেখা সেরা নাটক,0,0,0,0,0,0
তার শাস্তি শিরচ্ছেদ । সরকারের উচিত একে ফাঁসি দেওয়া নয়তো শিরচ্ছেদ ।,0,0,0,1,0,0
দাদা! নৌকা কিন্তু চলে না এমাসে কম দিয়েছেন ১৯ হাজার কিউসেক পানি নদীতে পানির কি দরকার! বন্ধুত্বে তো জোয়ার বইছে,0,0,0,0,1,0
ছাত্ররা যেন বুড়ো হয়ে গেলেও ছাত্রলীগ না করেন তাই যুবলীগ।,0,0,0,0,0,0
বাংলাদেশে যখন হিন্দুদের ঘড় বাড়িতে হামলা চালানোতে ভারত সরকার তীব্র প্রতিবাদ জানায় আর ভারতে জখন বিনা অপরাধে প্রকাশ্যে মুসলমানদের হত্যা করে তখন ভারতীয় মন্ত্রী মহাদয় গন তখন আর মানবতার বানী সুনাতে পারে না,0,0,1,0,0,0
ভাই আপনি কিছুক্ষণ এর জন্য প্যান্ট খুলে মৌমাছির চাকে ঢিল মেরে গাছে বসে থাকেন,0,0,0,0,1,0
তোর উপরে আল্লাহর গজব পড়বে মুসলিম হয়ে কপালে সিদুর ছি,0,0,1,0,0,0
আমার খুব পছন্দের গান আমি তোমার হাতের ঘুড়ি হবো খুলা আকাশে ইচ্ছে মত উড়াও বন্ধু বায়ুরি বাতাসে,0,0,0,0,0,0
আসলে জামায়াতের চেয়ারটাই রাজাকার আমীর নাবালক সাবালক এটা কোন ফ্যাক্টর না।,0,0,0,0,1,0
"দেখুন সুজেন রেপ কেস মনে পরে আসামিরা কোথায়, সুতরাং এসব বলে লাভ কি, মাননীয়া বলেছেন নাটক, সুতরাং আপনিও নাটক ই করছেন",0,0,0,0,0,1
‘জানি না ফিরতে পারব নাকি বাসায়’... কথাটা মেনে নিয়েই প্রতিদিন সকালে বাসা থেকে বের হই বিদায়ী ভাষন দিয়ে...সবার সাথে কোলাকুলি করে,0,0,0,0,0,0
দিনে যদি ২ ঘণ্টা করেও জ্যামে থাকেন তাহলে আপনার এই ৪৫ বছরের জীবনে আড়াই বছর খালি জ্যামেই বসে ছিলেন,0,0,0,0,0,0
জী জী আমরা সবাই সচেতন... হ্যা অবশ্যই... কিন্তু কয়জন মানি?,0,0,0,0,0,0
বিশ্বকাপের একটা বল তোর হোগার মধ্যে ঢুকাতে পারলে শান্তি পাইতাম।,1,0,0,1,0,1
"যে যাই বলুক, বড় বংশের মানুষ না হলে বড় মনের মানুষ হ ও য়া খুব মুশকিল",0,0,0,0,0,1
শুয়ারটার নিজের পাছায় নিজে ঢুকিয়ে অভ্যাস তাই নিজেই নিজের আইডিতে ট্যাগ চুদায়,1,0,0,0,0,1
গত ১১ বছরে অন্তত ১০০ হত্যার সাথে ছাত্রলীগ এর খুনিরা জড়িত।,0,1,0,0,0,0
"এতো খুনাখুনি তখন ছিল না... আর হলে, সরকার পতনের মতো ঘটনা হয়ে যেত (যেমন তেজকুনি পাড়ার গালিব)",0,0,0,0,0,0
কার হাতে দেশ নিরাপদ? কাকে সমর্থন করবেন সে সিদ্ধান্ত আপনার,0,1,0,0,0,0
নাটক টার মধ্যে কোন বরিং ফিল করলাম নাহভালো ছিল বাস্তবভিত্তিক,0,0,0,0,0,0
"আগেরকার দিনে মানুষ বেশীদিনও বাঁচত, আবার গুনেগুনে রুটিও খেত না",0,0,0,0,0,0
মাদার ফাকার রেন্ডিয়া মনে হয় নিজের মাটি ছাড়া অন্য কোথাও ভালো খেলে??? যেসব কুত্তার বাচ্ছা রেন্ডিয়ান দালাল আছে সব কটারে লাথ্যি মেরে দেশ থেকে বের করে দেওয়া উছিত। সন অফ বিচ।,1,0,0,1,0,1
তোরা তো চুদতে পারস না। তাই আমরা তোর মা বোনদের চুদে তোদের করি। তুই খানকির পোলা।,1,0,0,0,0,1
খুব সুন্দর একটি উপহার ধন্যবাদ আরিয়ান ভাই নিশো এবং মেহেজাবীন কে,0,0,0,0,0,0
মাদারচোদ রানু খানকিমাগী তোর গোটা গুষ্টি চুদী খানকির বেটি মাদারচোদ,1,0,0,0,0,1
রেট তো কম আছে কিন্তুক আন্টির করে কি মজা পাবে তুমি,1,0,0,0,0,0
সুপ্রিয় দেশবাসী!সম্মানিত অধ্যক্ষ জনাব সিরাজুদ্দৌলা যদি আপনাদের কারো ফ্রেন্ডলিস্টে থেকে থাকেন তাহলে উনাকে মেনশন করার উদাত্ত আহ্বান জানাচ্ছি...!,0,0,0,0,0,0
আমার মাঝে মাঝে মনে হয় স্ট্যান লি যদি প্রাচীন ভারতে  জন্ম নিতো আর মারভেল লিখতো তাহলে তোরা হয়তো আজকে আয়রন ম্যান স্পাইডারম্যান সুপারম্যান দের মন্দির বানিয়ে পুজা করা শুরু করে দিতি।,0,0,1,0,1,0
তোরা তো মা বোন বউ দিয়ে সারা দুনিয়ায় তো বেবসা করিস,0,0,0,0,0,1
ভালো হয়েছে কিন্তু বিয়ের অাগে একসাথে না থাকলে অারো ভালো হতো,0,0,0,0,0,0
তর মা কে চোদী শালি দেহ ব্যবসায়ী। বাংলাদেশের সব মুসলিম মেয়েরা ঘরে ঘরে ইমু সেক্স করে রোজগার করে ভাত খায়,1,0,1,0,0,1
সত্যিকার অর্থে এটি একটি জাতীয় পুরষ্কার পাওয়ার মতো নাটক নাটকটা মানুষের জীবনের সাথে প্রত্যক্ষ মিল রয়েছে ‍‍‍‍‍‍‍‍,0,0,0,0,0,0
রানু তো নিজেকে বর মনে করছে ভিখারী জীবন ভালো ছিলো,0,1,0,0,0,0
পরিচালক আরিয়ান ভাই মানেই নতুন কিছুআর নিশো থাকলে তো কথাই নাই আরখুব ভালো নাটকটা,0,0,0,0,0,0
এতো সুন্দর ভাবে বাস্তবতা তুলে ধরার জন্য ধন্যবাদ চোখ দিয়ে পানি পড়ছে শেষ দৃস্যে,0,0,0,0,0,0
সীল মারো ভাই সীল মারো একাই ১০০ সীল মারো আওয়ামী ভোট পদ্ধতি,0,1,0,0,0,0
চোরের দেশে পাচ লাখটাকায় গাড়ী আর কিছু পাচনা এটা হতে পারে ভারতে ভারতে দুই লাখ টাকার গাড়ী বাংলাদেশে সাত লাখ টাকা বেচে ভারতের কমপানি,0,1,0,0,0,0
চিস্তা চুক্তিতে সময় লাগতে পারে তবে প্রতিরক্ষা চুক্তি বা ভারতকে ট্রানজিট দেয়ার চুক্তিতে কোন সময় লাগবে না,0,0,0,0,1,0
নাদানের বলা হয় এক কথা আর বলে আরএক কথা ।নিজের ধমগ্রন্থের জ্ঞান আমার কথা বলতে এসেছে ।,0,0,1,0,0,0
আমার প্রিয় নায়ক রিয়াজ ভাইয়ের নাটক বলতে হবেদুই যোঘের সাফাল্য হিরু,0,0,0,0,0,0
এক কথায় অসাধারণ যেখানে ভাগ্য থেমে যায়সেখানে ভালবাসা জিতে যায়,0,0,0,0,0,0
"আরে শূয়োর তোর নামের শেষে রহমান, তা তুই বদলাস না কেন? ইসলাম নিয়া এত চুলকায় আর ইসলামী নাম রাখার কারনে তোর চুলাকায় না।",0,0,1,0,0,0
"কাটা নুনু মিথিলার জন্য একটু কম হয়ে যায়, তাই পুরাটা নেওয়ার জন্য গেছে",1,0,0,0,1,1
এই ট্রেন সাজাতে হয়ত এক কুটি খরচা হিসাবে আসবে । সরকারি সব এলাহি কারবার ।,0,0,0,0,1,0
বুকের দুই পাশে ব্লাউজ ছিড়ে ফেললে আরও সুন্দর ও সেক্সি লাগত,1,0,0,0,0,0
অনেক বেশি সুন্দর আর বাস্তবিক একটা নাটক খুব ভালো লাগল,0,0,0,0,0,0
বাংলাদেশের মিরপুরে আসো রেংকিং ধুয়ে পানি খাওয়া ছাড়া আর কোনো কাজে আসবেনা তামিম ইকবাল ।,0,0,0,0,1,0
অসাধারণ খুব ভালো লাগলোএমন সুন্দর আর দুষ্টু একটা জীবন সঙ্গী চাই,0,0,0,0,0,0
অপু কে বলছি তুমি আসলে মুসলিম কখনো মন তেকে হওনি তাই তোমাকে আমার আল্লাহ কবুল করেন নি,0,0,0,0,0,1
"বাংলাদেশে বরতোমানে আওয়ামীলীগ  নেতা কর্মী এবং পুলিশ, সাংবাদিক আর নেতা ছাড়া খুব কম সাধারণ মানুষ ই অপরাধ করে",0,1,0,0,0,0
এককালে তার গানে বুক ফাটানো পাব্লিকরাই আজকে হাহা রিয়াক্ট দিয়ে গেল ।,0,0,0,0,1,0
যদি বলি ভালো লাগছে তাইলে কম হবে এক কথায় ভাসা হারিয়ে ফেলছি,0,0,0,0,0,0
"“আমাদের দেশের জন্য নির্ধারিত দোযখের গেটে কোনও গার্ড নেই, কারণ...”",0,0,0,0,0,0
ইন্ডিয়ার হিন্দুরা শুন মুসলিমদের সাথে ভাল ব্যাবহার কর নাইলে কপালে দুঃখ আছে।,0,0,1,0,0,0
"প্রধানমন্ত্রীর ফাঁসির জন্য আন্দোলন হওয়াই উচিত,,,,, এই দেশ হেফাজতের বাধ্য থাকা উচিত নয়",0,0,0,1,0,0
"উনাকে বললাম, “আচ্ছা আপনি বলেন তো আমার কাছ থেকে কি চান?”",0,0,0,0,0,0
"আজহারি হরেক রকম পাগল দিয়া এখানে মিলাইছে মেলা,আজহারি তুমার দরবারে সব ছাগলের খেলা,",0,0,0,0,1,0
যে বা যাহারা এই জালেবি কিনে খাবে তাদের চেহারা মরার আগে জাস্ট একবার দেখে মরতে চাই,0,0,0,0,1,0
"হুর চুরের ঘরের চুর, তোর চেহারা দেখলেই চুর চুর লাগে",0,0,0,0,1,1
আমরা তখন চেক ইন দিবো... দুই হাতে গাল ধরে বলব... ওয়াও কি কিউট স্টার্ট আপ,0,0,0,0,0,0
তারেক যে বেয়াদব এবং অহংকারী তা শতভাগ সত্য কথা।বি এন পি র করুন পরিণতির জন্য তারেকই দায়ী।,0,1,0,0,0,0
"যখন রাত্র ২ টার সময় আমাকে কেউ ম্যাসেজ দিয়ে বলে এতো রাতে এফবিতে কি করস? আমি, বাল ছিড়ি, এতো বড় বাল",0,0,0,0,0,1
ড্রাইভার এ জার সাথে কথা বলছে সে হলো আমাদের প্রিয় পলাশ ভাই,0,0,0,0,0,0
"কেও বর্ষবরণ করবে পান্তা ইলিশ দিয়া আর তুই
চুদনার পুত বর্ষবরণ করবি এই মাগিরে দিয়া 
দে যা... চুদগা খানকি মাগির দালাল",1,0,0,0,0,1
পরিচালক কে অসংখ্য ধন্যবাদ সুন্দর নাটক বানানোর জন্য নাটকটা খুব ভালো লাগল,0,0,0,0,0,0
এবার কাশ্মীর নিয়ে বাড়াবাড়ি করলে লাথি মেরে চার টুকরা করলে তবেই শিক্ষা হবে।,0,0,0,1,0,0
"অনলাইনে বিক্রিকরব, পাছায় থাপ্পড় পরবে না ভেবে খুশি হওয়া গরু ক্রেতা থাপ্পড় দিয়ে ভিডিও পাঠাতে বলেছে, জানতে পারার পর গরু",0,0,0,0,1,0
কিনাডিম কোম্পানির দৃষ্টি আকর্ষণ করছি ভালো মানের কিনাডিম বানানোর জন্য নাইলে আরো এরকম পুলাপান জন্মনিবে কিনাডিম মানে ।,0,0,0,0,1,0
যে মামুনুল হক সাহেবকে রাজাকার বলবে তার কলিজা টেনে ছিড়ে ফেলবো।,0,0,0,1,0,0
অসাধারণ ২টা নাটক কি অনেক সুন্দর তবে বড় ছেলে বেসি সুন্দর মেহজাবিন আপুর অভিনয় টা রিদয় ছোয়ার মত,0,0,0,0,0,0
অনেক ভালো একটা গল্প ছিলো৷ এই ৫৩ মিনিটে যেন একটা মানুষের জীবনের শুরু থেকে শেষ দেখে ফেললাম সবাইকে এভাবেই সংসার ধর্ম পালন করে জীবন শেষ করতে হয় সবশেষে করুন পরিনতি বাকী থাকে কেনো এই জীবন জীবনের আছে কোনো মানে,0,0,0,0,0,0
ভারতে যখন বাবরি মসজিদ ভাঙা হয় ও মুসলিমদের ওপর অত্যাচার করা হয়,0,0,1,0,0,0
চা বাগানের শহর সিলেট... কিন্তু বিরাট চা-বোর্ডের ভবনটি আমরা বসিয়ে রেখেছি ঢাকায়,0,0,0,0,0,0
"যদি ফিরে না আসি কান্না করো না, জান্নাতের সিড়িতে আমাদের দেখা হবে",0,0,0,0,0,0
"সরকার বিরোধী দলের বড় বড় নেতাকে গুটিয়ে দিয়েছে,অথচ তাকে কিছুই করছে না!!! এটা রহস্য জনক",0,1,0,0,0,0
খানকি বেশ্যা মাগী নর্তকী নটিনী বার্মার মুসলিম গনহত্যা বন্ধের আবেদন না করে কুকুরের মত লেজ গুটিয় আছিস কাফেরের বাচ্ছা।,1,0,0,0,0,1
প্রভা মনে হচ্ছে পাশা সার্জারি করেছে এজন্য পাছার উন্নতি হয়েছে,1,0,0,0,0,1
নাটক টা দেখে যতটা ভালো লেগেছে সেসে খুবি দুঃখ মনে হয়ছে,0,0,0,0,0,0
শুয়ারটার নিজের পাছায় নিজে ঢুকিয়ে অভ্যাস তাই নিজেই নিজের আইডিতে ট্যাগ চুদায়,1,0,0,0,0,1
আমরা বলবো ভারতকে ধ্বংস করা হলেও আমার ভারতের সাহস থাকে পাকিস্থানের সাথে যুদ্ধ করুক । কিন্তু আল্লাহ ভারতের বীর মা আমাদের রক্ষা করেন ।,0,0,0,1,0,0
শেষটা খুবই সুন্দর হয়েছেএগিয়ে যান নিশো ভাই আর তিশা আপু,0,0,0,0,0,0
আমার খুব পছন্দের একজন অভিনেত্রী শাহনাজ খুশি খুব ভাল লাগে উনার অভিনয়,0,0,0,0,0,0
মামা আপনি একটা এতিমদের জন্য মসজিদ মাদারাসা করেন। এটা খুব ভালো হবে।,0,0,0,0,0,0
এছাড়া সুমির বিরুদ্ধে আদালত পাড়ায় বিভিন্ন দোকান-হোটেলে গিয়ে ডিবির সোর্স পরিচয় দিয়ে চাঁদাবাজিরও অভিযোগ আছে।,0,0,0,0,0,0
খাওয়া দিলে মানুষ বলে; ‘এমনে কতদিন? খাওয়া দিয়ে দিয়ে তো অলস বানিয়ে ফেলছেন... কতদিন খাওাবেন এমনে ফ্রি? কবি বলেছেন মাছ না কিনে দিয়ে জাল কিনে দাও...’,0,0,0,0,0,0
“কিছু করে নাই... আজকে আপনার ডেলিভারির সাথে সাথে উনার হার্টের অপারেশান করা হবে... উনার হার্ট বলে দুর্বল”,0,0,0,0,0,0
চোখ বুঝেই বলে দিতে পারি নাটকটা বেস্ট হবে কারণ আজ পর্যন্ত আরিয়ান ভাই এর যতগুলো নাটক দেখেছি একটা নাটক খারাপ লাগেনি আমি আরিয়ান ভাই আর বিগ ফ্যান লাভ ইউ আরিয়ান ভাই,0,0,0,0,0,0
সালে আমার বেস্ট নাটক নিশু বস তুমি পার ভাল কিছু করে দেখাতে অল দা বেস্ট নিশু বস সুন্দর বা সু্ন্দরীদের ছাড়া থাকা যায় কিন্তু মায়া ছাড়া থাকা যায়না কারন মায়া একটা কঠিন জিনিস,0,0,0,0,0,0
ইসলাম গালাগাল সমর্থন করেনা ..তাই দিলাম না...আল্লাহ যেন আপনাকে হেদায়েত দান করেন...,0,0,0,0,0,0
জনগণ ও আইনশৃঙ্খলা বাহিনীর মাঝে গ্যাপ যেন আর না বেড়ে যায় তাই আশা করি সরকার এই “সাদা পোশাকের কি-জানি” ইস্যুটির দিকে সজাগ দৃষ্টি দেবেন,0,0,0,0,0,0
"বন্ধু যখন হঠাৎ সোনার মধ্যে হাত দেয়, তখন কল্লা কাইটা ফালাইতে মোন চায়",1,0,0,1,0,0
তমাল বন্ধু কে অসাধারন ধন্যবাদ কাজের মত কাজ করছে তাই কারন অতীত কে সামনে টানতে নাই,0,0,0,0,0,0
আমাদের ও কারো কপালে হয়তো সুখ নয় তো দুঃখ এই নিয়েই জীবনটা একদিন শেষ হয়ে যাবেঅনেক ভালো লাগল,0,0,0,0,0,0
ভারতের সেনাবাহিনীর ছেলে কডা এবার চাকরি ছেড়ে দেবানি মরেছে চাকরি করতে এসে,0,1,0,0,0,0
ভারত একটা হিন্দু রাষ্ট্র হয়ে মুসলিমদের সাহায্য করেছে ঠাই দিয়েছে আবার শত্রুর বিরুদ্ধে যুদ্ধ করেছে আর বাংলাদেশ মুসলিম হয়ে মুসলিমদের সাহায্য করতে পারেন না,0,0,1,0,0,0
পাকিস্তান একটা মাদারচোদ দেশ। শুয়োরের বাচ্চা সবগুলো। তার চেয়ে বেশি শুয়োরখোর ইন্ডিয়ান রা।,1,0,0,0,0,1
শ্বাস রুদ্ধ কর একটা নাটক ঈদের নাটক কিন্তু কাদলাম তিসা শেষ টা দেখে ছেড়েছে নাটকের এটাই প্রাপ্তি তিসার ভুমিকা ছিল ভালোবাসি ভালোবাসি খুব ভালোবাসি,0,0,0,0,0,0
সালের এর সেরা নাটক হবে অসাধারণ অনেক অনেক ধন্যবাদ যারা এই নাটকে অভিনয় করছে আই লাভ ইউ সবাই কে,0,0,0,0,0,0
"আহসানিয়া মিশন এই কাজটা করছে... রাস্তায় জ্যামে বসে থাকে যারা, তাদের তারা ইফতার দিচ্ছে",0,0,0,0,0,0
একে তো সারারাত শান্তি দেও নি । তার উপরে সকালে আবার আমার ঘুম ভাঙ্গিয়ে দিলে তোমার ছবি তুলে দেওয়ার জন্য । তোমাকে নিয়ে আমি খুবই প্যারায় আছি পরী,0,0,0,0,1,0
জীবনে ভালোবাসা টা খুব প্রয়োজন ভাল না বাসতে পারলে জীবন টাই বৃথা অসাধারন নাটকটি,0,0,0,0,0,0
"করিডোর, অবকাঠামো সব ভারতের, চুক্তি অনুযায়ী আমরা কাঠালের বিচিগুলো পাবো তো?",0,0,0,0,1,0
তারেক জিয়াকে কিছু টাকা দিলে ওনি আর এই সন কথা বলবেন্না।,0,1,0,0,0,0
এই হাৱামি খুব বুদ্ধিমান বিসনেস করার জন্য ইসলাম প্রচার করছেন,0,0,1,0,0,0
আরফান নিসো ভাই আপনি আমার দেখা বেষ্ট এক্টারভালবাসা অবিরাম ভাই আপনার জন্য,0,0,0,0,0,0
গানটা খুব সুন্দর অনেক ইয়েবসাইটে খুজেছি কিন্তু পাচ্ছি না যদি কেউ গানটা পেয়ে থাকেন তাহলে প্লিজ লিংকটা দিবেন অগ্রীম ধন্যবাদ,0,0,0,0,0,0
এইদশকের শিক্ষা হলও আওয়ামী লীগ প্রয়োজনে বিরানি খাওয়ায়!আবার প্রয়োজন শেষ হলে দৌড়ানি ফ্রী!!!,0,1,0,0,1,0
সেটা কোর্টে বল ভারতে আসতে এত ভয় কিসের??বাপ মারা গেলো তাও এলিনা।।এখন সাম্প্রদায়ীক তাস খেলছিস??এতে কোনো লাভ হবে বলে মনে হয়না।।পারলে ভারতে আয় কোর্টে যা নিজেকে নির্দোষ প্রমান কর।।,0,1,0,0,0,0
সবার কাছে হিরো আলম ভাই আমার কাছে এমপি হিরো আলম ভাই,0,0,0,0,0,0
আজ থেকে বছর আগে তর নেতৃত্ব দেওয়া ভারত দলের সাথে আমিনুল ইসলাম বুলবুল রান করে ছিলো এতো তাড়াতাড়ি ভুলে গেলে।,0,1,0,0,0,0
নাটক‌টি ভাল লাগল এ রকম প‌জে‌টিভ নাটকই চাই,0,0,0,0,0,0
ভারত পাকিস্তান কোন দিন যুদ্ধ লাগবে না এই খবর বাদ দিয়ে রোহিঙ্গাদের কি খবর সে খবর দেন আশা করি অল্প সময়ের মধ্য পাবো।,0,0,0,0,0,0
সত্যি অসাধারণ কাহিনী নাটক এবং বুঝার আছে ধন্যবাদ জানাই পরিচালক ভাই কে,0,0,0,0,0,0
আজকে অতি সত্তর বিশ্ব চ্যাম্পিয়ন থেকে দেখা ভারত পাকিস্তানকে চুদতে দিছে,1,0,0,0,0,0
এই স্ট্যাটাসটা লিখে লিখতে ২২ টা নতুন গাড়ি রাস্তায় নামার জন্য প্রস্তুত,0,0,0,0,0,0
বাবা সাথে সাথে লাফফ দিয়ে সুইমিং পুলে ঝাপ দিলো... বাবার শার্ট প্যান্ট ঘড়ি মোবাইল মানিব্যাগ সব ভিজে গেলো,0,0,0,0,0,0
কাবা শরিফের উপর যে মালাওন কুকুর বাচ্চা মুরতি ছবি দিইয়েছে তাকে ফাসি তে জুলিয়ে মৃতু দেওয়া হোক,0,0,1,1,0,0
এই খানকির পোলা তুই দেখছিস না মায়ানমারে বৌদ্ধরা মুসলিমদের উপর কেমন অত্যাচার করছে।মুসলিম জাতি অনেক ধৈর্যশীল এজন্য এখনও বাংলাদেশে বৌদ্ধরা এবং তোর মত ব্যক্তিরা বেচে আছে।সময় থাকতে নিজেকে শুধরে নে।,1,0,1,0,0,1
সোহাগ তুমি বলো স্বাধীন বাংলাদেশের পরে মানুষ হত্যায় কোন দল এগিয়ে আছে। তা তোমার একমাত্র নুনুলীগ।,0,1,0,0,0,0
পৃথিবীর শ্রেষ্ঠ গাদ্দার এই রানু বাংগালের পেটে ঘি সহ্য হয়নি,0,0,0,0,0,1
সত্যি অনেক ভালো হয়েছে এই যোগে এই দরনের নাটক খুব কম হয় আরো অনেক অভিনেতারা আছে যারা অশ্লীলতা চাড়া কিছু বুঝেনা ধন্যবাদ ভালো কিছু উপহার দেয়ার জন্যে,0,0,0,0,0,0
চাঁদনী চকে আম্মার সাথে যেয়ে বিরক্ত হয়ে মেরুন কালারের ট্রেনের লম্বা সিটের মতো সোফায় চুপ করে বসে থাকতাম পা ঝুলিয়ে,0,0,0,0,0,0
"ফ্রান্স হামলায় শোক সাগরে তলিয়ে গেছে সারা বিশ^, কিন্তু যখন ইসরাইলে প্রতিদিন ফিলিস্তিনি নিরীহ নারী শিশু হত্যা করে তখন তার কেন গর্তে থাকেন?",0,1,0,0,0,0
কিগো সাফা আফা জুতা মাইরা গরু দান একটা কথা আছে।আপনি ঠিক ঐ রকম। প্রথমে পরকাল বিশ্বাস করেন না বলে দিলেন।আর এখন যখন মাফ চাইবেন তখন বলতাছেন আপনি আর আপনার আল্লাহ জানে।।।।।আপনি আসলেই একটা মাইয়া বটে।।। ছিঃShame on you....,0,0,0,0,0,1
কোথাই গেলো মাগিরা সবাই বলে অসোহাই এটা কি এদের ভোদাই অনেক কামর এদের ভোদাই রড দিতে হবে ছি ছি ছি কি এরা,1,0,0,0,0,1
এই প্রথম এমন একটি নাটক দেখলাম যেখানে নামজ পড়ার বিষয়টি অসাধারনভাবে উপস্থাপন করা হয়েছে পরিচালক কাজল আরেফিন অমিকে অসংখ্য ধন্যবাদ,0,0,0,0,0,0
এত বড় ভোটকা ছেলে বিয়ে না করালে আকাম তো করবেই ।,0,0,0,0,1,1
কি ভাবে করবে ভারত যদি রানে অল আউট হয়ে যায়।বাংলাদেশ কেমনে রান করবে।এই জন্যে তো তারা বাংলাদেশে আসে না।,0,0,0,0,1,0
নাটক এত মজা পেলাম হাসতে হাসতে মাথা নষ্টআমার লাইফে এরকম অবস্থা গেছে কাতার থেকে সবসময় আছি আপনাদের সাথে,0,0,0,0,0,0
"আবার এরকম গল্পও শুনতাম, “পুকুরে ডুবে যাচ্ছে একজন, কেউ উদ্ধার করছে না... সবাই পুকুর পারে দাঁড়িয়ে একে অপরকে বলছে হেল্প করতে",0,0,0,0,0,0
অমি ভাই আপনাকে অনেক ধন্যবাদ এত সুন্দর একটা নাটক উপহার দেয়ের জন্য নামাজে বেফারটা অনেক ভাল লগছে,0,0,0,0,0,0
যখন আমি সন্ধ্যায় দেরী করে বাসায় ফিরি আব্বু বলে আমার মনে হয় তুই বিভিন্ন রকম অপরাধের সাথে জড়িত,0,0,0,0,1,1
বাংলাদেশিরা এতো সুন্দর নাটক উপহার দেয় বলেই হয়তো একজন ভারতীয় হয়ে বাংলাদেশি নাটককে এত ভালোবাসি,0,0,0,0,0,0
"একটু পরে এক মহিলা পরী আমার হাত ধরে আমাকে থামিয়ে বলে, “বোরহানিটা খাইস? বেশী জোস না?”",0,0,0,0,0,0
এদের কি কোন লজ্জা শরম আছে? জয় বাংলা সোনার নেতা সামলা,0,1,0,0,0,0
তোদের মতো ছেলে মেয়ে দের মরাই ভালো ছিঃ ছিঃ ছিঃ বাইরের কাউকে পেলি না তোরা,0,1,0,0,0,0
শেয়ার বাজারে লুটপাটের তিন মহা চোর এক মঞ্চে ভোট লুটপাটের চেষ্টায় ব্যস্ত,0,1,0,0,0,0
কখন না আমাদের মসজিদে কারোর বাপের খমোতা নেই গান দিয়ে নাচ গান করার। আর আমাদের ঈদের মাঠেও না।,0,0,1,0,0,0
"শিবির রগ কাটে আর ছাত্রলীগ মাথা কাটে, পুলিশ সেই মাথা খুঁজে বেড়ায়",0,0,0,0,1,0
আরিয়ান ভাই এইটা কি বানাইলেন প্রায় দুই মাসের অপেক্ষা শেষ হলো প্রথম পার্ট ভালো ছিলো দ্বিতীয় পার্ট আরো ভালো হইছে সবকিছুর শেষে একটা প্রশ্ন থেকেই যায় অয়ন কি আদৌ সুখি হতে পেরেছিলো,0,0,0,0,0,0
"রানু দির, জায়গা, রানাঘাটের ৬ নং, প্লাটফরমে ই, মানাযওর, মতো, অশিক্ষিত মহিলা কে, সেলিব্রিটি বলতে, মনে, কষ্ট হয়",0,0,0,0,0,1
যারা ভারত কে সাপরোর্ট করে তারা হিন্দুর জন্ম ভারতিয় দালালের জন্ম,0,1,0,0,0,0
যে কোনো দিন দেখবেন বাসা বাড়িতে জায়গির থাকার কনসেপ্ট নিয়েও একটা বিজনেস দাঁড় করিয়ে ফেলেছে বিদেশী কেউ,0,0,0,0,0,0
আমি সত্যিই বলছি এই কাজটি ভরররতীয় গোয়েন্দা সংস্থা র ও সন্ত্রাস মালাউনদের কাজ মুসলমান ও হিন্দু আমরা সবাই বাংলাদেশী আমাদের মধ্য ঝামেলা নাই ভরররত সেটা পছন্দ করেনা বলেই আমার দেশের ঝামেলা করতে চায়,0,0,1,0,0,0
"মাগো, ওরা আমার টুটি চেপে ধরতে চায় বলো মা, তা কি মেনে নেয়া যায়?",0,0,0,0,0,0
তথাকথিত সমাজের মুখে তালা লাগানোর অসামান্য একটি পতিবাদ এই নাটকে ফুটে উঠছে,0,0,0,0,0,0
আরফিন নিশো আপনার ভাব সাব ইষ্টাল খুব ভাললাগে আমারদারুন লেগেছেআমার সাথে মিল আছে গঠনাটা কিন্তু অমিলটা কোথায় যানআমি তাকে পেলাম না,0,0,0,0,0,0
হমুন্দির পুত তুর চেহেরা দেখাইয়া আমার ঈদ মাটি কইরা দিলি।,1,0,0,0,0,1
যারা বাংলা মুভি থেকে নাটক বেশি দেখেন তারা লাইক দেন,0,0,0,0,0,0
সত্যি শামিম ভাইয়ের তুলনা হয় নাউনি যে একজন গুনি অভিনেতা সেটার প্রমান বার বার দিচ্ছেনএই টাইপের গল্প দেখতে অনেক ভাল লাগে অনেক বছর পর দেখা হয় আর হ্যাপ্পি এন্ডিং হয়সবাই ভাল কাজ করছে ধন্যবাদ সবাইকে,0,0,0,0,0,0
"যার যার অবস্থান থেকে আওয়াজ তোলোন এই নাস্তুিক কে যেন জার্মান সরকার তার দেশ থেকে লাথি মেরে বের করে দেয়।
এদের পাপের কারনেই দুনিয়াতে আল্লাহর আজাব নেমে আসে।",0,0,1,1,0,0
এই নাটকটা আমি ৪৫বার দেখেছি আমার খুব প্রিয় একটি নাটক লাভ ইউ অয়ন ভাই আর মিথিলা আপু মিস করি তোমাদের,0,0,0,0,0,0
"গর্ত থাকলে সাপের অভাব হয় না, অর্থ থাকলে গর্তের অভাব হয় না",1,0,0,0,1,0
অনেক অনেক অনেক ভাল হয়েছেশুধু বলবো মিথিলার মতন এমন একটা মেয়েকে তাহসান কিভাবে ডিভোর্স দিলো বুঝ আসেনাঅপুর্বমিথিলা মেহজাবিন সবার অভিনয় ই অনেক সুন্দর হয়েসেধন্যবাদ এত্ত সুন্দর একটি নাটক আমাদের উপহার দেওয়ার জন্য,0,0,0,0,0,0
আমার ছোটমেয়েকে বেড টাইম স্টোরি না বললে সে ঘুমায় না,0,0,0,0,0,0
তর বিছি দিয়া মারবেল কেল্মু ৬টা বিছি লাগে তর সাতের ২ বলদ কই???,1,0,0,1,0,1
বিজিবির সদস্যরা যদি দেশপ্রেমিক হয়ে থাকে তবে এর দ্বিগুন ভারতীয় কুত্তাকে হত্যা করে এর বদলা নেয়া উচিত,0,1,0,0,0,0
মেধা থাকা সত্তেও একজন মানুষের হাড়িয়ে যাওয়ার জন্য যতগুলো খারাপ গুন থাকা দরকার আমার মনে হয় সবই আছে তার মাঝে,0,0,0,0,1,0
তুই তো নাস্তিক সেটা আমরা সবাই জানি তুই তো আরো নাস্তিকের কাছে বিক্রি হয়ে গেছিস শুয়োর কোথাকার,0,0,1,0,0,0
প্রিয় দুজনের নাটক ভালোবাসা অবিরাম অপেক্ষায় ছিলাম দেখছি যত লাগছে ভালো তত,0,0,0,0,0,0
যেসব বুদ্ধিজীবীরা খালেদার পক্ষে কথা বলে তারা শুয়োরের বাচ্চা থেকেও খারাপ,1,0,0,0,0,1
"ওকে আমার জন্য পাঠিয়ে দাও, না দিয়ে কোন বাগি ব্যাত হয়ে ওর জন্য ট্রাস ট্রস ধরে প্রহর করো",0,0,0,1,0,0
"ছবিটির মাঝে লুকিয়ে থাকা ঈমান, দুঃসাহস, ভালবাসা, ক্ষোভ আর প্রতিবাদের ভাষা বোঝার ক্ষমতা আছে কি?",0,1,0,0,0,0
"মোটিভেশনাল স্পিকার পিতা বললেন, ‘এখন সবাই একটা করে লাঠি ভাঙ্গো তো?’",0,0,0,0,0,0
"আরিপ তোরে পেপে দিয়ে চেপে দিমু নাটকির পো.. পিছনে পকেটে কনডম ক্যারে তোর, জনি সিন্স ভায়ে ত কন্ডম পড়ে না, তাইলে কারে দিয়া তোর পশ্বাচদেশে টুইন টাওয়ার স্থাপন করবি?
হিজলা কথাকার!!",1,0,0,0,0,1
"ব্লাড ডোনেট করে? তাহলে হি/সি ইজ ডেফিনিটলি স্মার্ট ... এই কনসেপ্ট এক জেনারেশনের মাথায় ঢুকে গেছে,  গেঁথে গেছে",0,0,0,0,0,0
"সে চলেই যাক সেটা কই,, তার উচিত ওর সবকিছু বর্জন করা!!",0,0,0,1,0,0
কোন সুস্থ ধারার মানুষ  আওয়ামী লিগের কোন পদ পদবি নিবে না আর সুমন ভাই কি মনে করে  যে দেশে  কোন  ভোটের  নিবাচন হয় নি।,0,1,0,0,0,0
মাদারিচোদ রাজাকারের বাচচা তাজুইল্যাতু তো পাকিসতানি চোদা নয়তো অন্যায় কে ন্যায় বইলতিনা শুওরের বাচচা,1,0,0,0,0,1
"আওয়ামী লীগ করলে জায়গার অভাব হয়না, টাকার অভাব হয়না, ক্ষমতার ও অভাব হয়না।",0,1,0,0,0,0
"বাঁশ কিন্তু তোমার জন্য রেডি আছে, শুধু তোমারে আবার বাডে পাইয়া লই. কুত্তার বাচ্চা।",0,0,0,0,0,0
মারাত্মক ঝুঁকির মধ্যে আছি যে দিকে তাকাই শুধু তোমাকে দেখি । পিছন ফিরে তাকানোর সময় নেই ।,0,0,0,0,1,0
মাগি তুই আর তোর মা আবার জা ওর কাছে দুই জনকে এক সাথে চুদবে মাগির মেয়ে মাগি হয় মাগির পেটে মাগি জন্ম হয়,1,0,0,0,0,1
আসলে যে কি বলবো ঠিক বুজে উঠতে পারছিনাঅপূর্ব আসলেই অপূর্ব আমি পুরাই পাগল হইয়া যাবো যতো দেখছি ততই তার প্রেমে পরছিএতো এতো রোমান্টিক কেমনে হয় মানুষ অনেক ভালোবাসি অপূর্ব তোমাকে,0,0,0,0,0,0
লাভ ইউ নিশো ভাই অসাধারণ এক কথায় অসম্ভব ভালো লেগেছে,0,0,0,0,0,0
মালাউনকে মালাউন বললে তোমাদের গায়ে লাগে ভারতে মুসলিমনদের সাথে যখন মালাউনেরা অমানবিক নির্যাতন করে,0,0,1,0,0,0
"এটা জদি সাইদি হইতো সরকার সাইদির চার বার ফাঁসি দিয়ে দিত,যতোসব ফালতু বেয়াদব পোস্ট কারী",0,0,0,1,0,0
"যেসব মেয়েরা একাধিক প্রেমে লিপ্ত, তাদেরকে মেয়ে না বলে মাল্টিপ্লাগ বলাই ভালো",1,0,0,0,1,0
অসাধারণ নাটক টি মেহেজাবিন নিশো খুব ভালো লেগেছে শেষে কান্না চলে আসছিল 😥,0,0,0,0,0,0
নাটকটা সত্যি সুন্দর কিন্তু একটা বিষয় এ খুব খারাপ লাগছে সেটা হল হিজাব পড়ছে ঠিক কিন্তু বুকের উপর কাপড় নাইসবারই স্বাধীনতা রয়েছে সে যা খুশি তাই পড়তে পারে কিন্তু হিজাব পড়লে এইদিকটাও খেয়াল রাখা উচিৎ,0,0,0,0,0,0
তোমার মত এত সুন্দর মেয়ে কাছে পাইলে কত যে মজা করতাম। দেশ থেকে বিদেশে ঘুরতে নিয়া যাইতাম। অনেক আনন্দ করে ঘন্টার পর ঘন্ট চুদিতাম,1,0,0,0,0,0
আসলেই এই নতুন বছরের একটি পুরানো আতংকের নাম; “সাদা পোশাকের আইনশৃঙ্খলা বাহিনী”,0,0,0,0,0,0
কত বড় মূর্খ হলে পরে নাস্তিক হতে পারে ভেবে দেখা দরকার।,0,0,1,0,0,0
অপূর্ব আমার নাং ওয়ান নায়ক অনেক সুন্দর হয়েছে নাটকটা অসাধারণ,0,0,0,0,0,0
সবথেকে ভালো লাগলো নামাজের বিষয়টা আমরা মুসলমান প্রত্যেকেরই নামাজ পড়াটা উত্তম আর হ্যাঁ ভাইয়া আপনাকে অনেক ধন্যবাদ,0,0,0,0,0,0
শেষের কথা গুলো কলিজায় লাগেসব ঠিক ছিলো কিন্তুু ৩ বছর পর এসে দেখা উচিত ছিলো নাজিয়া তার জন্যই বিয়ে না করে বসে আছে তাহলে অনেক ভালো লাগতো,0,0,0,0,0,0
ভাই কিছু মনে না করলে একটু বলবেন এই বাটি কি ম্যাগী নুড্যলস্ এর সাথে ফ্রি দিলো কিনা ?,0,0,0,0,1,0
আর আপনি ও পীরের ব্যাবসা বন্দ করেন। মুক্তি আর পীরের ব্যাবসা দুইটা অবৈধ,0,0,1,0,0,0
সত্যিই অসাধারন শেষে চোখের পানি ধরে রাখতে পারলাম না একটা সুখি দম্পতির জীবনী এমন ভালবাসার একটা মানুষ পাওয়া সত্যিই ভাগ্যের ব্যাপার,0,0,0,0,0,0
মন খারাপ থাকলে আবাল তোর পেজ ঘুরে যাই রে মখা,1,0,0,0,0,0
বাল টারে কোন গালি টা দিলে পেইজ টা অফ দিবে,0,0,0,0,0,1
নিশো ভাই অার তিশা অাপু নাটক টা অনেক সুন্দর হয়েছে,0,0,0,0,0,0
"নিজের তো সব গেছেই এখন মেয়েটার জীবন শেষ করতে আকাটা বিয়া করছে খুব বেশী না, মাস নয় থেকে ছয় মিথিলার হবে পরাজয়",0,1,0,0,0,1
মায়ান মারে মুসলিম মেরে শেস করে ফেলল তার কোন খবর নাই ভারতে ট্রেন দুর্ঘটনায় হিন্দু মরেছে কিনা তা নিয়ে সরকারের মাথা বেথা,0,1,0,0,0,0
"তুই আল্লাহর কাছে ক্ষমা চাইলি আর আল্লাহ তোকে ক্ষমা করে দিলো??? তুই বুঝলি কেমনে???? সারাজীবন যৌণ আকর্ষিত পোশাক পরে,,, নোংরা,পতিতাদের মতো চলা ফেরা করেছো। তুই তো শুধু নাস্তিক না জন্মগত ত্রুটি আছে। জুতাপেটা করা দরকার তোর মতো নাস্তিক কে",0,0,1,1,0,1
রান্ডিখানায় জন্মাইছিস খানকি মাগীর বাচ্চা তোর আম্মির মুখে আমার বাড়া দিয়া ঘাটঘাটামু । তোরে তোর মায়ের ভোদায় ঢুকাইয়া দিমু,1,0,0,0,0,1
"তোর গোয়ার মধ্যে বরিশালের সামাদ লঞ্চের সতেরো ডা ইঞ্জিন স্টার্ট কইরা ছাইড়া দিতে হয়, তখন বুঝছি কি নাচে, কি গানে মজা",1,0,0,0,0,0
"কোনও মতে উনার সামনে জিব্বা মুখের ভিতরে নিয়ে মাথা নেড়ে বললাম, “খুশি?”",0,0,0,0,0,0
এখানে কমেন্ট করতে আসা মানুষের চেয়ে কমেন্ট পড়তে আসা মানুষের সংখ্যা বেশি । সবার জন্য বিরিয়ানির ব্যাবস্থা করা হোক ! এই পোস্ট সম্পর্কে আমার তেমন কোন অভিজ্ঞতা নেই তবুও আমি চার টি পয়েন্ট উপস্থাপন করতে চাই ! সবাইকে ধন্যবাদ ।,0,0,0,0,1,0
এইসব আজাইড়া পোস্টদাতাকে বিমানের উপর তুলে পুটকি মারা উচিৎ।যেনো পড়ে যাওয়ার ভয়ে পুটকি মারা দিতেই থাকে।,1,0,0,1,0,1
তোমাদের দেব দেবীদের নিয়ে কিছু বললে যত সমস্যা আর আমাদের নবিদের নিয়ে যা খুশি বলো আমরা চুপ থাকি তাই না,0,0,1,0,0,0
"জুতা দিয়ে তোমার গালে মারা উচিত, আবাল বক্তব্য দিয়ে এখন বাঁচার চেষ্টা। মিথ্যুক একটা। নিশিত ওর পিছনে কোন শক্তি আছে যার জন্য এসব বলেছে।মিন্টু রোডের রিমান্ডে নিয়ে গরম ডিম ডোকালে সব বের হয়ে আসবে। সাম্প্রদায়িক দাঙ্গা লাগানোর একটা অপচেষ্টা।",0,0,0,1,0,1
পুরো নাটকে অতিরঞ্জিত কিছু মনে হয়নি কত ছোট একটা কাহিনীকে কী চমৎকারভাবে ফুটিয়ে তোলা হয়েছেঅসাধারণ,0,0,0,0,0,0
"সারাদেশে বিদ্যুৎ বিপর্যয়, ভারতের পা চাটতে গিয়ে আজ এই অবস্থা",0,1,0,0,0,0
এত সুন্দর টেলিফিল্ম উপহার দেয়ার জন্য মিজানুর রহমান আরিয়ান ভাইকে ধন্যবাদএই রকম আরেকটা টেলিফিন্ম উপস্থাপন করলে খুশি হব,0,0,0,0,0,0
বাংলায় কোন নাস্তিকের ঠাই নাই। তোরে সামনে পাইলেই ছেড়া জুতা আর পচা ডিম নিক্ষেপ করব,0,0,1,1,0,0
বাল লিখোস বানদির পো।তোরে দেখলে কেরে জানি চোপরাইতে মন চায়।,1,0,0,0,0,1
"“সংখ্যালঘু নাম দিয়ে তাদের যারা আক্রমন করছে, তারাই কিন্তু মূলত সংখ্যালঘু”",0,0,0,0,0,0
শামীম ভাই কি বলে বুজাবো আমি আপনার সাচ্চা ফ্যান আছি থাকবোআসলে বন্ধুত্বের স্বৃতি কখনো ভুলার নইঅসাধারন অভিনয় প্রতিবারের মতোইশেষ মূহুর্তের দৃশ্যে আবেগময় হয়ে পড়েছিলাম,0,0,0,0,0,0
"আরিপ্পা খানকির পোলা, যে যাই বলুক হিরো আলম কে কিন্তু তোর থেকে হাজার গুনে সুন্দর লাগছে এই ফটোতে, ওর থেকে কিছু শিখ খানকির পোলা হাতির ইয়েগুলার দিকে না তাকিয়ে ক্যামেরা দেখ মাদারচোদ",1,0,0,0,0,1
"আমি মিডিয়া আমদানি করিনাঃ - কবি কবিরনতুন মিডিয়ার আমদানি, ব্লগ নাই তার কাছে ।",0,0,0,1,0,0
"না সিরিয়াসলি, থাইল্যান্ডের ইকোনোমি দাঁড়িয়ে আছে এই থাই মাসাজের উপর",0,0,0,0,0,0
বর্তমান নাটকগুলোতে এত ভালবাসাবাসি থাকে মনে হয় ভালবাসা দিয়েই সব হয়এরকম বাস্তবসম্মত নাটকের সংখ্যা দূরুহধন্যবাদ পরিচালককে এরকম একটা নাটক বললে ভুল হবে বাস্তবতামেয়েদের বিলাসিতাঅহংকারনেরো মাইন্ড তুলে ধরার জন্যবিদ্র সব মেয়েরা একরকম না,0,0,0,0,0,0
সন্ত্রাসী কর্মকাণ্ড  না হলে বাংলাদেশের কেউ এম পি মন্ত্রী  চোর হত না। সব সন্ত্রাসবাদ আমলাতন্ত্র এম পি মন্ত্রীদের প্রোডাক।,0,1,0,0,0,0
উপরের এই লাইনটা পড়তে পড়তেই চুই করে ২ টা নতুন গাড়ির রেজিস্টেশান হয়ে গেল,0,0,0,0,0,0
"ভাইরে প্রতিদিন ইফতার খাওয়ার পর অনেক হাগতে মন চায়,,কিন্তু হাগা আয়ে না আইজকা তর পিক দেইখা মন খুইল্লা হাগুম",0,0,0,0,1,1
"কাপুরুষের বাচ্চারা লাঠি হাতে রাস্তায় নামছো, যখন হরতালের ডাক দেওয়া হয়, তখন কোথায় ছিলে?",0,0,0,0,0,1
ভালো লাগার চাইতেও বেশি ভালো লাগছেজীবনে প্রথম কোন নাটক দেখে কান্না করলামলেখককে আমার পক্ষ থেকে অনেক অনেক ধন্যবাদ,0,0,0,0,0,0
"দেশের এত নেতা মন্ত্রী রাজ্যের টাকা চুরি করে খাচ্ছে কই তাদের তো ভিডিও করে কেউ বানায় না কখনো যদি সাহস থাকে তো সেগুলো বানিয়ে সোশ্যাল মিডিয়ায় ছাড়ো তাহলেই বুঝবো বাপের ব্যাটা,",0,1,0,0,0,0
ইংরেজরা শুনে ছিল বাংলাদেশের জঙ্গলে বাঘ পাওয়া যায় গিয়ে দেখে শুয়োর ছাড়া কিছু নাই।,0,0,0,0,1,0
বাংলাদেশে মুক্তিযোদ্ধারা না খেয়ে দিন কাটাচ্ছে আর ভারতে চলছে তেল মালিশ।,0,1,0,0,1,0
ভাজ্ঞিস তোদের ব্রিটিশরা সভ্য করেছিলো আর এখন আসছিস তুই অন্যের ধর্ম নিয়ে কথা বলতে সালা গোমুত্রখোর।,0,0,1,0,0,0
"এই তুমি উল্টাপাল্টা কিছু খাও না তো আবার? হ রোজ খাই,এমন ও দিন গেছে দিনে ৪-৫ বার খাইছি",0,0,0,0,1,0
"এই দিনে, অনেক বিখ্যাত ঘটনাও ঘটেছে... এই দিনে ‘ইতো হিরোবুমী, এক সামুরাই, জাপানের প্রথম প্রধানমন্ত্রী হয়েছেন’",0,0,0,0,0,0
নাটকের গল্পে সমস্যা সৃষ্টি করে সমস্যার সমাধান করা হয়েছে বলে আমার ধারণা শব্দ গ্রহনে কিছু সমস্যা বিদ‍্যমান কুশীলবদের ধন্যবাদ ভারতীয় দর্শকের শুভেচ্ছা,0,0,0,0,0,0
"এ ব্যাটা, তোর পাছায় কত বড় ফুটো, আগে সেটা দেখ তারপর অন্যের ছেদা দেখিস",0,0,0,0,1,1
আমাদের ধর্মে এই সেক্স অডিডিক্ট নবী কে কেন ঢোকানো হচ্ছে। যে কিনা সেক্স করার জন্য ৬ বছরের মেয়ে বিয়ে করে।,0,0,1,0,0,0
"দুই মেয়ে তাকিয়ে আছে, বাবা এখনই মলাট না কি যেন লাগাবে... বইয়ের চেহারা নাকি নতুন করে দিবে",0,0,0,0,0,0
"এই জানোয়ারটাকে চিনে রাখুন, এ জানোয়ারই নিরীহ ছাত্রদের উপর হামলা চালিয়েছে",0,1,0,0,0,0
তুই একটা নাস্তিক। ২য় তছলিমা নাছরিন।তুরে জুতা মারা দরকার হান্কি,0,0,1,1,0,1
"দল জাতি-গোষ্ঠী দেশ সবকিছুর ঊর্ধ্বে ইসলাম ধর্ম,সবকিছুতে ধর্মকে নিয়ে আসবেন না এতে ধর্মকে ছোট করা হয় আর ঈমানকে দুর্বল করা হয়",0,0,1,0,0,0
সন্ধ্যায় তার বন্ধুরা তাকে রীতিমত গার্ড অফ ওনার দিয়ে হাঁটে নিয়ে গেছে ...দেখি কে গুতা দেয় আমাদের দোস্তরে,0,0,0,0,0,0
"কি আমাদের দেশ বসুন্ধরা তারি মাঝে এই খানকি মাগি হইছে আচুদা, চোদা নেওয়ার শখ বাড়ছে কুত্তা দিয়া চুদা নে চুতমারানি।",1,0,0,0,0,1
অপুর্ব ভাইয়া এবারের ঈদে আপনার আর একটা নাটক আমার কাছে খুব ভাল লাগছে বড় ছেলে টেলিফিল্মটি বাস্তবতার সাথে মিল আছে,0,0,0,0,0,0
আরিফ ভাইয়া কালো পেন্ট এর মেয়ে টার রেট কত খুব চুদ্দে ইচ্ছা করতাছে,1,0,0,0,0,1
সেরা একটা নাটক উপহার দিয়েছেন যেনো একটা বলিউড মুভি দেখেছিনাটক বস আফরান নিশো ভাই,0,0,0,0,0,0
একে কেন ফেমাচ করছেন মা আর মেয়ে দুজনের এতো অহংকার,0,0,0,0,0,1
মালাউন কা বাচ্চা কোয়ি নেহী আচ্চা।যো ভী আচ্চা ও ভী শুয়ারের বাচ্চা,1,0,1,0,0,1
কোষগুলোর আমাদের মত আবর্জনা ফেলার জায়গা নেই বলে তারা নিজের আবর্জনা নিজেই খেয়ে ফেলে... মেডিক্যাল সাইন্সে এই পদ্ধতিকে বলা হয় অটোফেজি,0,0,0,0,0,0
অথচ নিজের চোখকে সংযম না করিয়ে একটা ভাস্কর্য সরিয়ে ফেলাটাকে সংযম মনে করি,0,0,0,0,0,0
"হালারপুত দিলি তো বছরটারে খারাপ কইরা, তোর এই খোমা দেখার লগে লগে আমার মোবাইলটা হাত থাইকা মাটিতে পইড়া গেল, তুই একটা কুফা তোর উইশের কারণে না জানি আমার বছরটা খারাপই যায়। হালারপুত তুই এই উইশ করার আগে মরলি না কেন",1,0,0,0,0,1
কোনও কোম্পানি কি মাসে ২০ হাজার টাকা স্টাইপেন্ড দিয়ে হলেও এগিয়ে আসতে পারে না এই ছেলেটার জন্য?,0,0,0,0,0,0
"নডিরপুত গরমের মধ্যে োন পরছস?
ব্লেজার তোর ুটকি দিয়া ভরব শালা তাবিজ ফারুকের সতীন",1,0,0,0,0,1
ধীরে ধীরে পরনির্ভরশীল জাতিতে এক কথায় বাদাইম্মা জাতিতে পরিণত হয়েছি ।,0,0,0,0,1,1
নিশো ভাইয়ের বুকের বা পাশে নাটকটা দেখে চোখে পানি চলে এসেছিল অার অাজকে এই নাটকটা দেখে অাসলো অাসলেই নিশো ভাই অনেক বড় মাপের অভিনেতা তার দীর্ঘায়ু কামনা করছি ভাল থাকবেন ভাইয়া সবসময়,0,0,0,0,0,0
নিরুপমা শঙ্খ স্যার কে ভালবেসে ফেলেছে প্লিজ ওদের পথে বাঁধা হবেননা ওদের বিয়ে দিয়ে দেন,0,0,0,0,1,0
অত্যন্ত দুর্বল এমন কেউ সময় নষ্ট না বোধ করে কল করি । তোমার ভোদা বাঁচানোর জন্য সদা প্রস্তুত হও,1,0,0,0,0,0
তোর আল্লাহ যদি মানুষ সৃষ্টি করে তাহলে নুনু কাটতে হয় কেনো?? কাঠামোল্লা??,0,0,1,0,0,0
আর কোনও জনগণই চাইবে না তার ওয়ার্ডটা আইডিয়াল ওয়ার্ড না হোক... সুতরাং জনগণ থেকে সাপোর্ট অটোম্যাটিক আপনারা পাবেনই,0,0,0,0,0,0
তোরে জুতা পিডা দিয়া হোয়াইট হাউসের বুয়া বানাই দেয়া উচিত!,0,0,0,1,0,1
আন্তর্জাতিক মিডিয়ায় দেয়া বিভিন্ন সাক্ষাৎকারে জয় কেন বাংলাদেশ সেনাবাহিনীর সমালোচনা করে বিদ্রোহের জন্য সেনাবাহিনীকে দায়ী করলেন? এ প্রশ্নের উত্তর এখনো মিলেনি,0,1,0,0,0,0
"উনি মাটিতে বসে খেত না , উনি ডাইনিং টেবিল এ বসে খেত  কুকুরের পেটে ঘি পরলে যা হয় আর কি",0,0,0,0,0,1
তাবিজ পাড়ুইক্কা বাল পাকনা আরিপ্পার পাকনা বাল গুলা কেটে নিজের থুতনিতে সুপার গ্লু দিয়ে লাগিয়েছে পুরা ছাগলের মত দেখা যাচ্ছে,1,0,0,0,0,1
ভগবানের দুনিয়ায় অকৃতজ্ঞরাই ভিখাড়ী হয়ে যায় এটাই ভগবানের নিত্যনৈমিত্তিক কর্মপ্রক্রীয়া,0,1,0,0,0,0
এখানে যেহেতু সব আড্ডা ফুচকায় যেয়ে শেষ হয়... এদের ক্ষেত্রেও তেমন হোক,0,0,0,0,0,0
তর মায়রে চুদি মালাউনের বাচ্চা। বাংলাদেশ কি করবে আর কি করবে না সেটা তোরা বলার কে। তোদের কারনে বাংলাদেশ ধংশের দিকে যাচ্ছে,1,0,1,0,0,1
ওয়াও এক কথায় অসাধারণ নাটক ভাষায় প্রকাশ করা যাবে না নিশো ভাইয়া কি সব সময় রেকর্ড করা যাবে ধন্যবাদ মিজানুর রহমান আরিয়ান ভাইয়া কে এ ধরনের গল্পতে নিশো ভাইয়াকে নেওয়ার জন্য,0,0,0,0,0,0
"এবার প্রচন্ড বিরক্ত হয়ে মহিলা, ‘৪৩ বছর... অপারেশান থিয়েটার থেকে আমার মৃতদেহ বেরোলে বেরুক, কিন্তু এর থেকে আর একদিনও বেশী আমি বয়েস বাড়াব না’",0,0,0,0,0,0
ভালোবাসা মনে সবসময় কিছু পাওয়া নয় কখনো হেরে গিয়েও ভালোবাসা যায়,0,0,0,0,0,0
"যদি তোমার বেস্টফ্রেন্ড ও গার্লফ্রেন্ড একসাথে জলে ডুবে যায় তুমি কাকে বাঁচাবে? কাউকেই না, আমি জানতে চাই ওরা ওখানে কি করতে গেছে?",0,0,0,0,1,0
সালা কুকুরের বাচছাকে যে যেখানে পান।জুটা দিয়ে সবাই পিটান।,1,0,0,1,0,1
অনেক বেশি ভালো লাগলো নাটক টাশেষের কথা গুলা মন ছুঁয়ে যাওয়ার মতো,0,0,0,0,0,0
“কথা কমম... তোরে বিতর্ক প্রতিযোগিতায় নিচ্ছি না যে তুই কথা বেশী বলবি...তুই জাস্ট দাঁড়ায়ে থাকবি...তুই হইলি আমাদের সিক্রেট-ওয়েপন”,0,0,0,0,0,0
এমন কোন অকাজ কুকাজ নাই যা ভারতে হয় না। যেটা ওদের টিভি সিরিয়াল গুলোর কাহীনি দেখলে কিছু অনুমান হয়,0,1,0,0,0,0
কিরে তোর নাকের নিচে আমার ছেচে ফেলা বাল লাগাইছস ক্যা,0,1,0,0,0,0
শেষ টা অসাধারণ ছিল আর নাটকের মূল মেসেজ ছিল নামাজ,0,0,0,0,0,0
"মরলে বুঝবি পরকাল কি জিনিস,ইচ্ছা করে জুতা দিয়ে পিটাই তোর যে মুখ দিয়ে বলচোচ বিশ্বাস করোছনা সেটা ভেঙ্গে দিই,,,,,,,,,,,,,ডাস্টবিনে জন্ম",0,0,1,1,0,1
"নুসরাতের মা মনে হয় হিন্দুর সাতে ভালো একটা শট খেলছে,এই খেলার ফল এইটা",1,0,0,0,0,1
শুধুমাত্র থামার ইশারা না মানায় পাখির মত গুলি করে হত্যা এ কোন পিশাচের কবলে দেশ?,0,1,0,0,0,0
ইরফান আর তিসা যে খানে আছে নাটক তে ভালো হবেই,0,0,0,0,0,0
আহা নতুন নতুন পানি পেলে শ্রাবন্তীর মত মাছরা একটু মোটা হয়,1,0,0,0,0,1
নিশো ভাই গুড কামব্যাকভালো লাগছে অনেক দিন পর ভালো একটা কাজ উপহার পেলামআপনার কাছ থেকে চাহিদাটা সবার একটু বেশিতাই আশা করবো সংখ্যার উপর নজর না দিয়ে এই রকম মানের উপর দিবেন,0,0,0,0,0,0
দেশে যে কত রসিক সাংবাদিক আছেন তা এই পোস্ট দেখেই বুঝতে পেরেছি,0,0,0,0,1,0
"অনতিবিলম্বে এর জামাইকে চাকরি থেকে বরখাস্ত করা হোক , আর এদের সবাইকে আইনের আওতায় আনা হোক",0,0,0,1,0,0
এক কথায় অসাধারণ অধিকাংশ লেখক যেখানে দুইজনের প্রেমের কাহিনী নিয়ে নাটক নির্মাণ করছেন বৃন্দাবন দাস সেখানে একদমই ব্যতিক্রম এরকম পারিবারিক নাটক খুব বেশি প্রয়োজন,0,0,0,0,0,0
চুরি বাটপারি করে তো খাচ্ছে না হালাল ইনকাম করে খাচ্ছে ।,0,0,0,0,1,0
"... এদের মধ্যে, আমাদের আশেপাশেরই কয়জনের কোরবানি কবুল হয়েছে আই ডাউট",0,0,0,0,0,0
"মুসলমান নামধারী যেসব কুলাঙ্গার শ্যামল কান্তি ভক্তের অনুকরণে রাস্তায় কান ধরে দাঁড়িয়েছিল, এবারতো নাসিমের পায়ে শ্যামল কান্তির মত কুর্নিশ করতে হবে",0,1,0,0,0,0
অসাধারণ অসাধারণ অসাধারণ নিশো আর মেহজাবীন এর অভিনয় টা সব সময় নিখুঁত নিমে জুটির মত এত নিখুঁত অভিনয় করতে আর কোনো জুটিকে দেখিনি,0,0,0,0,0,0
হঠাৎ গর্ত থিকা বের হওনের মাজেজা কি? টাকায় টান পড়ছে নি?,0,0,0,0,0,0
ঢাকা দেখে বাঁইচা গেছ দিনাজপুর আসলে কেস করার টাইম পাইতা না । সুখসাগরে হারায় দিতাম তোমারে,0,0,0,0,1,0
সারাদিন সেখানে হলুদের অনুষ্ঠান চলবে…  গায়ে হলুদের অনুষ্ঠানের নতুন ট্রেন্ড এটা...  দুপুর ১২ টা থেকে শুরু... সারা দিন চলবে,0,0,0,0,0,0
ইলিয়াস কাঞ্চনের মতো এত কেয়ারফুল বফ কই পাওয়া যাবে ফ্রান্স ?,0,0,0,0,1,0
কি দিলি ভাই!!!১ মাস ধরে অপেক্ষা করাইয়া বদনার সাথে পানি উপহার দিলি,0,0,0,0,1,0
"খেতে বসলাম... একটু পরে দেখি আমার ছোট মেয়ে স্টেইজে যেয়ে, জামাই যে চেয়ারে বসে আছে, সেই চেয়ারের পিছন দিয়ে যেয়ে তার পায়ের একটা জুতা খুলে নিয়ে এসেছে",0,0,0,0,0,0
"তোদের ভগবান কত জন?তোদের সৃষ্টিকর্তা কে?কৃশ্ন, মহাদেব, মা দূর্গা, কার্তিক, গণেশ, নাকি হনুমান?",0,0,1,0,0,0
যারা কমেন্ট করছেন দয়া করে বানান ঠিক রাখুন উত্তেজিত অবস্থায় দ্রুত কমেন্ট করতে গিয়ে বানান ভুল করবেন না আমরা যারা কমেন্ট পড়তে আসি আমাদের পড়তে বেশ অসুবিধা হয় ।,0,0,0,0,1,0
আর এতোদিন যারা ভারতবর্ষে শাসন করছিলেন তারা সবাই ক্ষমতা ও দুরনিতী করে কালো টাকার পাহাড় করেছে আজ এরাই যখন বিপদে পরেছে সত্যর ও কঠিন বাস্তবতারা সামনে তখন এই অমানুষ গুলি বেচে নিয়েছে হত দরিদ্র মানুষদের,0,1,0,0,0,0
ইভানা অাপু অসাধারন অভিনয় করছে অাপু তোমার জন্য শুভ কামনা রইলো তুমি অারো ভালো ভালো নাটক অামাদের উপহার দেও অাই লাভ ইউ অাপু অার রিয়াজ ভাইয়া অল টাইম লাভ ইউ,0,0,0,0,0,0
তার সাথে যে অন্যায় করা হয়েছে এই বিষয়ে কিছু বললেন না যে!,0,0,0,1,0,0
চট্টগ্রামের প্রাণকেন্দ্র আগ্রাবাদে দেশদ্রোহী দালাল পত্রিকা প্রথম আলো পুড়িয়ে ক্ষোভ প্রকাশ,0,1,0,0,0,0
"মাইয়ারে পাইলে দুধ এর উপর ঘুম যাইতাম, আহা সেই মাল,",1,0,0,0,0,0
৫৩ মিনিটে জীবনের প্রতিটি মুহুর্ত চোখের সামনে দিয়ে চলে গেল ভয় পেয়ে গেলাম কিভাবে কি হবে প্রিয় মানুষটা যদি চলে যায় অসাধারন ছিল নাটকটা,0,0,0,0,0,0
"শিখ-খৃষ্টান-ফিরিঙ্গি-রাজাকার নিয়ে টইটুম্বুর, কাক্কুর পরিবারের এই দুর্দশা",0,1,0,0,0,0
যারা জাকির নায়ক বিরোধী তারা সত্যি মুসলিম হতেই পারে না,0,0,1,0,0,0
নিশো ভাই আপনার নাটক আমি দেখিনাই আমার জানা মতে আর নাই ইউটুবে বেস্ট জুটি তানজিন তিশা আরফিন নিশো,0,0,0,0,0,0
অবুঝ দিনের গল্প এর মতো আরো নাটক দেখতে চাই নাটকটা অনেক সুন্দর হয়েছে,0,0,0,0,0,0
খালেদা জিয়াকে গে্ফতার করলে দেশে গৃহ যুধধে পরিনত হবে তখন সরকার পালানোর সুযোগ পাবেনা।,0,1,0,0,0,0
গাঞ্জা খাইছে হালা ভারতের যা আছে সব দিয়াও চাদে যাওয়া সম্ভব না।এভাবে যাওয়া যাবে না।,0,0,0,0,1,0
খোভ ভাল লাগল নাটক প্রথম পাট দেখছি আর দ্বিতয় পাট আসায় আর ভাল লাগল,0,0,0,0,0,0
এই রকম বউ বার তালাক দিয়ে দিতাম বইনের জন্য এই রকম আচোদা ভাই থাকা থেকে না থাকা ভালো,0,0,0,0,0,0
"এই কোডটি লিখলে সাথে সাথে চলে আসবে, ভূতের বাচ্চা জাফর ইকবাল",0,0,0,0,1,1
ভাই ওর প্রফাইলে শুয়োরের ছবি অতয়েব শুয়োরের সাথে কোনও তর্ক করে লাভ নেই। আমরা আমাদের কাজে মনদেই।,0,0,0,0,0,1
"আল্লাহর হুকুম ছাড়া আমার ধোন খাড়া হয়না, আবার হাত ও মারি আল্লাহর হুকুমেই।",1,0,1,0,0,0
খুভ ভাল লাগলো নাটকটি দেখে ধন্যবাদ এমন একটি নাটক উপহার দেওয়ার জন্য,0,0,0,0,0,0
তুই কই থেকে এসেছ সেটা কি জানিস?সেটাকি দেখেশিস?তাহলে তর মা&বাপের বিয়ের বড়যাত্রা তুই এটেন্ড করেছিলে?যেমন গাছ তেমন ফল?এইগুলিরে জুতা পিটা করা উচিত?,0,0,0,1,0,1
এটাই স্বাভাবিক ভাবেই প্রশ্ন আমরা যারা এই ভালো কাজটিকরতে পারি শুধু মাত্র একটু সাপোর্ট,0,0,0,0,0,0
যদি বাস্তব জীবনে এমন টা ঘটতো প্রতিটা সম্পর্কে কতইনা ভালো হতো,0,0,0,0,0,0
গতকাল কুড়িল রেল ক্রসিং এ এরকমই এক বাদল মিয়ার গল্প যেন আমরা ভুলে না যাই,0,0,0,0,0,0
পৃথিবীতে ভাল বাসা ছাড়া মানুষ বাঁচতে পারে না তবে ভাল বাসা হোক সালিন ও সুন্দর আসেন আমরা সবাই মা কে আর দেশটাকে ভাল বাসি আমার সোনার বাংলা আমি তোমায় ভাল বাসি বাংলাদেশ জিন্দাবাদ,0,0,0,0,0,0
অনেক সুন্দর এবং অতি বাস্তবিক একটি স্ক্রিপ্ট বাংলা চলচ্চিত্রে না পারি অন্তত বাংলাদেশী হিসেবে নিজের দেশের নাটক গুলি নিয়ে সত্যিই অনেক গর্ববোধ করে বলতে পারিসিনেমা হল গুলোতে মুভি না চালিয়ে নাটক চালানো দরকার,0,0,0,0,0,0
তথ্য মন্ত্রী ইনু টেলিভিশন থেকে ইসলামী অনুষ্ঠান বন্ধ করার জন্যই ফারুকীকে হত্যা করেছে এর প্রমাণ টেলিভিশনের সাত উপস্থাপকের বিরুদ্ধে মামলা,0,0,1,0,0,0
মাশাআল্লাহ। রেফারেন্স দিতে না পারলেও লজিক দিয়ে দারুন বাশ দিলেন নাস্তিক আসিফকে।,0,0,1,0,0,0
স্যাটেলাইট আকাশে না দিয়া তোর পাছায় ঢুকাই দেয়া উচিত ছিলো!,1,0,0,1,0,1
"মানুষ ধনী হতে পারে কিন্তু বনেদি হতে পারে নাধনী, টাকা খ্যাতি দিয়ে হওয়া যায় বনেদিয়ানা জন্মগত গুনতাই রানু মন্ডল কে সিরিয়াসলি নেওয়ার কোনো দরকার নেই",0,1,0,0,0,0
তোমার নাটক আজ থেকেই শেষ ।।।রমজান মাসে তোমার নাটক আর ইসলাম নিয়ে কোনো অনুষ্ঠান দেখলেই জুতা মারমু,0,0,1,1,0,1
৮০০ ওরাই আসল বেয়াদবএরকম একটা স্টোরি তে কিভাবে দেয় নিশোতানজিলাআর মটু ভাইয়ের অভিনয় একদম পারফেক্ট ছিলোআর বান্নাহ ভাইয়ের পরিচালনাও ঠিকঠাক ছিলোএককথায় অসাধারণ,0,0,0,0,0,0
আফরান নিশো মানেই অসাধারণ কিছু বিশেষ করে নামাজের ব্যাপারটা খুবই ভালো ছিলো আল্লাহ তায়ালা সবাইকে নামাজ পড়ার তৌফিক দান করুক,0,0,0,0,0,0
এই নাটকের আরও কয়েকটা পর্ব হলে অনেক ভালো হয়অপেক্ষা করার মতই একটা নাটকস্টোরিকাস্টপ্লটস্ক্রিপ্ট সবগুলাই অসাধারাণ,0,0,0,0,0,0
১ টা রুম ২ টা মানুষ হাজারো স্বপ্ন এভাবেই একদিন চুলে পাক ধরে বয়স বাড়ে পরে থাকে শুধু স্মৃতি একসময় তাও মুছে যায় খুব সুন্দর উপস্থাপন,0,0,0,0,0,0
তুই কোন ভালো মানুষের বাচ্চা যে তুই অন্যের কাজ নিয়া সমালোচনা করিস।,0,1,0,0,0,0
১৯৭১ সালে যেমনিভাবে বাংলার মানুষের উপর ঝাপিয়ে পড়েছিল পাকিস্তানি হানাদার রা তেমনি ভাবে স্বেরাচার গোপালি পুলিশ এখন হানাদারের ভূমিকায়,0,1,0,0,0,0
আপনার নাটক গুলো দেখলেই এমনিতেই ইমোশনাল হয়ে পড়ি অসাধারণ অসাধারণ অসাধারণ মিজানুর রহমান ভাই আপনাকে অসংখ্য ধন্যবাদ সুন্দর সুন্দর নাটক উপহার দেওয়ার জন্য,0,0,0,0,0,0
"মাশাআল্লাহ, আল্লাহ আপনাকে ও আপনার পরিবারের উত্তম ও নেক হায়াত দান করুন, আমিন।",0,0,0,0,0,0
মালাউনদের দেখলেই চিনা যায় এই দেশে এরা খুব বাড়াবাড়ি করছে তোদের যে কি দশা হবে তা তোদের কালি বাবাও জানে না অপেক্ষা কর,0,0,1,0,0,0
অনেক বার দেখার পরেও আজকে আবার দেখলাম জানি না আরো কতবার দেখি আসলে এটা তো বারবার দেখার মত একটা নাটক,0,0,0,0,0,0
অদ্ভুত ভালো লাগা নাটকটা খুব ভালো হয়েছে সুন্দর নাটক বানানোর জন্য পরিচালকরে ধন্যবাদ,0,0,0,0,0,0
এক কথায় জবাব নাইআর অন্য নাটকের চেয়ে অন্যতম কারন নামাযী টা অনেক ভাল লাগ লো,0,0,0,0,0,0
তোর মত নাস্তিককে বাংলার জমিন থেকে জুতা মেরে বের করে দেওয়া জবে।,0,0,1,1,0,0
চাচা এখন সুস্থ...অফিসও করেন রেগুলার...প্রচণ্ড সজাগ হয়ে গেছেন তিনি,0,0,0,0,0,0
মাদারির বাচ্চা এখানে বল তিনটা দেখছি কিনু! হালার পু আজ যদি ব্রাজিল হারে তাইলে তুর হুগায় ব্রাজিলিয়ান ইয়ে ঢুকাবো কইয়ে দিলাম!,1,0,0,0,0,1
ভাই এইটাই ভালে জীবন সব সময় আল্লাহ কে মনে রাখা শামনে আরে আশা করি এরকম ভালে নাটক পাবে,0,0,0,0,0,0
"সকাল বেলা ঘুম থেকে উঠে মনে হচ্ছিল কুতুবমিনার এর সামনে দাড়িয়ে আছি, আসলে সেটা আমার নিজেরই সোনা দাড়িয়ে ছিল",1,0,0,0,1,0
তরমুজ ব্যবসায়ী আর চামড়া ব্যবসায়ীরাই দ্রুত কাঁচা পয়সা উপার্জন করতে পারে ।,0,0,0,0,1,0
আচ্ছা ফ্রেন্ড বলার সময়ে মিথী আপু ওইটা কী হাসি দিয়ে গেলো,0,0,0,0,0,0
“আরে ভাই তোর কাজ কর্মেই তো দেখা যাবে তুই অমানুষ না”,0,0,0,0,0,0
টি টুয়েন্টি তে কেমনে টেস্ট খেলতে হয় দেখিয়ে দিয়া আসো ।,0,0,0,0,1,0
আই লাভ ইঊ অপূর্ব নিশ্চয় পাশের মানুষ গুলো আমার কথা শুনে হাসছে বলছে ছেলে হয়ে ছেলেকে কিভাবে ভাইয়ারা আমি অপূর্বকে বড় ভাই হিসেবে ভালবাসি অসাধারণ অপূর্ব,0,0,0,0,0,0
অসাধারণ সুন্দর বাস্তবধর্মী একটি গল্প কাজী আরেফিন ওমি ভাইকে ধন্যবাদ এমন একটি সুন্দর নাটক দর্শকদেরকে উপহার দেয়ার জন্য,0,0,0,0,0,0
কাহিনীটা ভালো তবে অতি সংক্ষিপ্ত কিন্তু স্বীকার করতেই হবে তানজিন তিশার অভিনয় ছিলো অনবদ্য এরজন্য উনার পুরষ্কার পাওয়া উচিত,0,0,0,0,0,0
পাগলির বিটি পাগলি হয় ওকে মেরে রাস্তায় নামিয়ে দাও হারামজাদি,0,0,0,0,0,1
ভাল হইছে কিন্তু ভালবাসা যখন বউর দিকে আসে তখন নাটক শেষ হয় যায়,0,0,0,0,0,0
এক একটা স্টোরি দিয়ে ৫/৬ মিনিটের একটা করে এনিমেশান বানানো হোক... ছোট্ট এবং সিম্পল একটা মরাল থাকবে সেটায়,0,0,0,0,0,0
ধন্যবাদআরিয়ান ভাইঅনেক অনেক ভাল লেগেছে টেলিফিল্মটানিশোমেহজাবিনের অভিনয়ও ভাল হয়েছেতবেপ্রথমদিকে নিশোর অতিরিক্ত ধূমপান করাটা রিবক্ত লেগেছেহয়তো ব্যক্তিগত ভাবে ধূমপান পচন্দ করি না বলেইএমনটা মনে হয়েছে,0,0,0,0,0,0
চিনের সাথে মনে হয় কোন দেশের সীমান্ত নেই হ্যা ভারত ই বোঝায় তার দেশের সীমান্তে প্রতিবেশি আছে,0,1,0,0,0,0
এটা বি এ পি দালাল চ্যানেল। তাহের বেচে তাকলে খুনি জিয়ার ফাসিঁ।হত এজন্য ভুল তত্য দিচ্ছে,0,1,0,0,0,0
আর বাংলাদেশে কতো কোটি ভারতের মালাউন থাকে সেই কথা লিখলেন না যে,0,0,1,0,0,0
বিশ্বব্যাপী মুসলিমদের বিরুদ্ধে ষড়যন্ত্রের একটি অংশ। আনাড়ি যুক্তির উপর ভিত্তি করে ভারত ইসলাম প্রচার ব্যাহত করেছে।,0,0,1,0,0,0
আমাদের অফিসে একটা ছেলে আছে... তাকে আমরা সবাই ট্রাবল-শুটার ডাকি,0,0,0,0,0,0
আপনাদের অসংখ্য ভালোবাসার জন্য আজ আমাদের এত দূর পথ চলতে পারা ভবিষ্যতে ঠিক এই ভাবে পাশে থাকবেন আসা করি আপনাদের জন্যই আজ আমি নিশো,0,0,0,0,0,0
আফরান নিশো ও তানজিল তিশা আপুর অভিনয় ভাল লেগেছে গল্পটা অনেক ভাল লাগলো,0,0,0,0,0,0
অনেক সময় খবরের কাগজে দেখি ভারতে চোরাই তেল পাচার হয় আর এখন দেখি ভারত থেকে তেল আমদানি করা হবে এখন কার বিশ্বাস করব।।,0,0,0,0,1,0
নিশু ভাই এবং মেহজাবিন আপুকেমনে পারলেন আমাকে কাঁদাতেনিশু ভাইমেহজাবিন আপুআপনাদের কাছে একটাই রিকুয়েস্ট কখনো আপনাদের উপর যেন খারাফ ধারনা না আসে এগিয়ে যান আর আমি কাঁদতেই থাকি,0,0,0,0,0,0
বিশ্বের অষ্টম জনবসতির দেশ হয়েও বাংলাদেশ নিজে একটা আলপিনও বানাতে পারেনা এরা পণ্য ভারত থেকে আমদানি করে। এছাড়া ভারতের টিভি চ্যানেল বাংলা হিন্দি গান ও সিনেমা ওখানে সবথেকে বেশী চলে।আমাদের ভারত,0,1,0,0,0,0
বৌদির দুধ দেকে তো আমার ই চোখ ঠিক ছিলো না - পোলাপান এর চোখ কিভাবে ঠিক থাকবে!,1,0,0,0,0,0
আমার দেখা নাটকের মধ্যে বেষ্ট একটা নাটক ওই বুড়ি সেই লাগছে,0,0,0,0,0,0
তোমার মত জামাতি মুসলিম দের দোয়া প্রয়োজন নাই। তোদের অন্তরে কালো দাগ কারন তোরা পাকি ও রাজাকার দের রক্তো তোদের শরিরে মেসান। তোদের রাজাকার বাপদের থেকে ফরিদউদ্দিন মুসুদ গুন ভলি কারন তিনি একজন মুক্তিযুদ্ধা ও অা লেম।,0,1,0,0,0,0
"পদ্মা সেতুর উন্নয়নের ক্রেডিট নিবে আওয়ামীলীগ, তরিকুল ইসলামের ভাঙ্গা পায়ের ক্রেডিট কে নিবে?",0,1,0,0,0,0
কন্সেপ্ট টা খুব সুন্দর কিন্তু বার বার সময় টা একটু কেমন বেমানান লাগছিলোখুব সুন্দর,0,0,0,0,0,0
অসাধারণ টেলিফ্লিম খুব সুন্দর জুটি এই জুটির আরো নাটক টেলিফ্লিম চাই,0,0,0,0,0,0
আশা করি অফিস টাইমে কোথা থেকে বাচ্চা মাগী ধরে এনে ইন্টারভিউ নিবেন,1,0,0,0,0,0
"আর আমরা বলি, “বাহ লোকটা মেচিউরড” ... হইলো কিছু? মিলল কিছু??",0,0,0,0,0,0
তুই কোন মাগির বাচছা রে গরুর মল ও মুত খ্যাক্যা মালাউন যদি কুরআনের একটি বর্ণ ভুল পাস তাহলে মনে কর তুই মালাউন,1,0,1,0,0,1
শালা বরলোকের দালালি করিস কেন?  আজকে যদি তর বাপ মায়রে গাড়ি চাপা দিয়া মার তো তুই মনে হয় খুশি হইয়া এমপিরে বাপ বাপ কইয়া ডাকতি।,0,0,0,0,0,1
এটা ভারতে হলে কালী বা দেবী বলে র্নিঘাত পুজা শুরু করে দিতো,0,0,1,0,1,0
রোমান্টিক নাটক অনেকেই নির্মাণ করেন কিন্তু আরিয়ান ভাইয়ের নাটক সবার থেকে আলাদা ধন্যবাদ মিজানুর রহমান আরিয়ান ভাই ও এন টিভিকে এরকম সুন্দর নাটকের জন্য বাংলাদেশের নাটক বেস্ট,0,0,0,0,0,0
এই পল্লীতে এরকম রেট করতে লজ্জা করে না তোর আর বলছিস পরিবেশ দেখতে এসেছিস,0,0,0,0,0,1
নিঃস্বার্থ ভালোবাসা গুলো এমনিই হয় হাজার বার চাইলেও তাকে ছাড়া থাকা অসম্ভব নিজের সাথে পুরোপুরি মিল পেলাম,0,0,0,0,0,0
"তুই যদি আমার হইতি, আমি হইতাম তোর না বানাইতাম যদ্ধাপরাধী, না বানাইতাম চোর",0,0,0,0,1,0
অসাধারণ নাটক চোখের কোনে কখন যে জল চলে এসেছেবুঝতে পারি নাইঅনেক ইমোশনাল হয়ে গেলাম,0,0,0,0,0,0
ওই কুকুরের বাচ্চা মেয়ে দেখলে দন খারা হয়ে যাই নাকি সালার,1,0,0,0,0,1
"আজকেও নাকি হয়... শুনলাম লেখা প্রিন্ট করে, তারপর কেঁচি দিয়ে কেটে কেটে আঠা দিয়ে নাকি লাগায়",0,0,0,0,0,0
"বাইঞ্চুদ তুই রেডি থাক, ইফতারের পর বুঝবি ঠেলা কারে কয়",1,0,0,1,0,1
এই শালা মজিব খুনি তুই খালদা জিয়াকে গনতন্ত্রের লাইসেন্স দেবার কে। তুই শালা তো খালেদা জিয়ার একটি পশমের সমান হতে পারছিস নি।,0,1,0,0,0,0
সত্যি বলতেকি নামাজের অধ্যায় টা সবচাইতে ভালো ছিলো পরিচালক ভাইকে ধন্যবাদ,0,0,0,0,0,0
"প্রাউড টু বি এ বাংলাদেশী; প্রাউট টু বি এ ন্যাশান হু লিটারিলি হেজ  সুপারহিরোজ, হু প্র্যাক্টিক্যালি সেইভস লাইফ",0,0,0,0,0,0
জীবনে অনেক কিছু চাওয়ার থাকে কিন্তু সব কিছু পাওয়া যায় না আর যা কিছু পাওয়া যায় তার মাঝেই না পাওয়ার কষ্ট টাকে আড়াল করে নিতে হয়,0,0,0,0,0,0
এই নাটকের সাথে জরিত সকলকেই অনেক অনেক ধন্যবাদ নিশো ভাইয়া এবং মেহজাবিন আপু মানেই অন্যরকম আকর্ষণ কাজ করে সামনে আরও অনেক কিছু উপহার দিবেন আশা করি,0,0,0,0,0,0
"মাদারচোদ, পাঞ্জাবীটা ইস্ত্রী করার মত সময় ছিলনা তোর? 
জংগল একটা",1,0,0,0,0,1
খানকির পোলা তোর মার ভোদা কাইটা শকুনরে খাওয়ামু । আর ভোদার ভিতর মরিচের ফাকি লাগামু ।,1,0,0,0,0,1
তোমার বাল আমার বাল।আর কিছু কমু না।আবাল শালা,0,0,0,0,1,1
অসাধারণ নাটক অপূর্ব ভাই মন ভরে গেলো ধন্যবাদ পরিচালক কে,0,0,0,0,0,0
অসাধারণ নাটক আমার দেখা নাটকের মধ্যে অন্যতম সেরা একটি নাটক,0,0,0,0,0,0
রিয়াজ দাদা আসলে জিনিয়াস আমি কলকাতায় বসে রিয়াজ দাদার নাটক মুভি দেখি রিয়াজ দাদার চরিত্রে বাস্তব সময়ের বাস্তব সময়গুলো ফুটে ওঠে যা দেখে মানুষ তাদের ভুল গুলো সংশোধন করতে পারে,0,0,0,0,0,0
যেইসব শুয়োর ঈদ এর দিন রেপ তাদের আবার আলাহ এর ঈদ এদের আল্লাহ এ ধর্ষক,0,0,1,0,0,0
কয়েকদিন আগে দেশের বাইরে এক সেমিনারে আমি বললাম “জানেন বাংলাদেশ এমন একটা দেশ যে দেশে কোনও মই নেই”,0,0,0,0,0,0
পুটকির বাচ্চা তর এই দোচন মার্কা থোবড়া দেইখা প্ল্যান কেনসেল করতে হইলো!!,1,0,0,0,0,1
চেষ্টা করেছি আপনাদেরকে আনন্দ দেয়ার জন্য এতদিন যেভাবে সাপোর্ট দিয়ে আসছেন আমি সত্যি মুগ্ধ আপনাদের সুবিধার্থে চ্যানেলটি খুলেছি সাবস্ক্রাইব করে রাখুন সব ধরনের নাটকের আপডেটের জন্য আ খ ম হাসান,0,0,0,0,0,0
এবং এই ঘিলু জিনিসটা কোনোদিনই পুঁথিগত বিদ্যা এনে দিতে পারে না,0,0,0,0,0,0
"হানকির পোয়া সোদানীর পোয়া,চুতমারানি, বাইনচোদ,সাওয়ারপুত, খানকি,মাগী,সোদানী,,,তোরে কিত্তে মন চার নিজেও ন জানি?সোদানীর পুয়া তুর নাম আরিফ হোন মাগীর পুয়া দিয়িল দে ও সোদানীর পুয়া",1,0,0,0,0,1
অসাধারণ একটি নাটক পরিচালকে অনেক ধন্যবাদ এতো সুন্দর একটি নাটক উপহার দেয়ার জন্য,0,0,0,0,0,0
এ এসে এই নাটকটি দেখলাম খুব ভালো লাগলোঅসাধারণ একটি নাটক,0,0,0,0,0,0
আপনাদের ধর্মে রেপ করা তো দূরের কথা মেয়েদের দিকে তাকানো হারাম,0,0,0,0,1,0
ভাই তুমি সেই বাইঞ্চোদ না? যে মেয়েদের মাসিক নিয়ে পোস্ট দিয়ে মেয়েদের চ্যাট লিস্টে ঢুকে ঐ মেয়ের মাসিক নয় মাসের জন্য বন্ধ করে দাও,1,0,0,0,0,1
আমি মনে করি স্বাস্থ্যমন্ত্রী এর সাথে জড়িত ওনাকে ও আইনের আওতায় এনে কঠিন শাস্তি দেওয়া হোক,0,1,0,0,0,0
সত্যি নাটকটা খুব উপভোগ করলামঅবশেষে দু চোখের পানি ফেলে একটু কাদলাম অতীতের কথা মনে করে সত্যিই অসাধারণ,0,0,0,0,0,0
পজিশন টা কষ্টকাঠিন্যের রুগি ...যেন শক্ত হাগা বের কারর জোর চেষ্টা....তিনি মাগি পন্ডিত একাধারে অষ্টধাতু বাতের আংটি পান্ডার তেল ..প্যামপাস প্যাড সেরেনার এ্যাড,1,0,0,0,0,1
ভন্ডু তুমার হোগার ভাড়ার মধ্যে এটলাস ছাতার চোখখা মাথাডা ডুকাইয়া দিমু,1,0,0,0,0,1
চোরের সাথে চোরের পিরিত হয় এককথায় বলতে পারেন চোরে-চোরে মাসতুতো ভাই,0,0,0,0,1,0
সম্পূর্ণ টিমকে অনেক অনেক ধন্যবাদ এত সুন্দর একটা নাটক উপহার দেওয়ার জন্য,0,0,0,0,0,0
"বাংলাদেশ একটি ৫৪ হাজার বর্গমাইলের কারাগার, বাকশালীদের কারণে দেশের স্বাধীনতা বলতে কিছু নাই",0,0,0,0,1,0
যে দেশে প্রথম আলোর মত কিছু পত্রিকা আছে যে পত্রিকা বাংলাদেশের কোন ব্যাটসম্যান একটু ভাল করলেই তাদের প্রসাংসায় আকাশে তুলে দেয় !,0,0,0,0,1,0
চার টা বৌ করার অনুমতি নাই। অনুমোদন আছে। প্রয়োজন সাপেক্ষে। চার বৌ করলে দোষ আর দশটা মাইয়ার কাছে রাত কাটালে দোষ না।,1,0,0,0,0,0
এতদিনে বুঝলে ভারত তোমাদের কুরে কুরে খাচ্ছে। এখনও সময় আছে দেশ জাতিকে বাঁচাতে রামপাল প্রকল্প বন্ধে সরকারকে বাধ্য করতে রামপাল বিরোধী আন্দোলনে সরব হও,0,1,0,0,0,0
"কসাই সেলিমের দাবি, এবার আন্দোলন চালালে ব্যাংক - সর্বস্ব কাটা হবে",0,0,0,1,0,0
৫১ তম দিন থেকে আপনি চাইলেও এই সুঅভ্যাসটা ত্যাগ করতে পারবেন না,0,0,0,0,0,0
একটা মানুষকে টাকা পয়সা দিয়ে দেখুন তার ভিতরে লুকিয়ে থাকা অমানুষিগতা বেরিয়ে আসবে এটা তার প্রমাণ,0,1,0,0,0,0
এই শালিরে মুদির সাথে বিয়ে দিয়ে ভারত পাঠিয়ে দাও তাহলে আর ও কাছ থেকে অনেক ভাল করে শোক দিবস পালন করতে পারব।,0,1,0,0,0,0
ছাত্রলীগের ছেলেরা কতটা বেয়াদব ও হিংস্র তা এখানে প্রতিও মান ।,0,1,0,0,0,0
জীবন এর প্রথম এই একটা নাটকে কমেন্ট করলাম অস্তির একটা নাটক হইছে অনেক অনেক ভালো লাগছে,0,0,0,0,0,0
রবীন্দ্রনাথ ধর্ষক মুহম্মদের মত ৫৩ বছর বয়সে একটা ৬ বছরের বাচ্চার সাথে মুফাখেতা (দুই পায়ের মাঝে জননাঙ্গ ঘষা) করেন নাই।,0,0,1,0,0,0
এই নাটক টা খুব খুব ভাল লাগলো তবে অনেক অতীত কথা গুলো মনে পরে গেল,0,0,0,0,0,0
ভারতের ট্রেন সার্ভিস যেন ভারতীয় নাগরিকদের মৃত্যুফাদ হয়ে ওঠেছে কিছুদিন পর পরই দুর্ঘটনার খবর পাওয়া যায়।,0,1,0,0,0,0
"ঐ যে লিফটের গেট ঘেসে দাঁড়িয়ে থাকা সবাইকে বিরক্ত হয়ে সাইড দিচ্ছে যে ৩/৪ জন, তারা শিওর টপ ফ্লোরে নামবেন",0,0,0,0,0,0
তোমরা ধর্ম নিয়ে এগুলো কি ফাইসলামি শুরু করছ। মানুষ যে ধর্ম নিয়ে জন্মায় তাহাই ধর্ম!,0,0,1,0,0,0
"আমি আর লেক্সাস গাড়িতে বসে ছিলাম... সেও আমার দিকে তাকিয়ে আছে, আমিও তার দিকে",0,0,0,0,0,0
নাটকটা দেখে খুব ই ভাল লাগলো মিজানুর রহমান আরিয়ান ভাই এর ভক্ত হয়ে গেলাম ধন্যবাদ আপনাকে এত সুন্দর একটা গল্প উপহার দেয়ার জন্য,0,0,0,0,0,0
কুত্তার বাচ্চারা কুত্তালীগের দালালরা বলে দেশে না কী উন্নয়নের জুয়ার বইতেছে এগুলার নাম কি উন্নয়ন,0,1,0,0,0,0
কাজী ফজলুল হক যে রাজাকার বলবে আপনার কলিজা টেনে ছিড়ে ফেলবো আমরা,0,0,0,1,0,0
জিয়াউল হক পলাশ ভাই কাবিলা তোমার নাটক গুলা সেরা ভাই,0,0,0,0,0,0
জীবনে দেখা সব চেয়ে ভাল নাটক পরিচালককে অসংখ্য ধন্যবাদ এত সুন্দর নাটক উপহার দেবার জন্য আশা করছি এরকম আরো নাটক উপহার দেবার,0,0,0,0,0,0
"আমার চোখে, পদক তো এরা আগে থেকেই পেয়ে আছে ...মাল্টিকালচারাল এই স্পোর্টস-ডে তে দেশের পতাকা নিয়ে দাঁড়িয়ে থাকার কলিজাটা, দেখাতে পেরে",0,0,0,0,0,0
সালাউদ্দীউন কাদের চৌদূরীর মতো নেতা বার বার দরকার খুনী একদিন বিচারের মুখুমুখি হবে।,0,1,0,0,0,0
সত্যি কথা এভাবেই মুখ ফসকে বেরিয়ে আসে । তবে এখানে হাত ফসকে বেরিয়ে গেছে ।,0,0,0,0,1,0
নাটোক টা দেখে আমি ভাষা হারিয় ফেলেছি শেষ জীবনে কাছের মানুষ না থাকলে এমোন টাই হয় খুব ভালো লাগলো দেখে চোখে জল চোলে আসলো,0,0,0,0,0,0
ভারতীয়টাকে গুলি করে মেরে ফেলা উচিত কারন ওরা বাংলাদেশী কাউকে পেলেই মেরে ফেলে।ওদেরকে পেলেও মেরে ফেলা উচিত।,0,0,0,1,0,0
দাদাবাবু ঠিকই জানে কিভাবে মিথিলারে কোন গিয়ারে কুত্তা বিলাই দিয়ে লাগাইতে হবে--লাগিয়েই ব্যবসার প্রসার,1,0,0,0,0,1
রিয়াজ ও নাভানা জুটি কে ভিসন মানিয়েছে তাই এ জুটি কে আরও বেশি বেশি নাটক এবং সিনেমায় দেখতে চাই,0,0,0,0,0,0
খালেদ ভাই ছাত্রলীগের একতরফা রাজনীতির সাথে ভিপি নুরের একা পেরে উঠা সম্ভব না,0,0,0,0,0,0
তোমরা তো কোরানের পোদ মেরে মেরে মধু বের করে দিলে..,1,0,1,0,0,1
নাটক টা ভালো কিন্তু নাটকের কথা গুলো আরো ভালো হওয়া দরকার,0,0,0,0,0,0
ঐ খানকি মাগী এখন কোথায় বা কোন জেলে আছে জানলে এক বার মুখে মুতে দিয়ে আসতাম,1,0,0,0,0,1
এখন বুঝতে পারছেন আপনার দাদারা পাকিস্তানীদের সাথে পারবেনা। এই জন্য আপনি বলেন যুদ্ধ চায় না। যদি না চান তাহলে কেন আপনি ভারতের পক্ষ নিয়ে ছিলেন।,0,1,0,0,1,0
তাকে আমরা কেউ কড়া ধমক দিতে যাব এমন সময় চাচা আবার ফোন দিলেন...“তোমরা রওনা দিসো”,0,0,0,0,0,0
ভারতকে যা দিয়েছি সারা জীবন মনে রাখবে-শেখ হাসিনা বাংলাদেশের সাধারণ জনগণও ভুলবেনা,0,0,0,0,0,0
"এই আমরাই এখন বলি, হোয়াট এ স্টার্ট আপ...  পৃথিবীর ৫৭০ টা শহরে এই কনসেপ্ট এখন হট কেক",0,0,0,0,0,0
হায়রে ইসলামের দুশমন ভারতের দালাল।তোরা কেন হয়ে গেলি এতো বেশামাল।যেই লোকটার বিরুদ্ধে যুদ্ধ অপরাধের য ছিলনা দায়িত্ব নেওয়ার পর হয়ে গেল যুদ্ধ অপরাধী তোরা দালালি বন্ধ কর নইলে একদিন তোদেরকে এর প্রতিদান পেতেই হবে।,0,1,0,0,0,0
গুদমারানির ঝি কে ফেরে রানাঘাটের স্টেশনে শুকনো করতে দিতে হবে খানকির এত অহংকার আগে জানতাম না,1,0,0,0,0,1
কোনো খারাপ লাগেনি দাদা  রানু মন্ডল এর কোনো গায়িকা হওয়ার মত যোগ্যতাই নেই আমি মনে করি,0,0,0,0,0,1
আমাদের দেশের সিনেমা ভাল না হলেও নাটকের দিক দিয়ে আমরা পৃথিবীতে ১ নাম্বার এ আছি এটা আমাদের জন্য গর্বের বিষয়,0,0,0,0,0,0
শেখ মুজিবের সোনার বাংলাদেশে বীরশ্রেষ্ঠ রুহুল আমিনের ছেলে ফেরিওয়ালা আর কুখ্যাত নুরু রাজাকারের ছেলে প্রভাবশালী মন্ত্রী,0,0,0,0,1,0
ওনেক সুন্দর হইচে নাটকের গান গুলো ও খুব ভালো লাগচে,0,0,0,0,0,0
"এই লাথি ধর্মপ্রাণ নিরীহ মানুষের উপর, এই লাথি গণতন্ত্রের উপর",0,0,1,0,0,0
তানজিন আপুর সব নাটক ই আমার অনেক ভাল লাগে ৫৩ মিনিট এ পুরো জীবন টা দেখে নিলাম অসাধারণ ছিল,0,0,0,0,0,0
এসব কানকির বাচছা আর আর কানকির মাগী গো পাচায় বাশ ডুকানোর দরকার।,1,0,0,1,0,1
কোন ভালো কাজ করেছেন আপনি? আওয়ামী লীগের চোর মামা রব্বানী।,0,0,0,0,0,1
তোমার বাব দাদাকে জিগ্যেস কর পাকিস্তানেরর চোদনে ভারত কাপে আর বারমার চোদনে বাংলার ভোট বিহিন সরকার কাপে,1,0,0,0,0,1
"খাইঞ্চোদের মতন, মার মুখে শাওার ভিত্রে দিয়ে রাখ । অপরাধী তোরা লাড়া চাড়া করবি আর আমাকে চোদা দিয়া তোক পুয়াতি বানাইয়া শোধ দিস কইলাম",1,0,0,0,0,0
দেখেন এমন চরম জব্বাব নিছে ভারতপাকিস্তান প্রাতিদিন শশান দিপাবলিতে পাঠাচ্ছে ভারতের সেনাকে।,0,1,0,0,0,0
অনেক দিন পর বাংলা নাটকে মন ভরল সাবিলা নূর অসাধারন অভিনয় করেছেফিনিশিং টা জোশ ছিল,0,0,0,0,0,0
. আমার প্রোফাইলে তো লেখাই আছে আমি যে কোনো ‘ভালো কাজের মিডিয়া পার্টনার’ .. সেটা ভেসলিন হোক বা দুর্নীতির বিরুদ্ধে আপনার রেস্লিং’ই হোক... আমি লেখব... আপনি একটা ভালো কাজ করে আমাকে ইনবক্স করেন... দেখেন তো লেখি নাকি,0,0,0,0,0,0
মুসলিম নায়কদের ছবির আয় ভারতরাষ্ট্রের উন্নয়নে ব্যাপক অবদান থাকলেও ভারতের প্রতিটি মালাউন সরকার ও মালু জনগণ মুসলমানদের প্রতি অবিচার যুলুম করে থাকে,0,0,1,0,0,0
"এই তুই কোথায় আছিস? জানিনা, এখানে শুধু ধর্ষণ হয় কিন্তু বিচার হয় না",0,1,0,0,0,0
"দরজার কাছের ঘাষ গরুতে খায় না  তাইতো অন্যান্য  দেশের লোক মুসলিম হলেও ইন্ডিয়ার লোক মুসলিম হচ্ছে না,আলহামদুলিল্লাহ তারাই সৌভাগ্যবান যারা ইসলাম ধরমো গ্রহন করেছে",0,0,1,0,0,0
“আহারে বেচারা... আসলেই কখন কোন বিপদ আসে... সব সময় নামাজ পড়বি... জোহর পড়সস?”,0,0,0,0,0,0
উচিৎ জবাব দিয়েছো ঝান্ডু মন্ডলকে পায়র জুতো মাথাই তুলতে না জেমন রানু ভীখারীই,0,0,0,0,0,1
আমার দেখা সেরা নাটক ছিলো এইটা এই নাটকটাতে অনেক কিছু শিখার আছে,0,0,0,0,0,0
বাজারে সব দোকান বন্ধ থাকার পর আমি আপনাদের দেখাবো কিভাবে প্রতিকূল পরিবেশে বিড়ি কিনতে হয়,0,1,0,0,0,0
সাধারন মানূষ কে না মেরে সাহস থাকলে পাকসেনার সাথে যুদ্ধ কর পাকসেনার জন সমান ভারতের জন সেনা।,0,1,0,0,0,0
পাকিস্তানিরা একটি কথা বলেছিল মালাউন কা বাচ্চা কাভি নেহি আচ্ছা। যো ভি আচ্ছা ও শুয়োর কা বাচ্চা ।,1,0,1,0,0,1
কুব কুব কুব বালয়ই লেগেছে আমার দোনো পড়বয় আরো আশা করী অনেক সুনদর নাটক উপবুগ করতে পাড়ি,0,0,0,0,0,0
পরের দিন স্কুল থেকে ফোন... আরিফ সাহেব আপনি একটু স্কুলে আসেন,0,0,0,0,0,0
বিয়ে তো করছে এক মক্কল বেডারে যেন বাইরে বাইরে ইত্রামি করতে পারে।,0,0,0,0,0,1
ভাই বোনের মধ‍্যে বা দাদা বোনের মধ্যে শারীরিক সম্পর্ক কি করে থাকতে পারে?কি করে তারা বিয়ে করে স্বামী স্ত্রী হতে পারে?ছি:ছি:,0,1,0,0,0,0
নদীতে বাঁধ দিয়ে স্রোতের ধারা পরিবর্তন করা যায় কিন্তু স্রোতকে আটকানো যায় না ভারতের মাটিতে ডঃ জাকির নায়েককে নিষিদ্ধ করলেও তিনি তার জ্ঞ্যান দিয়ে কোরআন ও হাদিসের যে আলো ছড়িয়েছেন তা যুগের পর যুগ দ্বীনের আলো ছড়িয়ই যাবে।।ইনশাআল্লাহ।।,0,1,0,0,0,0
নাটক টাএকেবারে বুকের ভেতর গিয়ে লাগে আমার আমার লাইফ এ দেখা সেরা নাটক নাহনাটক না এ কারো কারো জীবনের ই প্রতিচ্ছবি,0,0,0,0,0,0
"খালেদা জিয়া শুধু পারে ডাক দিয়ে ভাংচুর পতন, কিন্তু ভাংচুর পতন দাংগাহাংগা করে ভালো কিছু পাওয়া যায় না,",0,1,0,0,0,0
চমৎকার অভিনয় আর অসাধারণ গল্প শেষ পর্যন্ত চোখের পানি ধরে রাখতে পারলাম না আমার দেখা সেরা নাটক এটি,0,0,0,0,0,0
"হাউয়ার পোলা, তর বাপ বুকের লাহান এক ডা চোক্ষের লাইগা ধর্ষণের পর পরই সেই একই কাম করবে",1,0,0,0,0,0
তরে আমার অনেক ভালো লাগতো।।।তোর এই কথা শুইনা তরে জুতা দিয়া বাইরাইতে মন চাইতাছে ।।ইয়াবা খাস নাকি তুই বাওর,0,0,0,1,0,1
সুন্দর কে ছেড়ে থাকা যায় তবে মায়া কে ছেড়ে নয়❌NisHoভাই,0,0,0,0,0,0
"তিস্তার সব গেট খুলে দিয়েছে ভারত, দেশের উত্তরাঞ্চলের বিস্তীর্ণ এলাকা প্লাবিত",0,0,0,0,0,0
বিরি বিরি নাইছ খুব ভালো লাকছে বিরি নাইছ নিশো ভাই,0,0,0,0,0,0
ভারত আছে শুধু শুধু ফ্রি ট্রানজিট ফ্রি বন্দর সুবিধা ফ্রি ব্যান্ডউইথ নিতে। বিপদের বন্ধু চীন পাশে দাঁড়িয়েছে। ধন্যবাদ শি জিং পিং ও শেখ হাসিনা।,0,1,0,0,0,0
কারণটা কি? আমি তো জানি ইট মারলেই পাটকেল খেতে হয়। এটা তো আর ভারত না যে ইচ্ছা করলেই দেশটাকে ভেঙে ভেঙে পাকিস্তান বানানো যাবে। আবার কাশ্মীর দখলের দুঃসাহস দেখানো যাবে। বৌদ্ধরাই মুসলিমদের জন্য উপযুক্ত হাতিয়ার।,0,1,0,0,0,0
আমি কলেজে যখন পড়তাম ...তখন একদিন তাকে ঝিগাতলার এক চায়ের দোকানে সিল্কের পাঞ্জাবী পরে বসে বিস্কুট খেতে দেখে ফেলেছিলাম,0,0,0,0,0,0
"তুই তারেক, বাংলায় আয়, তোর দলের লোক রাই তোরে, পায়ার ইসকটে দিবে",0,0,0,1,0,0
এমন একটা নাটক আমাদের উপহার দেওয়ার জন্য অনেক অনেক ধন্যবাদ,0,0,0,0,0,0
তৌসিফ মাহবুব এবং সাফা কবিরের নাটক গুলো খুবই মজারসত্যি তাদের দুজনের জুটি টাও দারুন মানিয়েছেতাদের যত গুলো নাটক দেখেছি সত্যি আমি মুগ্ধ,0,0,0,0,0,0
সত্যিই অনন্য একটা গল্প একটু উষ্ণতাএকটু আন্তরিকতাআর একটু ঘনিষ্ঠতা এর নাম টাই ভালোবাসাঅসাধারণ,0,0,0,0,0,0
আসেন এদেরকে তুলে ধরি... যেন আমাদের নেক্সট প্রজন্ম আমার-আপনার মত ছোটবেলা থেকে ‘এ দেশে তো কোন সুপার হেরো নেই... সব তো বাইরের দেশের কমিকের পাতায়’ ভেবে মন খারাপ না করে থাকে,0,0,0,0,0,0
যাবার আগে তিনি হাতে চেক ধরিয়ে দিয়ে বললেন.. ‘আমার আনিসুল হকের সাথে দেখা করার দরকার নেই ... আমি বিএনপি ঘারানার লোক... এই নেন চেক... চেকটা দাওয়ার উসিলা পাচ্ছিলাম না’,0,0,0,0,0,0
"মুসলমানরা গুজবে বিশ্বাস করে, বাস্তবে নয়। মানে, মাথায় ব্রেন নামক পদার্থটার অভাব!",0,0,1,0,0,1
"ঢাকা শহরের নিচ দিয়ে যে অপরিকল্পিতভাবে গ্যাস লাইন গিয়েছে, তা এদের অনেকেই জানে না",0,0,0,0,0,0
"আমি আমার শেষ অস্ত্র নজরুলকে বললাম, “নজরুল পরখ শুরু করো”",0,0,0,0,0,0
হালার রেন্ডিয়া পাকিস্তান থেকে মার খায় আর বাংলাদেশে উদ্বেগ জানায় আসলে মালুদের লজ্জা শরম বলতে কিচ্ছু নাই গরুর মুত খাইতো আর কত,0,1,0,0,0,0
"ওয়াজে  মোল্লারা বেহেস্তের হুরদের দুধগুলি কেমন হবে,শরীর কেমন হবে,ইত্যাদী এমনভাবে বর্ননা করছিলেন,আমাদের অনেকেই লজ্জায় সেখান থেকে চলে আসি।",0,0,1,0,0,0
"একদম রাইট বলেছ বস, জানিনা মানুষ কেন এত বেইমান হয়ে যাই, কিন্তু আজ রানুদি সেটা সবাইকে দেখার সুযোগ করে দিল যে মানুষ সত্যিই বেইমান, রানুদি নিজেই প্রমাণ করে দিল যে সে বেইমান",0,0,0,0,0,1
শাহনাজ খুশি অভিনয় অসাধারণ শত্যি চোখে পানি এসে গেলো এই ঈদের সবচেয়ে সুন্দর নাটক,0,0,0,0,0,0
নাটোক টা অনেক সুন্দর হয়েছে বাট অনেক কষ্টের এই টায় বাস্তব ভাইদের কাছে বোনদের মুল্য কত টা আছে,0,0,0,0,0,0
‘স্যারেরা প্লীজ পাপসে পা মুইচ্ছা লিফটে উঠবাইন’ বলে কাট মেরেছে কথায় কথায় ‘কুইট্টাল্বাম মাইরাল্বাম’ ডায়লগ দেয়া সুখি নীলগঞ্জের সেই গার্ডটা,0,0,0,0,0,0
"... সেদিন হয়তো স্ট্যাটাস দিতে পারব না... তাই পোষ্টডেটে স্ট্যাটাসটা, আজকেই দিয়ে নিচ্ছি",0,0,0,0,0,0
জানি এখানে অনেকেই কমেন্ট পরতে আসবে।তাই বলছি আমার একটা ছাগল বিক্রি করতে হবে।কেউ কিনলে নক দিয়েন।,0,0,0,0,0,0
লিফটের অনেক মানুষের ধাক্কা ধাক্কির কারণে উনার কনুই আমার গায়ে লেগে যাওয়ায় উনি আমার দিকে তাকিয়ে একটা মিষ্টি হাসি দিলেন,0,0,0,0,0,0
"অই ছাগল অখন ফেব্রুয়ারি মাস?
পাগল ছাগল কুত্তা বিলাই, মুছি",1,0,0,0,0,1
তুমি বড় বাল হয়ে গেছোবেয়িদব মহিলা তোর প্রচুর হিংসা আর অহংকার,0,1,0,0,0,0
আমাদের দেশের ছবি গুলো থেকে নাটক গুলো হাজার গুন ভালো লাগে এগিয়ে যান আর আমাদের আরো সুন্দর নাটক উপার দেন ধন্যবাদ ভাই,0,0,0,0,0,0
"বই রেখে, মেয়েদের নিয়ে এ্যালবাম দেখতে বসলাম…এ্যালবামের ছবি না…এলবাম বিষয়টাই আজকে দেখার মতো জিনিস",0,0,0,0,0,0
অসাধারণের চেয়ে বেশি কিছু অনেক ভালো নাটক নিশো এবং তানজিন তিশা জুটি সবসময় ভালো অভিনয় করে,0,0,0,0,0,0
অসাধারণ একটা নাটক দেখলাম অনেক দিন পরনিশোর পারসোনালিটি সেরকম ফুটে উঠেছেনাটকটা যেই দেখুক সেই বলবে ওয়াও অসাধারণ,0,0,0,0,0,0
রাব্বানীকে প্রধানমন্ত্রী লাথথি মেরে বের করে দিছে তারপরও সে কথা বলে সে নির্লজ্জ।,0,0,0,0,0,1
কয়েকদিন ধরে এই পাগলদের পেজে একই ধরনের কমেন্ট পড়তে পড়তে বিরক্ত হয়ে গেছি । কমেন্টে ভিন্নতা আনার অনুরোধ রইলো সবার কাছে ।,0,0,0,0,1,0
গরম ডিমের স্মৃতি আজও তাড়া করে তাই নির্বাচনে সেনাবাহিনী চায় না,0,0,0,0,1,0
আসলেই কিন্তু কোরবানি মানে শুধু পশু কোরবানি দেয়া না... নিজের ভিতরের যে কোন একটা পশুত্বকে কোরবানি দেয়াও একটা উদ্দেশ্য বটে,0,0,0,0,0,0
আর কত রক্ত ঝরলে নিষিদ্ধ করা হবে সন্ত্রাসী সংগঠন ছাত্রলীগকে,0,1,0,0,0,0
শিবির কর্মি বর্তমান চবি ছাত্রলীগ সভাপতি কে ধরে প্যাদানি দিলে সব বেরুবে।বাট কারও সে হেডম নাই,0,1,0,0,0,0
বৃন্দাবন দাসের নাটক মানেই অসাধারণসুখ দুঃখ হাসি কান্না মিশ্রিত শিক্ষনীয় নাটক নাটকটা দেখে আমি সত্যিই আবেগাপ্লুত হয়ে গেছি,0,0,0,0,0,0
"কিরে জানোয়ার,আজকেও তো হোগা মারছে নাকি তাবিজ ফারুকে?চোখ লাল কেন? আগে প্রেন্ট লাল থাকতো এখন চোখ লাল রহস্য কি? সোনায়মাল চুদন কে বলতে হবে",1,0,0,0,0,1
"চরম সামপ্রদায়িক, থুহ এই মহিলা কে দেশে এনে জুতা পেটা করা দরকার, সাথে একই বৈশিষ্ট্যের অন্য দেরও",0,0,0,1,0,1
আগুন খাইলে আংরা বাহির হবে. বিশ্বাস করলেও পরকালে হিসাব দিতে হবে.. বিশ্বাস না করলেও দিতেই হবে কিয়ামত এর পর হাশর ময়দানে সব্বাইকেই দাড়াতে হবে.,0,0,1,1,0,0
বলার কিছু নাই আমার তো ভাই নাই তাই অনেক কিছু বুঝিনা কিন্তু আমার আব্বুও আমাকে অনেক ভালবাসে এখন বুঝি যখন মেয়ের চাহিদাগুলো পূরনে ব্যসত থাকি তখন ভাবি আমার আব্বুও আমার জন্য এর চেয়েও বেশি করছে,0,0,0,0,0,0
"টকশোতে নীতিবান কথা বলে, জনগনের টাকা মেরে গড়েছেন সম্পদের পাহাড়",0,1,0,0,0,0
এক জিয়া লোকান্তরে লক্ষ জিয়া ঘরে ঘরে। খালেদা জিয়া ভয় নাই রাজপথ ছাড়ি নাই।।,0,0,0,1,0,0
কিন্তু একটা সমস্যা আছে এ দেশে তো ভারতিরা ছাড়া এক্সসেপ্ট না।ভারতি পশু হলেও চলে,0,1,0,0,0,0
ওর গুদের মধ্য হতে বাশ ভেঙ্গে দিয়ে রক্ত বের করেও দিতে হবে,1,0,0,0,0,0
"কারো মুখে ক্লান্তি নেই ... হেঁটেই চলছে ...কেউই রাস্তায় নজরুলকে খুঁজছে না, তার সিটটি কোনও ভাবে কেড়ে নেয়ার জন্য",0,0,0,0,0,0
অপূর্ব আসলে তুমি অপূর্ব তোমার কথা গুলো আমার কাছে খুব ভাল লাগে সুপার হিরো অপূর্ব আমাদের জীবনে কেন এমন টা হয় বলতে পারো,0,0,0,0,0,0
রেন্ডিয়া গোয়ালের গো মূত্রখোর তোদের মুর্খচোদা ভিখারিদের সাথে কেউ কথা বলে না । কারন তারা জানে তোরা মুর্খের দল ।,1,0,0,0,0,1
নাটকটা অনেক অনেক ভালো লাগচেবিশেষ করে খুশি আপুরবাস্তবটা তুলে ধরছেএমন তো হয় মাঝে মাঝে সমাজে,0,0,0,0,0,0
অন্য সব নাটকটার মতো না একদম আলাদা আমার দেখা সেরা নাটক সবাই কমেন্ট করে এই এক কথায বলেছেন বহূবার দেখার মতো নাটক আমি নাটকটার আগের ভাগ দেখেছিলামএক কথায় অসাধারণজিবনকে তুলে ধরা হয়েছে আর একটা সত্য কথা যে জিবনত একটাই,0,0,0,0,0,0
নজরুল প্রখর দৃষ্টিতে গরু পর্যবেক্ষণ করছে... ব্যাপারী বললেন ‘আচ্ছা ২ হাজার টাকা কম দেন... নেন ধরেন দড়ি’,0,0,0,0,0,0
"সবগুলার পাসওয়ার্ড এক রাখি না কারণ কোন এক বিজ্ঞ বলেছিল; খবরদার এক রাখবা না পাসওয়ার্ড... তাইলে একটার পাসওয়ার্ড জেনে যাওয়া মানে, সবগুলোর পাসওয়ার্ড জেনে যাওয়া... সবগুলা আলাদা আলাদা দিবে",0,0,0,0,0,0
গ্রামের খালাতো বোনকে শিশ বাজাতে শিখানোর পর যখন সে প্রথশ শিষ বাজানোর চেষ্টা করে,0,0,0,0,1,0
আমি এখনও নাটকটা দেখি নাই তবে কমেন্ট পড়ে যা বুঝলাম অনেক ভাল একটা নাটক নামাজের দাওয়াত দিয়েছে,0,0,0,0,0,0
আর আপনাদের দলের লোক ব্যতীত আর যেন কেহ না পায় এই ভ্যাকসিন।।,0,1,0,0,0,0
আমার জীবনটাকে এমনি একটা পিচ্চি মেয়ে গুরিয়ে দিয়েছে ভালো থেকো ভালবাসা ভালো থাকুক ভালোবাসার মানুষগুলো,0,0,0,0,0,0
আউযুবিল্লাহি মিনাশ বিললাহি ভিডিওটা যে এডিটিং করেছে আল্লাহ তুমি তাকে গজবে পরিণত করে দাও আল্লাহ তুমি তাকে পার্টির সঙ্গে মিশিয়ে দাও আল্লাহ তুমি তাকে ধ্বংস করে দাও,0,0,1,1,0,0
আফরান নিশো ভাই নাটক অসাধারণ অনেক ভালো লাগছে নাটক দেখার পর মেয়েদের প্রতি ভালোবাসা আরো বেড়ে গেল,0,0,0,0,0,0
কাংলাদের আব্বা ঘোষনা করা হক পাকিস্তান কে শুয়োরের বাচ্ছা খানকির ছেলে,1,0,0,0,0,1
আমি ভাবছি রানু মণ্ডলের নামে কুকুর পুষবো আসলে কুকুর বলেও কম বলা হবে,0,0,0,0,0,1
ইন্ডিয়া বিভিন্ন ভাবে আইএসকে অর্থ যোগান দিয়ে আসছে এসব ভুলে গেলেতো হবেনা অবশ্য ভারত একটা ভন্ড জাতি সো এসব আর নতুন কি?,0,1,0,0,0,1
“যদি খেতেই হয় তবে ভাত খাওয়া শেষে বড়জোর চামুচে করে ১ চামুচ ডাল চুমুক দিয়ে খাবেন”,0,0,0,0,0,0
আমরা কাউরে জামাতের আমির হইতে দিমুনা । আমির হইলেই রাজাকার বানাইয়া দিমু। তারপর মুহাহাহা,0,0,0,0,1,0
সে গোপন কথা জেনে গেছে সাংবাদিক । আর তা জেনে আমাদের খুব উপকার হইলো ।,0,0,0,0,1,0
খাঙ্কির পোলা ইসলামের মত বেজন্মাদের ধর্মের সাথে হিন্দু ধর্মকে চ্যালেঞ্জ জানাতে হবে কেন?,1,0,1,0,0,0
ঘটনা সমাজে এখনও ঘটে চলেছে আর শাহনাজ খুশি অভিনয অসাধানর অতুলীনয় চোখে পানি এসে যায়,0,0,0,0,0,0
"এক সময় মেয়ের মা, মেয়েকে খোঁচা দিয়ে বলল, ‘আর কমিটমেন্ট করিস না... টাকা শেষ’",0,0,0,0,0,0
পৃথিবীর সবচেয়ে নিচু জাতি হলো ভারতের বাঙালি হিন্দুরা। গায়ে পড়ে ঝগড়া করা ছাড়া যেন আর কোনো কাজ নাই।,0,0,1,0,0,0
জিলাপি বিক্রি করতেছেন নাকি জিলাপির পেচ মেরে ডাকাতি করতেছেন আপনাদের নাম আমারি না হয়ে ডাকাতি হওয়া উচিত ছিল !,0,0,0,0,1,0
"সারা বছর আমরা বেগুন চিনিই না... কিন্তু রোযা আসলে, বেগুনের পিয়াজু খাওয়া চাইই চাই",0,0,0,0,0,0
মিস করার মানুষটা যদি তার ভুলগুলো বুজতে পারতোআফরান নিশো আসলে সেরা,0,0,0,0,0,0
পাকিস্তানি রা আসলে গন্ড মুর্খ। এদের ভাল মন্দ বোঝার ক্ষমতা নেই ।,0,0,0,0,0,1
একটু পার আওয়ামীলী সংবাদ সম্মেলন করে বলবে এই ছেলে কোনোদিন আওয়ামীলীগে ছিলো না অমুক জেলার জামায়াত শিবিরের সভাপতি ছিলো,0,1,0,0,0,0
আমার আরো শতবার দেখতে ইচ্চা করছে অসাধারণ মেহজাবিন আপু এবং সহপাটিরা সবাইকে ধন্যবাদ,0,0,0,0,0,0
নিশো ভাই আর তিশা আপুবাংলা নাটকের বেস্ট জুটিতুমাদের জন্য অনেক ভালোবাসা রইলোআর এই ঈদে সব থেকে জনপ্রিয় নাটক এইটা,0,0,0,0,0,0
"এত দূর বাংলা দেশ নিয়ে চিন্তা না করে পাশের দেশ আফগানিস্তান, ইরান, ইরাক নিয়ে একটা দেশ বানাও",0,1,0,0,0,0
"সোনা সাদা হলেই তো মার্কেটে হিট, খারাপ ভালো কে বিবেচনা করে? যেমন টা সানিলিওন",1,0,0,0,0,0
বলছি না ভেসলিন ব্র্যান্ডের পেট্রোলিয়াম জেলিই দিতে হবে... যে কোনও ব্র্যান্ডের দেন,0,0,0,0,0,0
সব মেয়েরা খারাপ নয় আর যদি খারাপ হয় সেটা শুধু ছেলেদের জন্য খারাপ হয়,0,1,0,0,0,0
"জাকারবার্গ ভাই দয়া করে একটা জুতার রিয়েক্ট দেন, আমি দুই, তিনটা আইডি দিয়া জুতা দেই",0,0,0,0,1,0
"অরে চুদনার পুত চুদির ভাই তুই দেশের সাগর টারেও ছারলিনা ওইটাও তোরে নংরা করতে হবে,তোর লগে তোর বোন কে ভালোই মানাইছে রে,চালিয়ে যা মাদারি।",1,0,0,0,0,1
তোদের মা বোন রা শিবের নুনু তে তাদের দুধ ঢালে আর গো মুত খায়,1,0,1,0,0,1
"তাকে মেনশন করুন, যে ফ্রেন্ড বাসর রাতে এভাবে খাট ভেঙে ফেলবে",1,0,0,0,1,0
জানি ভাই আপনি আমার কমেন্টটা দেখবে না তারপর অন্তর থেকে ভালোবাসা সব সময় আপনার কাছ থেকে সুন্দর জিনিস আশা করি ভালো থাকবেন সবসময় সালামুআলাইকুম,0,0,0,0,0,0
মাবরুর রশিদ বান্নাহ একজন ব্রিলিয়ান্ট ডিরেক্টর তার প্রতিটি কাজ এত বাস্তবিক ভাবে ফুটিয়ে তোলেন যা তুলনার শেষ নেই,0,0,0,0,0,0
"হায় হায়রে কাউয়া পাখির গুয়া,আজকে যদি তোর জন্য ব্রাজিল হারে, তাইলে তোর আগা মোটা গোড়া চিকন লিঙ্গ কাইটা পেছনে সুপারগুলু দিয়ে লাগাইয়া দিমু",1,0,0,0,0,1
অসাম্প্রদায়িক এই দেশে উগ্র সাম্প্রদায়িকতার জোন স্হান নেই।মিথ্যা অভিযোগ করে দেশের ভাব মূর্তি নষ্টের জন্য দেশদ্রোহীতার অভিযোগে এই মহিলাকে গ্রেপ্তারের দাবি জানাচ্ছি।,0,0,0,1,0,0
ইফ আই সে বেস্ট ইট উইল বি লেস ভাল থাকবেন আরিয়ান ভাই,0,0,0,0,0,0
"খালেদা জিয়ার বাড়ি ঘেরাও কর্মসূচিতে বিচারপতি মানিক, আওয়ামীলীগ কাদের দিয়ে ট্রাইব্যুনাল চালিয়েছে তা আজ দেশবাসীর কাছে স্পষ্ট",0,1,0,0,0,0
রাজাকার সমাবেশ করতে পারেন সেটা মন্দ নয়। আপনারাতো রাজাকারদের মন্ত্রী বানাইছেন। এখন মুক্তিযোদ্ধা সমাবেশ করে মুক্তিযুদ্ধকে অপমান ছাড়া আর কিছুই নয়।,0,1,0,0,0,0
ভাই এর সেরা নাটক শিশু ভাই আর মেহজাবিন আপু আসাধারন,0,0,0,0,0,0
"ভারত বাংলাদেশের ভূমি দাবি করার সাহস পেয়েছে, কারন তারা এদেশে তাদের দালাল দেখেছে কিন্তু এদেশের দামাল ছেলে দেখেনি",0,0,0,1,0,0
বস তুমিই সেরাএমন নাটক আরো দেখতে চাইপৃথিবীর বুকে সেরা নাটক বাংলা নাটক,0,0,0,0,0,0
এক কথায় অসাধারণ নাটক জোশ ছবি থেকে বাংলা নাটক সেরাএগিয়ে যাও বাংলাদেশ,0,0,0,0,0,0
হিন্দুরা যদি স্বেচ্ছায় ভারতে চলে যায় সে জন্য কি সরকার দায়ী হিন্দুরা বাংলাদেশই নিরাপদ ছিল ভবিষ্যতে ও থাকবে।এরা মনে করে ভারতে গেলে মনে হয় ভারতে বাড়া ভাত রইছে।,0,1,0,0,0,0
ভিখারির ধারনা ভিখারির মত অসভ্য রানু মন্ডল ভিখারি ওর গান শুনে আমার ওর মুখে প্রস্রাব করতে করতে মন চাইতেছে,0,0,0,0,0,1
ছবি তুলা শেষ করে ফুচকা কর্নারে ফুচকা খাচ্ছি... দূর থেকে দেখি সেই ফটোগ্রাফার তাকিয়ে আছে আমার দিকে,0,0,0,0,0,0
"ঘৃণা লাগে, এরা নাকি বাংলার নেতা ছিছি তোমরা এতো খারাপ",0,0,0,0,0,1
কি বলব ভাষায় প্রকাশ করতে পরছি না নাটকটি অনেক ভাল লাগলএক কথায় বলতে গেলে ২০১৯ সালের সেরা নাটক,0,0,0,0,0,0
আমাদের বাংলা নাটকের কোন তুলনা হয় নাআর এই নাটকটা আমার দেখা সেরা,0,0,0,0,0,0
শুনো কার বিচার চাও ধর্ষন কে কে করে তা আমরা জানি বাড়ি যাও কি কইলো শুনছো রাস্তায় বাল ফালাইতে আসছি নাকি?,0,1,0,0,0,0
"আসলে তুই তমঃ গুনি মানুষ,যার কারনে আল্লা ও ভগবাননের বিষয়ে তর কোন গিয়ান নেই",0,0,1,0,0,0
"নাস্তিকদের সাথে তর্ক করা বোকামি কারন এরা হল নাস্তিক মানে কোন কিছুতে এরা বিশ্বাস  করে না,সময় এলে এরা নিজেরাই বুজে নিবে।",0,0,1,0,0,0
ভারতের জন্য দুঃখের দিন আরো আসবে । ভারত আমাদের দেশের ক্ষতি করেই চলেছে । কালকে ঢাকা আসছে ভারতের প্রতিরক্ষা মন্ত্রী হাসিনাকে তেল মাখাতে যাতে এইদেশটা ভারতের হয়ে যায় ।,0,1,0,0,0,0
আসসালামুআলাইকুম ওয়ারাহমাতুল্লাহি ওয়াবারাকাতুহ এই যে সম্মানিত ভাই টাকা থাকলে বাংলাদেশের ফাঁসি হয় না বিচার হয় না আমরা ছোটবেলা থেকে দেখে আসছি বর্তমানে বাংলাদেশে টাকার গরমে চলে,0,1,0,0,0,0
গাছের গোড়া কেটে মাথায় পানি ঢেলে লাভ আছে কি? রামপাল ছাড়া বিদ্যুৎ কেন্দ্র করার আর কোনো জায়গা নাই? কোটি বাঙালির প্রাণের দাবির চেয়ে তার কাছে কি কোটি রেন্ডিয়ানের দাবিই বড়?,0,1,0,0,0,0
"বঙ্গবন্ধুর নৌকাকে নূহ আঃ এর নৌকার সাথে তুলনা, ধর্মীয় গোরামী ছাড়া আর কিছুই নয়",0,0,1,0,0,0
উনি সেদিন বিড়বিড় করে আমার মেয়ের কপালে ফুঁ দিয়ে কি দোয়া করেছেন জানি না... কিন্তু শিওর ‘পাইলট হও মা’ টাইপ কিছু অবশ্যই করেনি,0,0,0,0,0,0
অবাক হয়ে শুনলাম শুধু এই পেট্রোলিয়াম জেলি ফার্স্ট এইড টুল হিসাবে ব্যবহার করে কতো বড়বড় প্রবলেম থেকে বাঁচা যায়,0,0,0,0,0,0
এক ঘণ্টার এই নাটকের পুরো জীবনকে তুলে ধরা হয়েছে সত্যিই অসাধারণ একটা নাটক আমাদের সবার জীবনটা হয়তো ঠিক এরকম,0,0,0,0,0,0
বাথরুমে যেয়ে হুদাই কলমের কালি ষেষ না করে বাবা কে বলো খাতা কিনে দিতে খাতার মাঝে আঙুল দিয়ে হুদাই গুতাগুতি না করে বাবা কে বলো কলম কিনে দিতে,0,1,0,0,0,0
সদ্য জন্ম নেয়া মেয়েকে যখন আমার কোলে তুলে দেয়া হলো তখন মনে হচ্ছিলো সারা জীবন যদি এভাবে দাঁড়িয়ে থাকতে পারতামম,0,0,0,0,0,0
মিজানুর রহমান আরিয়ান আপনার জন্যে শুভ কামনা সব সময় যেন শুভ বুদ্ধি ও গুনগত মান বজায় রেখে কাজ করতে পারেন তার জন্যে রইল অফুরন্ত ভালোবাসা,0,0,0,0,0,0
"লেংটির বাচ্চা, তোরা ত অনেক লাফাস তার সাথে ত কোন তর্কেই তোদের ঠাকুরেরা জিততে পারেনি।",1,0,0,0,0,0
লিফটের দরজা বন্ধ হতেই উনি আমাকে ফিসফিস করে বললেন... “এবার বলেন তো ১-৯ এর মধ্যে আমি কুন তলায় যামু?”,0,0,0,0,0,0
মোল্লারা আল্লাহ কে ভালোবাসে না। নিজেদের ধান্দা চালিয়ে যাচ্ছে নিজেদের সার্থে।,0,0,1,0,0,0
নামাজের উপদেশটাই সব চেয়ে ভালো ছিলোএরকম আরো দেখতে চাই যেখানে কিছুনা কিছু উপদেশের বার্তা থাকবেগুড জব বেষ্ট অফ লাক,0,0,0,0,0,0
"চাচা ভিতর থেকে বলছে, ‘তোমার আর আক্কেল হইলো না...আমি ভিতর থেকে কেমনে জানব কোন ম্যানহোলের ভিতর আমি?’",0,0,0,0,0,0
নাটক টা ভাল লাগচে তার চেয়ে বেশি ভাল লাগচে কামাল এর অভিনয় টা,0,0,0,0,0,0
ঐ কুলাঙ্গার টার বিরুদ্ধে রাষ্ট্রদ্রহোর মামলা করা হোক এবং ফাসিতে ঝুলিয়ে মৃত্যদন্ড কার্যকর করা হোক কোটি মানুষের ইজ্জত নষ্ট করছে এই শয়তান,0,1,0,0,0,0
আমাদের উচিৎ আরেক চীন অথবা পাকিস্তান হওয়া এবং ভারতকে ঔষুধ দেওয়া।,0,1,0,0,0,0
বাংলাদেশে হিন্দুদের সমস্যা অথচ উব্দিগ্ন ভারত আর সুষমা জারজ নাকি সারজ,0,0,1,0,0,0
"দালাল মাদারি,জামাতের একটা আসনের হাফ ভোটে ও পাবে না,",1,0,0,0,0,1
ভালবাসা প্রমাণ দিতে হারাতে চাই না এক সাথে বাচার নাম ই ভালবাসা,0,0,0,0,0,0
সুন্দর অসম্ভব সুন্দর ডিরেকশন সংলাপ বাচনভঙ্গি নিশোরতিশার অভিনয় সেই সাথে মহাগুরুত্বপূর্ন মেসেজটি সত্যিই সাবলীলতায় অসাধারন,0,0,0,0,0,0
"কৃষ্ণ জাউররাটার কতটা ধোন ছিল বা কত বড় ধোন ছিল যে অতগুলা মাগি চুদছে,লিলা খেলা করছে।",0,0,1,0,0,0
পোলা গুলি কিচ্ছু বুঝে না ধুকাইবার আগেই কাম শেষ ফালতু কথাকার,1,0,0,0,0,1
তর মতন হারামি প্রধানমনএীর দিকে না দেখে রাসতার নেড়িকুওীর দিকে চাইলে মনে শান্তি লাগে। মিয়ানমারের মুসলিমদের হত্যা নিরযাতন করছে তর কোন বকতব্য নাই।আর যদিতর মদি বয়ফ্রেন্ডের জাতি মালাউনদের হত্যা করত তাহলে দেশের সেনাবাহিনিকে যুদ্বের জন্য প্রস্তত থাকার নিরদেশ দিত।,0,0,1,0,0,0
"দোস্ত তুই ৫ মিনিট দাড়া আমি নামতেছি, ২৬ মিনিট পর খানকির পোলা তোর ৫ মিনিট হয়না?",1,0,0,1,0,0
কিছু লিখলেই জিয়া পরিবার বিএনপি রাজাকার শিবির জামাত আরে ভাই এটা গনতন্ত্রদেশ সবাইকে বলার অধিকার দিয়েছে তাই আমি বলেছি। তাতে আপনাদের গাঁ জলে কেন। চোরের মন পুলিশ পুলিশ তাই না,0,1,0,0,0,0
শাহনাজ আপুর মতই গুণী অভিনেতা হবে তার দুই ছেলেআমি শাহনাজ আপুর সব নাটক দেখিউনার পুরো জিবন কাহিনী জানিউনার মত মানুষ খুব কম আছে,0,0,0,0,0,0
"দুঃখের বিষয় মুসলিম হয়েও কোরান পড়েও জঙ্গি হচ্ছে,নাস্তিক হচ্ছে",0,0,1,0,0,0
এই নাটকে অপুর্বের চুলের স্টাইল খুব সুন্দর লাগছেআর নাটকটা তো আরো অনেক সুন্দর আশা করি অপুর্বকে আরো নিউ লুক এ দেখতে পাবো,0,0,0,0,0,0
"ওয়াক থু থু থু
মাঝে মাঝে তাবিজ্জার পুটকি চাইট্টা খাও গু",1,0,0,0,0,0
"প্রেসক্রিপশনের দিকে তাকালে আমার কাছে যেটা মনে হয়  ṜῩ, %এঁ&_ﻄ&@ঈҔῷῷ",0,0,0,0,0,0
খুব ভালো লাকছে বস এ রকম আরো নাটোক দেখতে চাই,0,0,0,0,0,0
অসাধারন হয়ছে আমি মনে করি এই ঈদের সেরা নাটক ইরফান তানজিন অসাধারন এক জুটি,0,0,0,0,0,0
শাহনাজ খুশিএককথায় অসাধারণ অভিনয় সাথে চঞ্চল চৌধুরী বৃন্দাবন দাস এমন নাটক আরও বেশি বেশি চাই,0,0,0,0,0,0
ভিক্ষুক তো ভিখারি থাকে তাকে যত উপরেই রাখো না কেনো সভাব এমনি থাকবে অকৃতগ্য,0,1,0,0,0,0
নুইয়ে যাবে শরীরের দুইশো সাত নাম্বার হাড় থমকে যাবে চিৎকার তবু ভাঙবে না কাকলী ফার্নিচার,0,0,0,0,1,0
"আমি দরজা, ভিতর থেকে লক করে গাড়ির গ্লাস দুই ইঞ্চি নামিয়ে জিজ্ঞেস করলাম, ‘ব্যাপার কি?’",0,0,0,0,0,0
"বোকাচোদা গেদা গেদী, চাল্লা আমি ভারত না হলে তোমাৰ স্বাধীনতা পোদেৰ মধ্য ধুইয়া গেলহৈ",1,0,0,0,0,1
বাংলাদেশের যত আলেম সমাজ রতন মুসলিম ভাই-বোন আছেন সবার নিকট অনুরোধ এখন হাফিজুর রহমান সিদ্দিকী আনাস মাদানী হিন্দুস্তানি দালাল মুক্ত হেফাজত চাই ইনশাআল্লাহ,0,0,1,0,0,0
কে বলে বাংলার নাটকের মান নষ্টো হয়ে গেছে আসলে ভালো খারাপ ২ টাই থাকে কাজে খারাপ কাজের ফাকে ১২ টা খারাপ কাজ হয়ে থাকে তাই বলে সব কাজ খারাপ না,0,0,0,0,0,0
মালাউন সহ সব উপজাতির উপর হামলা চালান হোক। তাহলে রোহিঙ্গা মুসলিমদের ব্যাথা তারা বুজবে ।,0,0,1,1,0,0
ইংলিশ এ মিয়া খলিফা গাঁজা টানে আর বাঙালিরারা টানলেই দোষ ধইরা ফেল্লা,0,1,0,0,0,0
এই মালাউনরা বাংগালিদের সাফল্য দেখে হিংসা করে।বাহির দেশে বাংলাদেশীদের দেখতে পারেনা এই একটি মাএ জাতি।সুতরাং সাবধান।,0,0,1,0,0,0
মিজানুর রহমান অারিয়ান ভাইভাই আপনাকে অনেক অনেক ধন্যবাদ ভাইলাভ ইউ মিজান ভাই,0,0,0,0,0,0
"রাজনিতী মানেই এটাই,এরে মার ওরে মার! লোভ আর ক্ষমতা!",0,1,0,0,0,0
রানু পাঠী তোর মুখ দেখতে কিসের মতো আয়নার সামনে দাঁড়িয়ে দেখে নিস,0,0,0,0,0,1
বিচিলেস বস আরিফ খানের এই ছবি ইতিহাসের পাতায় অমর হয়ে থাকুক।,1,0,0,0,0,1
ধন্যবাদ দিপু ভাইকে একটা সুন্দর বাস্তবমুখি নাটক উপহার দেওয়ার জন্যনাটকটা সত্তিই ভালোলাগলো,0,0,0,0,0,0
আপনার খমতায় যাওয়ার দিন শেষ পাকিস্তান জামাত শিবির হেপাজত কেউ এ আর আপনাকে খমতায় বসানোর সুজুগ পাইবেনা ওরা নিজেরা এ এখন অশোহায়,0,1,0,0,0,0
কার অভিনয় বেশি ভাল হয়েছে আফরান নিশু= লাইকতানজিন তিশা= কমেন্ট,0,0,0,0,0,0
চুরের মার বড় গলা শালা মালাউনের বাচ্চা প্রতিটা খেলায় তুরা চুরি করছ আবার পাকনামি চুদাছ তুদের লজ্জা বলতে আছে কিছুরে ?,1,0,1,0,0,1
চলচ্চিত্রকার তারেক মাসুদ ও সাংবাদিক মিশুক মুনীর নিহত হওয়ার ঘটনায় বাসচালক জামির হোসেনের যাবজ্জীবন কারাদন্ড হয়েছে,0,0,0,0,0,0
ভারতীয়টাকে গুলি করে ছুড়ে ফেলা । কারন যে বাংলাদেশী কাউকে পেলেই ধরে ফেলে । কষ্ট পেলেও মেরে দিলেও চলবে ।,0,0,0,1,0,0
বিয়ের পর যখন বাসর রাত সম্পর্কে জ্ঞান দিতে আসে আত্মীয়রা আরে কারে খেলা শিখান?,0,0,0,0,1,0
এরশাদের একদিন বিচার করছি আল্লাহ পাক তাকে ছাড়া দিবেন না,0,0,0,1,0,0
স্যোশার মিডিয়া বন্ধ করে জামায়াত নেতাদের নামে বিটিভির মাধ্যমে মিথ্যাচার,0,1,0,0,0,0
হামলা ভারত নিয়ন্ত্রিত কাশ্মীরে সেনা ছাউনিতে হামলা বাংলাদেশে চলে ভারত পাকিস্তান নিয়ে কথার মামলা।,0,0,0,0,1,0
এই বছরের সেরা নাটক এমন ভালোবাসা বেচে থাকুক সবার মাঝে চোখে পানি চলে আসছে 😥😥,0,0,0,0,0,0
চীন দুটো সাবমেরিন দিছে বাংলাদেশ কে তাই ভারত দিশেহারা হয়ে উল্টো পাল্টা বলছে,0,1,0,0,0,0
আগে ভারতীয় নষ্ট টিভি সিরায়াল গুলা বন্ধের জন্য অন্দোলন করেন সেটাই ভালো হবে ভারতীয় সিরিয়াল গুলাই বেশি ক্ষতিকর ও বিপদজনক,0,1,0,0,0,0
ভারতের গোলামী না করে চীনের সাথে সু সম্পর্ক গড়াটাই বুদ্ধিমানের কাজ হবে।,0,1,0,0,0,0
কোটি টাকার অস্র ও সরঞ্জাম লুট করে নিয়ে যায় ভারতীয় সেনাবহিনী,0,1,0,0,0,0
ভাত ছিটলে যেমন কাউয়ার অভাব হয় না টাকা ছিটলে তেমন পরী মনি ও অভাব হয় না । আর বসুন্ধরার এমডি হইলে সেটা অন্য বিষয়,0,0,0,0,1,1
কুত্তার বাচ্চা বহু দালালদের শায়েস্তা করছি শুধু তুই একটু কুত্তা বাকি তোকে মাগুর মাছের খাদ্য বানিয়ে পুকুরে ছেড়ে দেব,0,1,0,0,0,0
মেহের জেবিন আপুতুমি এত সুন্দর কেনতোমাকেঅনেকভালো লাগেতোমার সব নাটকঅনেকভালোলাগেতোমাকেঅনেকসামনে থেকেদেখতে মন চায়,0,0,0,0,0,0
‘মতিঝিল’ নামটা শুনেই বুঝা যায় এখানে কোনও একসময় সম্ভবত ঝিল ছিল,0,0,0,0,0,0
এই সেই কুলাঙ্গার যার নেতৃত্বে অপহরণ করা হয় ছাত্রশিবির যশোর জেলা সভাপতি রাফিদসহ ৩ শিবির নেতাকে,0,1,0,0,0,0
নতুন ফুড ব্লগার নোটিফিকেশন জুসি কইতে পারলেই হেয় ফুড ভ্লোগার,0,0,0,0,1,0
বৃটিশ নাগরিকদের বাংলাদেশ ভ্রমনে সতর্কতা জারী ২৩ আগ্নেয়াস্ত্রসহ যুবলীগ নেতা গ্রেফতার,0,1,0,0,0,0
"নতুন কিছু না... “শুধু আল্লাহ্‌ যেন আমাকে যা যা দিয়েছে, তা কোনদিন ফিরিয়ে না নেন”... এই দোয়াটা",0,0,0,0,0,0
দীপঙ্কর ধর্মের বিষয়ে প্রথম পড়াশোনা করো তারপরে ডিবেটে আছো হিন্দু ধর্মের জন্য লজ্জা,0,0,1,0,0,0
কারণ এর যুদ্ধ হয়েছিল ভারত আর পাকিস্তানের মধ্যে ভারতীয়দের ভাষায়।বাংলাদেশ দেশটা ভারতের দেওয়া উপহার মাত্র,0,1,0,0,0,0
খুব ভালো লেগেছে আরিয়ান ভাই অনেক ধন্যবাদ আপনাকে এতো সুন্দর একটা নাটক উপহার দেওয়ার জন্য,0,0,0,0,0,0
থার্টিফার্স্ট নাইট ইসলামী সংস্কৃতি নয় কোন মুসলিম অপসংস্কৃতির জোয়ারে নিজেদের কে ভাসিয়ে দিতে পারে না,0,0,1,0,0,0
"শুয়ারের বাচ্চা,গালি দিলাম না৷ ভালা হয়ে জা। নবীর সম্মানে আঘাত আনলে জবাই দিয়া দিব।",1,0,1,1,0,0
তোরা স্বপ্ন দেখতে থাক তোদের মাঠে তোদের উল্টো করে সেকে এসছি এশিয়া কাপে । এবার আমাদের মাঠে পরের ম্যাচ এ উল্টে পাল্টে সেকে বাড়ি পাঠিয়ে দেবো । মেরা ভারত মহান । জিতেগা ভাই জিতেগা মেরা ভারত জিতেগা । মা তুঝে সালাম । জয় হিন্দ ।,0,0,0,0,1,0
মহিলা মনে হয় মানসিক রোগী না হয় অহংকার বেরে গেছে,0,0,0,0,0,1
"সব বেডি বারো ভাতারি হয় না ভাই, কিছু কিছু ১০০ ভাতারিও হয়",1,0,0,0,0,0
শেষে আনন্দে চোখে পানি চলে আসলোপিউর ভালোবাসা ১ম থেকেই বুঝতে পারছিলাম নিশোর কিছু হয়েছেঅনেক ভালো লাগলো শেষ টা,0,0,0,0,0,0
অপূর্ব ভাইয়ার সাথে মেহেজাবিন অাপু কে দারুন লাগে নাটকের সেরা জুটি অামার কাছে,0,0,0,0,0,0
নিশো ভাই একটা জিনিস ভাই সত্যিই বাংলাদেশের সেরা অভিনেতা কে কে এক মত,0,0,0,0,0,0
সালের স্বাধীনতা যুদ্ধে ভারত যেভাবে বাংলাদেশের মানুষকে অাশ্রয় দিয়েছিল অমনিভাবে অাশ্রয় দিয়ে মায়ানমারকে বিশ্বব্যাপী চাপ প্রয়োগে রোহিংগা নিধন বন্ধ করতে হবে।,0,0,0,0,0,0
ধন্যবাদ পরিচালক মিজানুর রহমান আরিয়ান ভাইকেএত সুন্দর একটা নাটক টা উপহার দিলেন ফেবারিট এক্টর,0,0,0,0,0,0
ভাবতে ভাবতেই চেয়ে দেখি সেই গ্লুকোজ হাতে সাফারি পরা ভাই আবার উঠেছে নিচতলা থেকে,0,0,0,0,0,0
"মানুস ড্রাগ নেয় নেশার জন্য... কাল এক ঝাঁক তরুন তরুণী দেখেছি, যারা নেশার মত কম্বল পেলেই চিৎকার করে উঠছে দেখেছি",0,0,0,0,0,0
"“শুয়োরের বাচ্চা, তোর জ্ঞানের খেতা পুরি”... বলেই দিলো এক থাপ্পড়",0,0,0,0,0,0
বন্ধ করে দিয়েছে কারণে আবার যাতে ভিক্ষা করতে পারে কারণ অন্যের মানুষ অন্য মানুষের হুকুন দেখে বাড়ায় ওর মাথায় ছাড়পোকা পারে সেটা দেখে না,0,1,0,0,0,0
"যে কমেন্টের রিপ্লাই দিয়া সৌভিকের চামচামি করবে,তার মাকে আমি কন্ডম ছাড়া চুদি",1,0,0,0,0,1
"বেশ্যা যদি নষ্ট হয়, পুরুষ কেন তাঁর কাছে যায়?  পুরুষের যদি খিতে না পেতো, নারী কিভাবে বেশ্যা হত?",1,0,0,0,0,0
জনগনের সামনে তোর হিন্দু বাবাদের সামনে ওপেন চ্যালেঞ্জ হবে মাদারচুদ,1,0,1,0,0,1
পাচঁশত টাকার জন্য কাপড় খুললে বেশ্যা। আর পাচঁ লক্ষ টাকার জন্য কাপড় খুললে নায়িকা। হায়রে দুনিয়া।,1,0,0,0,0,1
"প্রতি রবিবার আমি আমার এলাকাটা পরিষ্কার করলে... বা, অমুক একটা সোশ্যাল ওয়ার্ক করলে,  আমার প্রফেসর এই কারণে আমার কোর্সের ৫ মার্ক আলাদা করে রাখে",0,0,0,0,0,0
"জায়গাটা একদোম কালো দেখলে রুচি হবে না উপরে ফিটফাট ভিতরে সদর ঘাট,",0,0,0,0,0,1
এই ছোট দেশের একটা ছোট্ট শহরের একটা পিচ্চি ওয়ার্ডের ৪৪ বছর লাগার কথানা গুছাতে,0,0,0,0,0,0
আরও কত কিছু করবে জাতি নীরব দর্শক। সীমান্তে মৃত্যুদূত উপস্থিত হচ্ছে প্রতিনিয়ত। দেশের জনগণের ঈমানী চাহিদা পাকিস্তানের সাথে সম্পর্ক বজায় থাকুক ওসবের ধারে কাছেও নেই বর্তমান সরকার। ভারত প্রেমে হাবুডুবু খেতে খেতে মেয়াদ শেষ হয়ে যাবে,0,1,0,0,0,0
"বিশ্বাস রাখেন, রাশিয়ার বা আমেরিকার কেউ একদিন গর্ব করবে আমাদের নিয়ে... এই কারণে এভাবে রিকোয়েস্ট করছি না",0,0,0,0,0,0
"জায়েদ খান একটা বাদারচুদ,,,,খানকির পুলারে জুতা দিয়ে পিটানো দরকার",1,0,0,1,0,1
"এক চৌকুশ লোক, গরুকে বুঝালো যে সে তাকে ধরবে না...জাস্ট পাশ দিয়ে পথচারীর মত হেঁটে যাবে... হাঁটতে থাকা ভাব নিয়ে হুট করে সে গরু ধরে ফেললো",0,0,0,0,0,0
ইনডিয়ানরা এ বয়সে এসব করে লজ্জা সরম নাই বাংলাদেশ হলে সোনায় গরম জল ডেলে দিতাম,1,0,0,1,0,1
তুমি পাকিস্তানের রাজাকার নাকি ভাই এদের মতু লোচ্চা আর কোনু দেশ নাই।,0,1,0,0,0,0
রানু মুন্ডল কে দেখলে আমার শরীর রক্ত গরম হয়ে যায় আর তার মুখ টা দেখলে তো শালা কুততা একটা ফালতু বেটি হারামি কুকুর,0,0,0,0,0,1
ভারতের টিভি টক শো গুলো দেখেন তবে বুঝতে পারবেন ।বিশেষ করে চিন সাবমেরিন হস্তান্তর করার পর ভারত খুব অসহায়ত্ব বোধ করছে।,0,1,0,0,0,0
নাস্তিক এর বাচ্চা নাস্তিক। তোকে সবার সামনে ফাঁসি দেওয়া উচিত। খানকি মাগী।,1,0,1,1,0,0
কেনো তারা খারপ হবে তারাতো ভালো কারন বাংলাদেসের কিছু জানুয়ার আছে তাদের বাবা পাকিসথানিরা । বাবাকে কুনু দিন খারাপ হয়না । ভারত খারাপ কারন বাংলাদেশকে জয়ের জন্য তাদের সব কিছু দিয়েছে তাই তারা খারাপ।,0,1,0,0,0,0
তথ্য ও যোগাযোগ প্রযুক্তি ব্যবহার করে গোপন কাজ সাড়ল ছেলেটি,0,1,0,0,0,0
মাল ঠিক আছে খেলে কেমন হয় মিষ্টি সেক্সে পুরা শরীরটা ভারী,1,0,0,0,0,0
"গর্বে বুক ফুলে যায় জানতাম, আমার শরীরও ফুলে গেছে দেখি",0,0,0,0,0,0
তাই যে একরাত চুদে দু লাখ টাকা দেবে তা তো স্বাভাবিক ছিল,1,0,0,0,0,0
আমাদের  দেশে দাড়ি রাখলে পুলিশে ধরে অথচ আখেরাতে দাড়ি না রাখার জন্য আল্লাহ ধরবে সে চিন্তা করে না,0,0,1,0,0,0
সুলতান সুলেমানে মুসলিম ঐতিহ্য তুলে ধরায় ভারতীয় নোংরা সিরিয়াল ভক্তরা ক্ষেপেছে,0,0,0,0,0,1
"আমি জিজ্ঞেস করলাম, তারমানে পেট্রোলিয়াম জেলি আগে ছিলো একটা লাক্সারি প্রোডাক্ট... আদতে আপনারা বলতে চাচ্ছেন এটা একটা নেসিসিটি?",0,0,0,0,0,0
সীমান্তে মানুষ হত্যা করা ভারতের বিএসএফ বাহিনীর বদ অভ্যাসে পরিনত হয়েছে। ইন্ডিয়াকে শিক্ষা দেয়া দরকার।,0,1,0,0,0,0
"অফিস সংসার হোমপেইজ এসবের ভিড়ে, আসলে ভাবার সময় আমরা পাচ্ছিই না",0,0,0,0,0,0
হুমশেষটা ভালো হয়েছেআমার দেখা সব থেকে ভালো নাটকআশা করি সামনে আরো ভালো কিছু পাবো,0,0,0,0,0,0
বস সবসময় বস নামায এর কথা বলা হয়েছে তাই খুব ভাল লাগলো,0,0,0,0,0,0
আজকে নাটক টা আবার দেখলাম এই পর্যন্ত অনেক বার দেখা হয়েছে প্রথম ভালোবাসা টা মনের ভিতরেই রয়ে যায় চাইলেও কখনো মুছে ফেলা যায়না,0,0,0,0,0,0
নোবেল রে ট্রল কইরা আপনি মাঝখান থেকে কিছুটা ফেমাস হইলেন,0,0,0,0,1,0
আলম ভাই ভালো কিছু করতে চালে আগে নাইকা দের বাদ দেন তার পরে টাকা খরচ করেন,0,0,0,0,0,0
ইদানিংকার মধ্যে দেখা খুবই ভালো একটা নাটক নামাজ পড়াটা একটা লাইফস্টাইল একথাটা খুব ভালো লাগলো,0,0,0,0,0,0
স্যালুট পরিচালককে এত সুন্দর একটা শিক্ষনিয় কাহিনী লিখার জন্য স্যালুট আমিশু ভাইকে ও তার সুন্দর অভিনয় এর জন্য দূষিত সমাজটাকে আমরাই বদলাতে পারি,0,0,0,0,0,0
ও হিনদু রা এই জারোজ টাকে নিজেদের বোনধু মোনে কোরো না কারোন ও গেছে হিনদুদের কোচি কোচি মেয়েদের পুজো কোরতে,0,0,1,0,0,0
এই মাঘীর বোধা যে কত চোদা খাইছে তাই নিজেও বলতে পারবে না।,1,0,0,0,0,1
আওয়মীলীগ ছাড়া বাংলাদেশের সবাইকে গণহারে জঙ্গি উপাধি দিয়েই ফেঁসে গেছে আওয়ামীলীগ,0,1,0,0,0,0
যে সব রাজাকারের বাচ্চারা এই লাইভ যোগ দিয়ে আজে বাজে কমেন্ট করছে সব গুলু কে করা হবে কর,0,1,0,0,0,0
আরেফিন ভাইয়ের নাটক ভালে লাগার মূল কারণ তিনি ধর্মীয় মূল্যবোধ ফুটিয়ে তুলেন সুন্দরভাবে,0,0,0,0,0,0
“কাল না স্কুলে ‘যেমন খুশি তেমন সাজ’ প্রতিযোগিতা?... সেখানে ছেলেকে যুদ্ধাপরাধী সাজাবো... তাই”,0,0,0,0,0,0
প্রায় ১৫০০ সাইক্লিস্ট সিঙ্গেল লাইনে (একজনের পিছে একজন... একটাই লাইনে) সাইকেল চালিয়ে এই রেকর্ড করার জন্য রেডি হচ্ছে,0,0,0,0,0,0
নাটকটা এত সুন্দর হইছে যার প্রসংসা করে শেষ করা যাবে না আমি একজন বাবা সেই সুবাদে সবাইকে বলছি ছেলে বা মেয়েকে অবশ্যই ইসলাম শিক্ষা দিবেন,0,0,0,0,0,0
রাজাকার ও জঙ্গি জানোয়ারদের সিন্ডিকেট নাকি সর্বশক্তিমান মহাপ্রভুকেও কিনতে পারে তারা,0,0,1,0,0,0
আফরান নিশো ভাই আপনি এত সুন্দর নাটক করেন কেমনে যখনই আপনার নাটক গুলা দেখি খুব ভালো লাগে ভাই মন থেকে বলছি খুব সুন্দর লাগে,0,0,0,0,0,0
অসাধারণ হয়ছে ভাই বিশেষ কারন হলো নামাজ এর কথা বলা হয়েছে,0,0,0,0,0,0
ছাত্রলীগ নেতাদের চাপে রাখার জন্য ছাত্রলীগ আরেক বার বল ইট দিয়া মাথা ভাইঙ্গা দিমু,0,0,0,1,0,0
হ্যা এর মধ্যে ১/২ জন এই চান্সে পাকহানাদারদের কাছে ভালো হওয়ার জন্য অতি উৎসাহী হয়ে বলে দেয়ার চিন্তা যে করেনি তা কিন্তু না...বাট এদের সংখ্যা খুব কম,0,0,0,0,0,0
তাহলে হয়তো স্টার জলসার বা জী বাংলার কৃপায় আমিও সর্বগুণে সম্পূর্ণা হতে পারতাম ।,0,0,0,0,1,0
ভারতীয় গোয়েন্দা সংস্থা র বিপিএল কে বিতর্কিত করতে চাইছে। যেন আইপিএল ই দক্ষিণ এশিয়াড এর একমাত্র খেলা হয়,0,1,0,0,0,0
"বিড়াল দুধের উপর বসা দেখে আমার ইচ্ছা, এইবার মরলে শালা বিড়াল হবো",1,0,0,0,1,0
অবাদি জিলাবির কেন এন দাম । ওভাই এডে কি সোনার ডেকসিত জিলাবি ভাজন না অনরা ? নাহ সোনার ফ্যাকেডত জিলাবি বেইচতা লাইজ্ঞু,0,0,0,0,1,0
"উপস্থাপিকার , বুকের যন্ত্রাংশ যে দেখাচ্ছে  দেশে ধর্ষণ বেড়ে যাবে এটাই স্বাভাবিক ।",1,0,0,0,0,0
আরফান নিশোর ভাই সাথে কমিট হেসেবে ওনো কাকে দিল সু্ন্দর হতো মনে হয়ে,0,0,0,0,0,0
তুমি সহ তোমার এই গ্রুপ মনে হয় ইহুদী । তাই তোমাদের এমন আহ্বান । কারণ কোন সত্যিকারের মুসলিম কোন মুসলিমকে ভালো কোন কাজ থেকে বিরত থাকার আহ্বান জানায়না । বুঝেছ মালাউনের জাত ।,0,0,1,0,0,0
একটা সুন্দর এবং অনেক সুন্দর বাস্তবতার নিরিখে তৈরি নাটকটাঅসাধারণবুকে ঊড়না টা দিলে একদম কম্পলিট হতো একটা জায়গায় ভুল হলো,0,0,0,0,0,0
এগুলো কি ধরনের নাটক এই ফালতু নাটক দেখানো বন্ধ হোক যত্তসব বিকৃত মানুষ,0,1,0,0,0,0
শালা পাকিস্তান একটা বোকাচুদা দেশ কেনো যে তারা ভারতে আক্রমণ করতে চায় ভারতে মানুষের বাড়িতে টয়লেট নেই তারা খোলা আকাশের নিচে হাগু করে যদি ঐ ভারতীয়রা পাকিস্তান সীমান্ত এলাকায় গিয়ে হাগু এবং মুতে দেয় তাহলে পাকিস্তানে বন্যা হয়ে যাবে,1,0,0,0,1,0
"সেদিন একটা ছেলে এসে বলছে আমি এই এপ বানাচ্ছি, কেউ হারিয়ে গেলে সহজেই খুঁজে পাওয়া যাবে এটার মাধ্যমে...",0,0,0,0,0,0
এই মহিলা নিজের সংসার নিজেই নসটো করলো এখন নিজেই পোচে মরবে আর বলবে জিবোনে কি ভুল করেছি আহরে আমার ছেলে মেয়ে কি হবে ওকি আর ছেলে মেয়ে কাছে মুখ দেখাতে পারবে,0,1,0,0,0,0
অসাধারণ প্রথমে যতটা হেসেছি লাস্টে তারচে বেশি কেঁদেছি নিসু বস পারেওতিশার অভিনয়ও দারুণ ছিল,0,0,0,0,0,0
অসাধারণ নাটক আমার দেখা তিন বার দেখেছিধন্যবাদ তিশা ও নিশো ভাই কে এবং পরিচালক কে এত সুন্দর নাটক ও আনন্দ দেওয়ার জন্য,0,0,0,0,0,0
হেডলাইন হওয়া দরকার ছিলো তেলে ভাজা বেগুনির আশা দেখিয়ে সাংবাদিকদের দুই ঘন্টা বসিয়ে রাখলেন শাকিব খান ।,0,0,0,0,1,0
“আর ‘দিল্লী কা লাড্ডু’ শব্দটা মনে থাকবে না? তাহলে ভারতের রাজধানী কি হলো? দিল্লী কা লাড্ডুর প্রথম শব্দটা... হয়ে গেলো তাদের রাজধানী”,0,0,0,0,0,0
জুকার বার্গকে অনুরোধ করবো প্লিজ একটা জুতার রিয়েক্ট চালু করেন। কারন angry রিয়েক্ট দিয়ে মনে শান্তি পাচ্ছি না,0,0,0,1,0,0
মালুর বাচ্চা তোদের ধর্ম যদি সত্যি হয় তবে তাকে সরাসরি চ্যালেঞ্জ করতে পারিস না কেন?,0,0,1,0,0,0
"কিন্তু আজকে দেখেন, একটা ইয়াং ছেলে বা মেয়ের; সিগারেট না খাওয়া, রাফ ড্রাইভ না করা... নামাজ পড়া বা সাইকেল চালিয়ে অফিসে যাওয়া কিন্তু স্মার্টনেস",0,0,0,0,0,0
এগুলো কি আদৌ কোন শান্তিরক্ষা মিশন ? যেখানে এতো বড় বড় অশান্তি পৃথিবীতে বিরাজমান !,0,0,0,0,1,0
মালুদের দেশ উড়িয়ে দাও। রেন্ডিয়া নামে যে কোনো দেশ আছে তা যেন কেউ চিন্তাও না করতে পারে।,0,0,0,1,0,0
এখনও মালাউন আসে নি দেখলে ই মাথা নষ্ট হয়ে যাবে,0,0,1,0,0,0
ধন্যবাদ নাটক নির্মাণ সংশ্লিষ্ট সবাইকে চমৎকার একটি আয়োজনএখনও রেশ কাটেনিনিশো অসাধারণমেহজাবিন অনবদ্যআরিয়ান ভালোবাসা অবিরাম,0,0,0,0,0,0
আহা পরী নিজের ইমেজ নিজেই নষিটো করিলা তোমার ড্রিম হলিউডে রাখার দরকার । যেখানে তুমি ভার্সেটাইল অভিনেতার সাথে কাজ করবে যে একাধারে পুলিশ কবি জেলার ইঞ্জিনিয়ার ফাকলট টিচারের অভিনয়ে পারদর্শী । তোমাকে দক্ষিন এশিয়ায় মানায় না,0,0,0,0,1,0
জবা এবার রুদ্র মূর্তি ধারণ করবে । তারপর সিরিয়াল টাকে শেষ করবে,0,0,0,0,1,0
যুবকের শরীরের চেয়ে মহিলার শরীর বেশি পেটানো । যেমনে ধাক্কা মেরে দরজা খুলে ফেলছে অমনে এই বুড়া যুবকরে ধাক্কা দিলে বিচি হারিয়ে যাবে,1,0,0,0,1,0
৭১ আগে যারা ছাত্রলীগের নেতৃত্ব দিয়ে ছিল তারা অনেকেই আওয়ামী রাজনীতি করতে পারেন নাই।,0,1,0,0,0,0
ভারত আমাদের পরীক্ষিত বন্ধু।শুধুমাত্র মুক্তিযুদ্ধে সাহায্য করেছিল বলেই কি,0,1,0,0,0,0
আমি সাধারণত নাটক বেশি দেখি সারাদিন নাটক এর প্যারায় থাকি আমার দেখা সবচেয়ে বেস্ট নাটক ব্যাচ ২৭ ফাস্ট এন্ড লাস্ট পেজ,0,0,0,0,0,0
অপূর্ব ভাই তুমি কোন দিন ফিল্ম করো না কারন তুমি নাটক থেকে চলে গেলে আমার নাটক দেখা বন্দ হয়ে যাবে তোমার কারনেই নাটক দেখিআর কারও নাটক দেখি না,0,0,0,0,0,0
নিজেকে কি ভাবে রানু মন্ডল ভিখারী ছিলো ভিখারী থাকতো তাহলে হেব্বি মজা হতো,0,0,0,0,0,1
“বাবা পুরো বাসায় লেক্সাস একা কেমনে থাকবে?... ভয় পাবে তো”,0,0,0,0,0,0
আর যদি মেয়েকে সামনে পাই সেদিন তোমার যা রাগ হচ্ছিল সব মিটিয়ে নেবো,0,0,0,1,0,0
ধন্যবাদ আমাদের নেতাদের নিজ দেশের বীর সন্তানরা খেতে পায়না আর ভারতীয় দাদা বাবুদের দেবে কোটি টাকা।,0,0,0,0,1,0
ভুল না ভারত হেরে গিয়েছিল কারন তখন ভারতের কাছে প্লেট গান ছিল না এটা ভারতের তথ্য মতে জানা তে আছে ভারতের শিকারউকতি,0,1,0,0,0,0
ভারত অন্তর জ্বালায় জ্বলছে বাংলাদেশের সাফল্য দেখে ।তারা চাচ্ছে না বাংলাদেশ এগিয়ে যাক।যে বেটারা ভারতের খেলাকে সাপোর্ট করে ।তাদের লজ্জা থাকা উচিত,0,1,0,0,0,0
তোরে জুতা পিটা করলে তুই বুঝবি জুতার আঘাতে সব মনে পরে যাবে কারন আঘাত তো দেখা যায়না মাগী।,1,0,0,1,0,1
"আমি চাঁদে সাঈদীর মুখ দেখেছি, আর কমোডে তোর চেহারা দেখি",1,0,0,0,0,1
"আবাসিক হোটেল নামক যেই নাটক টা করতেসিস, সেইটা দেখে মনে হয় তোদের জন্ম ওপেন রাস্তা ঘাটে হইছে। যার জন্য এমন নোংরামী করতে তোদের বিবেকে বাদে না।",0,0,0,0,0,1
সাফা খানকি তোরে যেখানেই দেকতে পাবো সেখানেই তোরে কুওা দিয়ে ওপেন রাস্তায় চুদাবো।।।মাগির ঘরের খানকি।।।,1,0,0,1,0,1
নাটকটি বেশ ভাল লেগেছে ধন্যবাদ এত সুন্দর একটি নাটক দর্শকদের মাঝে উপহার দেওয়ার জন্য,0,0,0,0,0,0
ব্রা-প্যান্টি পইড়া নিকি মিনাজের মত এনাকোন্ডা পার্ট টু বের কর.,0,0,0,0,1,0
অভিযাত্রিক ফাউডেশন আর হাংরি নাকি প্রতি রাতে সেহেরী দিয়ে যাচ্ছে বিভিন্য এলাকায়,0,0,0,0,0,0
বেস্ট সুপারহিট আ খ ম এর অভিনয় আমার কাছে অনেক ভালো লাগে কারণ সে ফানি অভিনয় করে বেশি,0,0,0,0,0,0
খুব সুন্দর একটা নাটক অনেক দিন পর এত সুন্দর একটা নাটক দেখলাম আমি ভারত থেকে বাংলাদেশের নাটক খুব পছন্দ করি আমি,0,0,0,0,0,0
আমি বললাম ‘আরে বস আপনি?... হাতে কি? এনার্জি বিস্কুট লাগে’,0,0,0,0,0,0
একবার কল্পনা কর এই হাতি তোর উপ্রে পড়লে তোর একমাত্র বিচ্চিডার কি হইব!!,1,0,0,0,0,1
বুঝার মতো নাটক তাই ভালোই ছিলো আমার আইডিটি সাবস্কাইভ করবেন প্লীজ,0,0,0,0,0,0
বিচার মোটামুটি ভাল হয়েছে বাংলাদেশে তো কিছুদিন পর মুক্তি পায় আর বলে আত্মহত্যা করেছিল,0,1,0,0,0,0
৩০০ পাউন্ডের কমড কিনতে যেয়ে সে ৭ হাজার পাউন্ড ক্ষতিপূরণ পেলো,0,0,0,0,0,0
এই দুর্ধর্ষ মেয়ের সাথে আমি গত ১০ বছর থেকে সংসার করে আসছি। পাপড়ির হিসাব মিলেনি... তাও এখনও সুখে শান্তিতেই আছি,0,0,0,0,0,0
যখন শামিমরে দেখলাম তখন অন্য কিছু না খুজে এই নাটকটা দেখা শুরু করলাম সেই রকম মজা পাইলাম,0,0,0,0,0,0
হালার পুতে কি ছেলে না মেয়ে না হিজলা কিছুই বুজা জায় না,1,0,0,0,0,1
সেদিন বেশি দূরে যেদিন র‌্যাংকিংয়ে তিন ফরম্যাটের ক্রিকেটেই বাংলাদেশকে আয়ারল্যান্ডের পরের স্থানে দেখা যাবে ।,0,0,0,0,1,0
আগে মর তার পর বুঝতে পারবি পরকাল আছে নাকি নাই! সেলিব্রেটি মারো! এসব উল্টাপাল্টা কথা বলে আলোচনায় আসতে চাও?,0,0,1,1,0,0
"২ তলায় লিফট থামল, পিছন থেকে আরেকজন হুঙ্কার দিলেন, “আশ্চর্য সাইড দেন না কেন? আশ্চর্য”",0,0,0,0,0,0
কয়েকদিন আগে রাত প্রায় ১১ টার দিকে বনানীতে কয়েকজন “সাদা পোশাকের কি-জানি” আমার গাড়ি থামালো,0,0,0,0,0,0
নাটক ভাল হয়ছেকিন্তু আমার না খুব লাগছে তিশার কান্না গুলো প্রত্যক টা সট এ ওর কান্না গুলো মনে হল পুরা রিয়ল লাইফআর পাজিল নিশো বৈশী যা না করছে,0,0,0,0,0,0
কিরে কদেরা ও বলে তারেক জিয়া জতে চায়না আজ আবার একি সুর,0,1,0,0,0,0
আমার কাছে রোমান্টিক নাটকের একটা স্ক্রিপ্ট আছে স্ক্রিপ্টটি বিক্রি করতে চাই,0,0,0,0,0,0
"প্রতিটি নেশাখোর ছেলের অতীত খুঁজে দেখুন, একটি খানকীর গল্প পাবেন",1,0,0,0,0,0
এইবার হবে নোংরামো ভারতীয় এবং বাংলাদেশীরা নোংরা ভাষায় পরস্পর কে গালি দিবেন। মা বোন কিছুই বাদ যাবেনা যদিও এখানে তাদের কোনো দোষ নেই।,0,1,0,0,0,0
অভিযোগ দিছো ভালো কথা কিন্তু তুই ভুয়া তথ্য দিলি কেন??,0,0,0,1,0,0
তাবিজ এর চদা খাওয়ার জন্য মঠেল আরিফ কান কিভাবে পা ফাক করে বসে আছে কেউ খেয়াল করসেন কি??,1,0,0,0,0,1
আমি ৪ টা শেয়ার কিনেছি... আমার ২ মেয়েকে কিনে দিয়েছি ১ টা করে,0,0,0,0,0,0
বাংলাদেশ তিন নাম্বার হবে । কারন আবার নেগেটিপ খেলোয়াড়ে দল ভরছে ।,0,0,0,0,1,0
অনেক সুন্দর হয়েছে নাটক টা ধন্যবাদ এতো সুন্দর একটা নাটক উপহার দেয়ার জন্য,0,0,0,0,0,0
অথচ একই ওপেন এয়ার কনসার্টে ওই সময়ে নিজের গাড়ি ড্রাইভ করে আসা চিকন জিন্স পড়া ছেলেটা আর ঐদিন আগেই রিক্সা জমা দিয়ে আসা লুঙ্গি পড়া রিক্সা’অলার এক সঙ্গে কণ্ঠ মিলিয়ে ফিডব্যাকের “মেলায় যাই রে...” গাওয়া!,0,0,0,0,0,0
"মাননীয় প্রধান মণ্রীকে ধন্যবাদ ,মওদুদীবাদবাদ জামাত শিবিরের দালাল মামুনুল হককে আইনের আওতায় আনা হউক ৷",0,1,0,0,0,0
মানুষ সোজা পথে চলতে চায় নাহ আর বাঁকা পথের প্রতি সবারই আগ্রহ বেশী... এজন্যই তো মদ বিক্রেতাকে কারো কাছে যেতে হয় নাহ আর দুধ বিক্রেতাকে পাড়ায় পাড়ায় যেতে হয়...,0,0,0,0,0,0
"খরা মৌসুমে পানি দিয়ে যেমন জমিকে প্রাণবন্ত করা যায়, তেমনি সৃজিতের যৌবনে জোয়ার আনতে মিথিলার প্রোয়জন",1,0,0,0,1,0
মাগির যখন বিষ মাথাই উঠে তখন ভারত যাই চা বেপারি কাছে চোদা দিয়া আসে আকাটার চোদা খাই আসে নাস্তিক মাগি,1,0,0,0,0,1
আজ বুঝলাম এদের হত্যা করা দোষের না। ওকে প্রকাশ্যে কর্তন করা হোক।।।।।,0,0,0,1,0,0
এর সেরা নাটক বলেআমি মনে করিআপনারা কি মনে করেনলাইক দিয়ে জানাবেন,0,0,0,0,0,0
অনেক দিন পর একটা নাটক পুরোটা দেখলাম অনেক ভালো লাগল,0,0,0,0,0,0
এ আপু টা নিশ্চয় কোন এমপি মন্তির ও প্রশাসনের বড় অফিসার দের খাট কাপায় পাপিয়ার মত।,1,0,0,0,0,0
মোঃ আল আমিন সৌদি আরব থেকে দেখলাম অসাধারণ নাটক দেখার মতো ধন্যবাদ আ খ ম হাসান ভাই কে ধন্যবাদ সবাইকে নামাজের দাওয়াত রইল,0,0,0,0,0,0
সন্ত্রাসী হামলা বলে গুজব ছড়ানো ঠিক নয়।পাকিস্তানী সেনাবাহিনী হামলা করেছে সেই কথা বলে দিন।ভারতের সেনাবাহিনী ঘুমিয়ে থাকে নাকি?,0,1,0,0,0,0
মহিলা ফ্যালফ্যাল করে আমার দিকে তাকিয়ে আছেন... তাকানোর মধ্যেও প্রাণ নেই,0,0,0,0,0,0
তালপট্টি ভারতকে দিয়ে এবার সব ধরনের গ্যাসের দাম বাড়াচ্ছে আওয়ামীলীগ,0,1,0,0,0,0
ভিখারি যদি পয়সাওয়ালা হয়ে যায় তাহলে এরকমি হয় আর সে মানুষকে চিনতে পারে না,0,1,0,0,0,0
ইসলাম ধর্ম টা অনেক জঘন্যতম ধর্ম সব দেশের মানুষ তোমাদের ঘেন্না করে দেখেছো তো শাহরুখ খানকে ল্যাংটো করে এয়ারপোর্টে চেকিং করা,0,0,1,0,0,0
তুমি অনেক অনেক বড় হও আমি শুধু তোমার ভালোই চাই আমি থাকলে তুমি সব হারাবেতাই আমি ভালো থেকো,0,0,0,0,0,0
হ্যা নাটকটা খুব ভালো ছিলো কেননা জীবন তো একটাই তাই না,0,0,0,0,0,0
নিশো ভাই আপনাকে এবং অমি ভাইকে অনেক ধন্যবাদ নামাজ নিয়ে সচেতনতা মূলক নাটক করার জন্য তাই এখন থেকে আপনারা সামাজিক এবং নামাজ সম্পর্কিত সচেতনতা মূলক কাজ করুন,0,0,0,0,0,0
"কমেন্ট ঠিক করতে থাক, দেখিস আর কয়টা কমেন্ট তুই করতে পারস",0,0,0,1,0,0
সানাইয়ের পা গুলু এতো মোটা লাগছে কেন মনে হচ্ছে যেন হাতির বাচ্চার পা।,1,0,0,0,0,1
"চোরে চোরে মাসতুত ভাই, নাস্তিক আর ধর্ম ব্যবসায়ী একসাথে তাই",0,0,1,0,0,0
বলগার হত্যা কািরেদর পুরষকার েদওয়ার দরকার.এই রকম নািসতক েক তাড়তািড় খুন করা দরকার,0,0,0,1,0,0
"একটু পরে সেই প্রিন্ট আনতে যেয়ে উনাকে সাইডে ডেকে বললাম, ‘শুনেন আজকে যার অনুষ্ঠান তার বাবা আমাকে পাঠিয়েছে, বলেছে একটা ডিভি-১ এর ফর্মেটে ছবি তুলে দিতে... জানেন তো কেমনে তুলতে হয়? দুই কান সমান দেখা যেতে হবে’",0,0,0,0,0,0
তুর মায়ের ফুটকির বিতরে ডুকাই দেব মনে রাকিস সালার বেটা,1,0,0,0,0,1
বুঝলাম নাইংলিশ মুভির নাম নেয়ার কী অর্থ এত সৃজনশীলতার দেখানোর পর,0,0,0,0,0,0
শাহনাজ খুশির অভিনয় এতো ভালো লাগে কি বলবো অনেক ভালো লাগে আর নাটকের সবাই আমার অনেক পছন্দের আমি এদের নাটক মিস করি না এমন নাটক আরও অনেক চাইবিশেষ করে গ্রামের নাটক বেশি ভালো লাগে অনেক ভালো লাগলো,0,0,0,0,0,0
নাটক টা অনেক ভাল ছিল সত্যি কারের ভালবাসার প্রমাণ পেল,0,0,0,0,0,0
পারকিন্সন রোগ এর ভালো উদাহরন এর অযথা হাত পা নাড়ানাড়ি,0,0,0,0,0,0
বর্তমানের সামাজিক প্রেক্ষাপট অনুযায়ী নাটকের মতো নাটক দেখলামখুবই ভালোই লাগলো,0,0,0,0,0,0
"বাচ্চা গুলকে ঠিক করে মানুষ করতে পারেনা তাই তারা খিদের জ্বালায়, পেটের দায়ে চুরি চামারি করে, খুন, ধর্ষন করে অর্থাৎ সমাজ বিরোধী তৈরী হয়",0,1,0,0,0,0
আমাদের পাশের বাড়ির ভাবির বাচ্চাটা একটা কয়েন গিলে ফেলেছিল । আমি ওকে সঙ্গে সঙ্গে আপনার এই ছবি দেখাই । ছবিটা দেখেই ও বমি করে দেয় আর কয়েন টাও বেরিয়ে যায় । হ্যাঁ ও এখন ভালো আছে । থ্যাংকস টু পরিফা,0,0,0,0,1,0
পরকাল বিশ্বাস করলেতো শরীর বেচে খেতে পারবেন না ৷ চাপাতির কোপ পড়লে সবই বিশ্বাস করবেন ৷,1,0,0,1,0,0
জাহান্নামের কীট ভারতীয় মালাউন টা না মরে হাজার মরলে বেশী খুশি হতাম।,0,1,0,0,0,0
এই জোট চাইনিজ মালের মতো যেকোনো সময় রং চলে যেতে পারে,0,0,0,0,1,0
"ওদিকে, ঘামতে ঘামতে হেঁটে আসতে থাকা নজরুলের কাছেও, রাস্তার সবাইকে কাকার মত লাগছে... ব্যাপারটা কি?",0,0,0,0,0,0
তোরা ওরজিনিয়াল মাগির চেয়ে খারাপ। কুত্তায়া মনে হয় তোরা নিজেদের জালা মিটাস তাই এরো কম খারাপ কথা তোদের মুখ দিয়ে বের হয় বেসসা গোলা।,1,0,0,0,0,1
মোহরের ভক্ত কিছু কাকু এবং কাকিমা কে একটা করে নোবেল দেওয়া হোক,0,0,0,0,1,0
আরিয়ান ভাই নাটক টা অনেক অনেক ভাল যা কখনো ভুলার নাএই ঈদে এ নাটক টা সেরা হবে দোয়া করি আরো ভাল ভাল নাটক আমাদের কে উপহার দিতে পারবেন ভাল থাকবেন শোভ কামনা,0,0,0,0,0,0
এমন নাটক ভালো লাগে কি বালের বেগম জান সিনামা কে আপনারা পশ্রয় দেন,0,0,0,0,0,0
ছাত্র রাজনীতি বন্ধ করা হোক এবং খুনিদের প্রকার্শে ফাসি দেওয়া হোক৷,0,1,0,0,0,0
ভারতে যদি মুসলিমরা আন্দোলন করতে পারে । তাহলে মায়ানমারে কেন পারে না?,0,1,0,0,0,0
"গতসপ্তাহে খবরে দেখলাম, “সাদা পোশাকের অমুক বাহিনী ধরে নিয়ে গেছে, আর তার দুদিন পর ধৃত ব্যক্তির লাশ উদ্ধার হয়েছে ধান ক্ষেতে… লাশের হাতে আবার পুলিশের হ্যান্ড-কাফ লাগানো… কিন্তু কোনও আইনশৃঙ্খলা বাহিনীই স্বীকার করছে না”",0,0,0,0,0,0
আওয়ামীলীগ নেতার বাড়ি থেকে বোমা উদ্ধার বোমালীগের যাকে যেখানে পাবেন নিজ দায়িত্বে গণধোলাই দিন,0,1,0,0,0,0
কে এইসব নাটকে ডিসলাইক দেয় তাদের মুখ খানা দেখতে চাই খুব সুন্দর লাগছে নাটক টি,0,0,0,0,0,0
কিছুক্ষন জুতা পিটা করলেই ওর পরকালের কথা গ্যাট গ্যাট করে সব....কিছু মনে পড়ে যাবে।।।।,0,0,1,1,0,1
"কিছু একটা বলা লাগে দেখে বললাম, “কয় তলায় নামবেন আপনি?? এক তলা?”",0,0,0,0,0,0
ভারতের ত্রকটা প্রদেশের সমান পাকিশ্তান ভাই কে কাকে শামলায় পাকিশ্তান বাংলাদেশের সাথেইতো পাড়বেনা ৷,0,1,0,0,0,0
সম্প্রতি জামায়াতের আমীর জনাব মকবুল আহমাদ দলের আমীর নির্বাচিত হওয়ার পর তারা রাতারাতি তাঁকে রাজাকার বানিয়ে ছাড়ছেন নির্লজ্জ বানোয়াট কাল্পনিক গাঁজাখুরি গল্পবাজী শুরু করেছেন,0,1,0,0,0,0
আমি অপুর্বর নাটক ঢেলি ৪৫ টা দেখি খুব ভালো লাগে,0,0,0,0,0,0
তরে তো গুদ মারে ছোট আজাদ ওর ছোট মেশিন দিয়া,1,0,0,0,0,1
অসম্ভব সুন্দর একটা নাটক আজকাল যুবক যুবতিদের ধ্বংস করার জন্যে যেসব ছাই পাশ নাটক নির্মিত হচ্ছে সেসকল নোংরা আর অশালীন সস্তা ভালোবাসার নাটক গুলোকে বাদ দিয়ে এরকম সুস্থ সুন্দর সামাজিক গল্পের নাটক বেশী বেশী নির্মাণ হোক,0,0,0,0,0,0
"আমরা কে কোন তলায় যাবো, এই হিসাব করেই লিফটে ঢুকে স্ব স্ব অবস্থানে দাঁড়ানো উচিত",0,0,0,0,0,0
অনেক শুভেচ্ছা ও ভালোবাসা ভারতবর্ষের পক্ষ থেকে অসাধারণ অভিনয় একদম মুগ্ধ করা,0,0,0,0,0,0
"তোদের সকল বিবেক বিসর্জন দিয়ে ই তোরা বিবশ্র লীগয়েই পরিনত হয়ে চিছ শালা শালা ভাদা,!",0,1,0,0,0,0
হৃদয় ছুয়ে গেলো আরফান ভাইয়ার নামাজের প্রতি সুন্দর পরামর্শ দেওয়াটা ভালোবাসা রইলো ভাইজান,0,0,0,0,0,0
ডাইরেক্ট তো আর বলা যায় না যে তোর মাথায় ঘিলু আহামরি কিছু না... তাই ভদ্র ভাষায় বলা হয় “নো ভেকেন্সি ব্রাদার”,0,0,0,0,0,0
ক্যানো ভাই তখন স্ট্যাটাস দেওয়ার জন্য আপনি জীবিত থাকবেন না ?,0,0,0,0,1,0
নাটকের জগতে বস আফরান নিশো ভাই আপনাকে সেলুট এতো সুন্দর নাটক উপহার দেয়ার জন্যে,0,0,0,0,0,0
"হারকিউলিস যখন ধর্ষক খুজে পায়, খারকির পোলা তোরে আমি খুইজা বেড়াইতাছি",1,0,0,0,0,0
"সেক্স কোন সম্পরকো মানে না আমি জানি এটা উচিত নয় , কিন্তু এটাই বাস্তব",0,0,0,0,0,0
"আমরা যখন রিয়েল মুরুব্বি হবো, তখন পিচ্চি জেনারেশানদের খবর আছে :P",0,0,0,0,0,0
"তারা জানে না, এখান থেকে হেঁটে তুরাগ পাড়ে যেতে যত সময় লাগবে তার থেকে কম সময়েই প্লেনে, ঢাকা থেকে মক্কায় যাওয়া যায়",0,0,0,0,0,0
"আমরা উবার সার্ভিস দেখে খুশিতে চিৎকার করি... কিন্তু উবার থেকে কম সুপার না এই এপটা, আমাদের উৎসাহ বা সহযোগিতার অভাবে হারিয়ে যেতে না দেই প্লীজ",0,0,0,0,0,0
আমরা কি মুসলমান? আর কি দিয়ে প্রমান করতে হবে যে আওয়ামীলীগ ইসলামের দুশমন,0,0,1,0,0,0
তাকে বললাম ২০ বছর পরে আসলি... কি কি মিস করলি বল... তোর সব আশা পূরণ করবো... বল,0,0,0,0,0,0
যেই ভারতীয় নাটকের পোষাকের জন্য এদেশের মেয়েরা আত্মহত্যা করে সেদেশের নাটক বন্ধ করবো কবে?,0,1,0,0,0,0
"আমি দ্বিতীয়গাড়ির চালক, সরল বিশ্বাসে প্রথমজনকে ফলো করছি... একটু পরে বুঝতে পারলাম, প্রথম ড্রাইভার অতটা এক্সপার্ট না... সে ছোট গর্ত এভয়েড করতে যেয়ে আরও বড় গর্তের উপর দিয়ে যাচ্ছে",0,0,0,0,0,0
একটি সুন্দর জনসচেতনতা মূলক শিক্ষা পেলাম প্রেম ভালোবাসা এবং হাসির ফাকে নিশো ভাই অসাধারণ অভিনয় করেছেন বলতেই হবে,0,0,0,0,0,0
বাংলাদেশ জাতীয় দলই কিছু করতে পারে না আর আপনারা নারী দল কি করবেন আমাদের জানা হয়ে গেছে,0,0,0,0,0,1
"আরে স্টুপিডের বাচ্চা,,, আমি তোর অনেক বড় ভক্ত ছিলাম।তোর সকল নাটক সবার আগে দেখতাম।কিন্তু আজ থেকে তোর মুখে জুতা মারলাম।মাদ্রাসা ছাত্রী #নুসরাত_জাহান_রাফিকে আগুনে না পুড়িয়ে তোকে পোড়ানো উচিৎ ছিল।কুত্তার বাচ্চা।",0,0,0,1,0,1
মসজিদের শহর ঢাকায় কোনো ভাস্কর্য স্থাপন করতে দেওয়া হবে না !,0,0,1,1,0,0
এবং মায়ের অভিনয় টা অনেক সুন্দর হয়ছে এবং এমন মা সবার ঘরে হোক,0,0,0,0,0,0
নাটক টা দেখে চোখের পানি ধরে রাখতে পারলাম না খুবই সুন্দর,0,0,0,0,0,0
"আমি তাকে বললাম, “প্রবলেম কি? সেখানে তো রাস্তা ঘাট ফাঁকা... এতো এক্সিডেন্টের মানে কি?”",0,0,0,0,0,0
“মার্ডার কেইসের জামিন নিতে...প্রথম বার জামিন না মঞ্জুর হয়েছে...এবার হবে ইনশাল্লাহ”,0,0,0,0,0,0
এভাবে দেখার কি আছে? ফেসবুকের সুন্দরীদের রূপের আগুনে পুড়ে গেছি,0,0,0,0,1,0
তোমরা শ্রেষ্ঠ ও খাঁটি জাত যে ডাইরেক্ট কিছু না খেয়ে বুঝেই না চোদন কোন জিনিস,1,0,0,0,0,0
মিজানুর রহমান আরিয়ান ভাইকে অনেক ধন্যবাদ এত সুন্দর নাটক উপহার দেওয়ার জন্য খুব শিঘ্রই তুমি আমরই দেখতে চাই নিশোমেহজাবিন কে নিয়েভালবাসা অবিরাম,0,0,0,0,0,0
"এমন একটা দেশ, যেখানে হিন্দু সহকর্মী সবার সামনে পানি খান না কারণ তার অন্য সহকর্মীদের রোযার মাস চলছে ...",0,0,0,0,0,0
কিসের সংবিধান আমার সোনার সংবিধান এই আওয়ামি হায়নার সংবিধান কে মানে। আর খালেদা জিয়া যদি এইবার আন্দোলনের ডাক না দে তা হলে বাংলার মাটিতে নারী নেতা থাকার দরকার নেই।,0,1,0,0,0,0
আজকে সানাইকে দেখলে সানি লিওন লজ্জা পেয়ে যেতো।আর মিয়া খলিফা তো আত্মহত্যা করে ফেলতো।,0,0,0,0,1,0
"উনাকে বললাম, “আচ্ছা দিনে আমি একটা করে পরোটা কম খাবো... চলবে?”",0,0,0,0,0,0
অসাধারন আরিয়ান ভাই এতো সুন্দর নাটক উপহার দেয়ার জন্য আপনাকে অনেক ধন্যবাদ,0,0,0,0,0,0
হেফাজতে ইসলামির প্রতিষ্ঠাতা আল্লামা শফির ছেলেকে বাদ দিয়ে কমিটি যারা করে তারা কিসের আল্লামা?,0,0,1,0,0,0
বাংলা চিনি ভাই ভাই সাহায্যের নামে পোদ মাইরা লিবে তোরা বলদ চোদার দল এইটা কি বুঝোস্ নাই,1,0,0,0,1,0
তুই বাংলাদেশে একটা দেখা কোন হিন্দু কাওকে রেপ করছে। আর তোরা নিজেরা দেখ নুসরাত। নিজের মেয়ে। কাজের মেয়ে। কেউ তোদের কাছ থেকে রেহাই পায় নাই।,0,0,1,0,0,0
থিওরি সিম্পল... উত্তরার ১১ নম্বর সেক্টরে একটা পথশিশুদের নতুন স্কুল হচ্ছে,0,0,0,0,0,0
"এই Blood Bot নামের রোবটটাকে, শুধু আপনার ব্লাড গ্রুপটা ইনবক্স করে রাখুন",0,0,0,0,0,0
এই ঘটনার তীব্র নিন্দা ও প্রতিবাদ জানাচ্ছি সেই সাথে অবিলম্বে সন্ত্রাসীদের গ্রেফতার করে দৃষ্টান্তমূলক শাস্তি দাবি করছি।,0,0,0,1,0,0
অসাধারণ একটা নাটক নিশো ভাইয়ের আপনারা দেখবেন আশা করি ভালো লাগবে সাথে আমার চ্যানেল টা সাবস্ক্রাইব করে ভেল আইকট টি বাজিয়ে দিন আমি আপনাদের কাছে নতুন কিছু নিয়ে উপস্থিত হবো দোয়া করিয়েন সাথে রাকলে পাশে পাবেন,0,0,0,0,0,0
অর পুটকি দিয়া ইলিসের কাটা আর কাচা মরিচ ঢুকাই দেয়ার জোর দাবি জানাচ্ছি,1,0,0,1,0,1
সুন্দর ভাই৷ এভাবেই নামাজের দাওয়াত টা যেন সবসময় দেয়া হয়,0,0,0,0,0,0
"ন্যায় বিচারের দাবিতে শাহবাগীদের দেখা যায় না কারণ, শাহবাগের কথিত প্রজন্ম চত্বরের জন্মইত হয়েছিল ভারতের টাকায়",0,1,0,0,0,0
তোদের শিব ছিল একটা নপুংসক তার সন্তান উৎপাদন করার মত বীর্য ছিল না তাই সে দুর্গার ভোদায় ঠাপাইলেও কোন লাভ হইত না,0,0,1,0,0,0
"রাতের আঁধারে ধরে নিয়ে যাওয়া হচ্ছে বিএনপি ও ১৮ দলের নেতাকর্মীদের,পরে পথে পাওয়া যাচ্ছে তাদের লাশ",0,1,0,0,0,0
"গান্ধীজী বলেছিলেন, ঘুষ নেয়া অন্যায়, বাঙালী শুনেছিলো, ঘূষ নেয়া অন্য আয়",0,0,0,0,1,0
"আর আরেকটা, একজনের বাচ্চার ৪০ দিন হয়েছে...  ৪০ দিন হলেই নাকি তবে শিশুকে আঁতুড়ঘর থেকে বের করার নিয়ম ...তাই অনুষ্ঠান করছে",0,0,0,0,0,0
"আপনার টেবিল চামুচে করে মধু নিয়ে, চিকণ সুতার মত করে চামুচ থেকে রুটির উপর গোলগোল করে সার্কেল করে, তারপর সেই চামুচটার উল্টা পিঠ দিয়ে রুটির উপরে মাখিয়ে, তারপর রোল করে খাই",0,0,0,0,0,0
"মেয়েটার পোশাকের মাপ দেখেছো, কতটা পেট দেখা যাচ্ছে তুমি একদম ঠিক বলেছো, আজকালকার মেয়েগুলো নির্লজ্জ",1,0,0,0,0,1
যারা এই ভিডিওটি অপছন্দ করছে তাদের এবং রানুকে ভিক্ষা করতে পাঠানো উচিত,0,0,0,0,0,1
ক্রিকেটের পরাশক্তি অস্ট্রেলিয়া সমতুল্য জিম্বাবুয়েকে হারিয়ে আমরা বিশ্বকাপ জয়ের স্বাদ পেয়েছি,0,0,0,0,1,0
সুন্দর অনেক সুন্দর নাটক একটা আর বড় কথা হচ্ছে নামাজ পরার বিষয়টা আমরা মসুলমান তাই আমরা সবাই পাচ ওয়াক্ত নামাজ পরার তাওফিক করি,0,0,0,0,0,0
চালক বাঁচলো কেমনে ? চালক কে পানিতে চুবিয়ে মারা হোক জনগণ দেখতে চায় ঘাটে খুব হয়রানি করে !,0,0,0,0,1,0
তানজিন তিশা বেষ্ট খুবই ভাল লাগলো এই নাটকটা পুরুস্কার পাবার যোগ্য,0,0,0,0,0,0
আমি রিকশা থেকে নামলাম... ফুটপাথের সামনে শসা ওয়ালাকে দেখে বললাম দেন একটা শসা,0,0,0,0,0,0
হাত পা কেটে ছেড়ে দিতে হবে ফাঁসি দিয়ে কিছু হবেনা শালিকে আগের যায়গাই নেওয়া হক,0,0,0,1,0,0
তার নেক্সট প্রশ্ন হলো “১ থেকে ১০০র মধ্যে আপনার প্রিয় নম্বর কি?”,0,0,0,0,0,0
একি সর্বনাশ করলি রে শুয়োরের বাচ্চা আরিপ্পা ~ আজকে যদি ব্রাজিলের কিছু হয় তাহলে মান্দারেরপো ঘেরারপো তোরে ওপেনে হিজড়া দিয়া ধর্ষণ করানো হবে ! আর তোর এই সাউয়া মার্কা পেইজ হোগার টিস্যুর মতো উড়াইয়া দেয়া হবে !!,1,0,0,1,0,1
দূর কেন যে টয়লেটে বসে তর ভিডিও দেখতে গেলাম এখন আমার হাগায় বন্ধ হয়েগেছে।,0,0,0,0,1,0
"আমার পিছনে অনেকে নিন্দা করে,বিষয় সেটি নয় বরং নিন্দা করতে তাদের আমার পিছনেই থাকতে হয়",0,1,0,0,0,0
ইতি মধ্যে পাকিস্থানের মিডিয়া খবর দিয়েছে দশ ভারতীয় সৈন্য খতম আরো আটারো জন জখম ভারত শুধু সাধারণ মানুষ কে টার্গেট করে পাকি সৈন্যদের কিছুই করিতে পারেনা,0,1,0,0,0,0
বাংলাদেশের রাজধানী লিখেছে: 'ঢেকে রাখা' (আর এক্সপ্লেনশান দিতে ইচ্ছে করছে না),0,0,0,0,0,0
বাংলাদেশকে ভারত সাহায্য করেছে এটা আমাদের জন্য অনেক ভালো।তার জন্য কৃতজ্ঞতা প্রকাশ করছি।কিন্তু এটা মনে রাখবেন ভারত সাহায্য করেছে শুধুমাত্র তাদের স্বার্থের জন্য।,0,1,0,0,0,0
বুবু তোমাকে ধন্যবাদ অবহেলিত বোনদের রুপরেখা সমাজে তুলে ধরার জন্য,0,0,0,0,0,0
"বুঝলাম না, তুই ব্যাটা কমডও কুক্ষিগত করে ফেললি? ... বাদ দিলিনা কিছুই?",0,0,0,0,0,0
অনেক ভাল লাগলো আফরান নিশুকে অনেক ধন্যবাদ নামাজের দাওয়াত দেওয়ার জন্য,0,0,0,0,0,0
মোদি চা ওলা থেকে প্রধান মন্ত্রী সে লজ্জা পাইনা ও সামান্ন গাইকা হয়ে ভাউ বেড়ে গেছে,0,1,0,0,0,0
এই নাটক টা আমার কাছে অনেক ভালো লেগেছে অপুর্ব ভাই এবং মেহজাবিন আপু এবং জেরিন আপুকে শুভেচ্ছা ও অভিনন্দন জানাই,0,0,0,0,0,0
কাদের মোল্লার ফাঁসির জন্য যৌন জাগরন মঞ্চের প্রতিবাদ হয় কিন্তু ফেলানীর হত্যাকারীর ফাঁসির জন্য তাদের কোন প্রতিক্রিয়া নেই,0,0,0,0,1,0
খুব ভাল কয়েক বার দেখেছি মিথিলাকে একটুও ভাল লাগেনি কেমন যেন বুড়ি বুড়ি,0,0,0,0,0,0
লাইভে এসে হুংকার দিয়ে ছেলে-মেয়েদের পাক বানানোর ওস্তাদ ইনি,0,1,0,0,1,0
আশা সুন্দর হবে শেষটা আশা করিনি অসাধারণ লাগলোএই জুটিকে অনেক মানায়,0,0,0,0,0,0
"নিজেরই যোগ্যতা নাই মিস বাংলাদেশ হওয়ার, আবার আইসে অন্যদের judge করতে।",0,0,0,0,0,1
এক কথায় অসাধারন হয়েছেবাংলার কিংবদন্তী অভিনেতা অভিনেএী বেচে থাকুন মানুষের রিদয়ের অনুভুতিতে,0,0,0,0,0,0
এর চেয়ে ভাল নাটক হতে পারে নাআমার অনেক ভাল লাগছে,0,0,0,0,0,0
হিন্দুরা ভারতকে সাপোট করলে বাংলাদেশের চেয়ে বেশী হিন্দু এই একই কারনেই হিন্দুদের পাকিস্তান হতে বের করে দেয়া হচ্ছে,0,0,0,1,0,0
"ভারতীয়রা হাগু করে রাস্তা ঘাটে,আর বাংলাদেশিরা হাগু করে নির্দিষ্ট স্থানে ।",0,0,0,0,1,0
তোর কালোজামের মতো বিচি দুইটা আম্রে দিবি একটু কেকাপ্পার চোদন জুস বানিয়ে দিতাম তোরে!,1,0,0,0,0,1
মনে হয় ভারতকে সাইজ করার জন্য। চারদিক থেকে জাল বুনছে চিন।,0,1,0,0,0,0
অনেক অনেক অনেক সুন্দর হয়েছে আমার জীবনে সতে মিলে গেTnx,0,0,0,0,0,0
"বল হারামজাদা, আমি কাল আসবো তোদের ম্যাসেজটা ১০ টা পাঠাতে দেরি হলে খারাপ সময় হবে",0,0,0,1,0,0
লেংটা হতে মন চাইলে একটু কাপর পরলি কেন? তরে জুতানো দরকার,0,0,0,1,0,1
সত্যিই খুব ভালো ছিলো ধন্যবাদ মিজানুর রহমান আরিয়ান ভাই এত সুন্দর একটা নাকট উপহার দেওয়ার জন্য,0,0,0,0,0,0
"আমি মনে মনে বলছি, ‘বুঝসস তো উত্তর পারব না... নেক্সট প্রশ্ন কর’",0,0,0,0,0,0
আওয়মীলীগ দলীয় ধরা পড়লেও জঙ্গি হয় না চেতনার ফিল্টারে আটকে যায়,0,1,0,0,0,0
মাগির ঘরের ছিনাল তোর ভুদাটা কত বড়রে চুদানি রেনডি ৷,1,0,0,0,0,1
"একটা সিক্রেট বলি, আমরা কর্পোরেটরা যে প্রায়ই বলি ‘নো-ভেকেন্সি ... নো-ভেকেন্সি’... এই কথাটা আসলে মিথ্যা",0,0,0,0,0,0
বিএনপি জামায়াত মাথায় কাঁঠাল রেখে খেতে চেয়েছিলো শাপলার ঘঠনার জন্য বিএনপি জামায়াত দায়ী,0,1,0,0,0,0
মোঃমেহেদী হাসান দেশে তো ভালোমানের নায়ক নায়িকার কোন সংকট নেই তবে কেন ভারতীয় নায়ক নায়িকা দেশি সিনেমাতে? স্বপ্নীল স্বপন সবাই একটু সময় নিয়ে পড়ুন সকল ধর্মীইহিন্দু মুসলিম বৌদ্ধ ক্রিস্টান আরো অন্যান্য সংস্ক,0,1,0,0,0,0
পকেট থেকে জীবনে ১০ টাকা বের না করা বন্ধুটি যখন গফ নিয়ে রেস্টুরেন্টে যায় তুই তাহলে ফকির না?,0,0,0,0,1,1
প্রতিটা কাজ করেছে ভলান্টিয়াররা… কসাই প্রতি খাসী ছিলতে চেয়েছে ৫০০ টাকা করে… তারমানে ৬১ খাসিতেই চলে যাবে প্রায় ৩০ হাজার টাকার মত,0,0,0,0,0,0
এদের পেট চলে এভাবেএদের পেটে লাথি দিও নাএরা অনেক কষ্ট করে জীবন ধারণ করে উপার্জন করার কোন ওয়ে আর এদের নেই,0,1,0,0,0,0
৭১ টেলিভিশন যেমন আওয়ামীলীগের দালালি করে তেমনি খালেদ মহিউদ্দিন বিএনপির দালাল।,0,1,0,0,0,0
ধার্মিক মুসলামানদের আজকে রাজাকার বলা হচ্ছে অথচ পাকি বাহিনীকে মুরগি সাপ্লাই দিয়েও মুরগী কবির আজ বুদ্ভিজীবী,0,0,0,0,1,0
শুয়োর এর বাচ্চা দুরগারে চুদি কুত্তা দিয়া কালিরে চুদি পাঠা দিয়া তোর মারে চুদি আমার সোনা দিয়া সিং,1,0,1,0,0,0
"দেশের জনগণের কাছে তাদের গ্রহণযোগ্যতা নেই, জনগণের সঙ্গে কোনো সম্পৃক্ততা নেই ।",0,1,0,0,0,0
তরার তো প্রত্যেক পদে পদে নবীর লুচ্চামি।নিজের পুতের বউডারে ছাড়লো না। পিচ্চি একটা মেয়ে তার বন্ধুর মেয়ে তারে পর্যন্ত দেইখা লোভ সামলাইতে পারলো না,0,0,1,0,0,0
"খানকির পুত তর ধর্মেরে চুদে সবাই,জঙ্গির ধর্ম তদের।আর তদের ধর্মের আল্লা বলতে কেউ নাই।",1,0,1,0,0,1
হায় রে মুর্খ অর্ধশিক্ষিত বাংলাদেশী রা এবার কিছুদিন স্বজাতীয় পাকিস্থানের বিরুদ্ধে ঘেউ ঘেউ করবে। নতুবা এর মধ্যে ভারতের ষড়যন্ত্র খুঁজে বের করবে।,0,0,0,0,0,1
বলার কোনো ভাষা খুঁজে পাচ্ছি না কি বলবো এক কথায় অসাধারণ,0,0,0,0,0,0
ছিঃ মানুষের রুচি এইসব নাটক ফেলে সিরিয়াল দেখে পাবলিকে বিশ্বের সেরা নাটক বাংলাদেশেই হয়,0,0,0,0,0,0
এই মেয়ে টাকে একটুও মায়া লাগেনা আর যে বাজে পোষাক পরেছে ছি ছি ছি,0,1,0,0,0,0
খানকির পো এডমিন তুই কি সবাইরে খোকা খুকু মনে করস? ঠাকুমার ঝুলির গল্প শোনাইতে আইসো ।,1,0,0,0,0,1
"ওর জন্য স্টেশনই ঠিক আছে, ভিখারি কোথাকার কাক ময়ুরের পেখম লাগালেই ময়ুর হয়ে যায় না",0,0,0,0,1,1
অনেক ভালো হয়েছে নিশো তিসা মানেই নাটক হিট আমার প্রিয় একটা জুটি,0,0,0,0,0,0
অসাধারণ একটা নাটক আফরান নিশো ভাই এবং মেহাজাবিন বছর শেষে এই রকম একটা নাটক উপহার দিবে ভাবতেই পারিনি সত্যি ই অসাধারণ ছিলো দুই জনের জন্যেই রইলো অনেক অনেক ভালোবাসা,0,0,0,0,0,0
"নোরা ফাতেহির নিতম্বে হাত, ভাইরাল ভিডিও নিয়ে মূখ খুললেন তিনি যার হোগা তার খবর নাই, জনগনের ঘুম নাই",1,0,0,0,1,0
নাটক ভালো হইছেকিন্তু একটা প্রশ্ন ১০ বছর পর ছেলে কলেজে কেমনে যায়,0,0,0,0,0,0
সব ছেলেরা যদি সবকিছু এত সহজে মেনে নিয়ে লাইফটাকে উন্নতির চরম পর্যায়ে নিয়ে যেতে পারতো তাহলে ছেলেদের মনে না পাওয়ার আক্ষেপ ক্রোধ এইসব থাকতো না খুবই বাস্তবধর্মী একটা পরিপূর্ণ নাটক মনে হল,0,0,0,0,0,0
নাটকের যেই কাহিনী সেটা সত্যি ই খুব ভাল ভাবতেই পারিনি যে গল্প টা এমন হবে খুব ভালো সময় কাটলো নাটক টা দেখে আশা করি এমন আরো অনেক গল্প পাব আগামিতে,0,0,0,0,0,0
আসলেই দুনিয়ার সব থেকে সুন্দর সম্পর্ক হলো বন্ধুত্ব হয়তোবা ভালোবাসা হয়ে যায় কিন্তু এই সম্পর্ক কখনো শেষ হয় না,0,0,0,0,0,0
হিরো আলম বগুড়ার চরকে মরুভূমি বানায় দিছে এদিকে তুমিও মরুভূমি তে । তোমাদের জন্য শুভকামনা,0,0,0,0,1,0
আর আইনশৃঙ্খলা বাহিনী হলে তো কেউ বাঁধা দিবে না। সেক্ষেত্রে সহজেই মুক্তিপণ দাবী করতে পারবে। যাদের মুক্তিপণ পরিশোধ হচ্ছে না তাদের মৃত পাওয়া যাচ্ছে।,0,0,0,0,0,0
"মুহম্মদ যখন বাচ্চা মেয়ে আয়েশাকে বিছানায় নিয়ে যায় (এটাকে আমি বিয়ে বলবো না), সেটা লুচ্চামি, সেটা শিশুকামিতা, সেটা ধর্ষণ।",1,0,1,0,0,1
পরিবার নিয়ে ভারতে যাও। নারী সদস্যদের আর এস এসের ধর্ষণের শিকার বানাতে,0,1,0,0,0,0
আমাদের দেশের নাটক গুলো ভালো আর ও ভালো লাগবে নাটকে শুদ্ধ ভাষা প্রয়োগ করলেমিশ্র ভাষা ভালো লাগেনা,0,0,0,0,0,0
"মাক্স না পরলে জেল জরিমানা আর হাজার হাজার নারী নির্যাতনের, খুন খারাপির কোনো বিচার নাই।।",0,1,0,0,0,0
ওর কথাবার্তা শুনে বোঝা যাইওর মেয়ে কেনো দেখতো না খোজ খবর নিতো না,0,0,0,0,0,1
দেশ ভাগের সময় রাখাইন রাজ্য বাংলাদেশ তথা পাকিস্তানের সাথে থাকতে বলেছে কিন্তু এই নেহেরু এটা নাখোচ করে দিয়েছে যার দরুন আজ রহিঙ্গাদের করুন অবস্হা !,0,0,0,0,0,0
আর বৃষ্টি না হলেও যে শহর খুব স্মুথলি চলছে তাও কিন্তু না,0,0,0,0,0,0
একটা রাস্তার কুকুরের সাথে তোর সাথে ততখানি ব্যবধান যতখানি রাস্তার কুত্তা আর পোশা কুত্তার মধ্যে ব্যবধান,0,0,0,0,0,1
ডাক্তার দেখান।ইংল্যান্ড তে অলআউট আর এই ইংল্যান্ড ভারতে ।সৎ ভাবে খেলার দাওয়াত রইল।আপনারা তো নম্বর পথ নেন।সৎ সাহস থাকলে সৎ ভাবে জিতে দেখান বাংলাদেশ না করতে পারলে ভারত রান করতে পারব না।,0,1,0,0,0,0
অনেক সুন্দর নাটকটি অনেক কিছু শেখার আছে এ নাটক থেকে,0,0,0,0,0,0
অসাধারণএই নাটকটি দেখার জন্য লাষ্ট ২টা মাস অপেক্ষা করেছিঅবশেষে দেখতে পেলামধন্যবাদ মিজানুর রহমান আরিয়ান,0,0,0,0,0,0
: ফুচকা বিলাশে এসে তার কি লাভ ফুচকা আর কেক খাওয়া ছাড়া? দয়া করে স্টেইট প্রশ্নের উত্তর স্ট্রেইট দিবাইন?,0,0,0,0,0,0
"চুদির ভাই এতো দিন কই ছিলি, তুরে দেখে আজকে ভালো হাগু হবে,",1,0,0,0,1,1
"বন্ধু যখন হঠাৎ করে বিচিতে টোকা মেরে দেয় তখন আমি বলি, ছুড়ি দিয়া তোর ভুরি ফালাইয়া দিমু",0,0,0,1,0,0
ভারতের লাথি মেরে ওদেরকে নিরাপত্তা দাও সরকারকে একটার পরে একশটাকে মেরে ফেলে চিতায় জ্বলিয়ে ফেলো ।,0,0,0,1,0,0
রানুকে জুতার মালা দিয়ে ভিক্ষা করতে দেওয়া হোক আর ওর যা আছে সব কেড়ে নেওয়া হোক,0,0,0,0,0,1
নাস্তিকরা বিদেশে বসে আল্লাহ নবীর বিরুদ্ধে কথা বলে কারা বিদেশে চাকরি দিয়ে পাঠিয়েছে পিছনে কাদের হাত একটু ব্রেইন খেলুন সব বুঝে যাবেন ওদের বিরুদ্ধে আয়াজ তুলুন,0,0,1,0,0,0
"জুতার ইমো জি নাই রে ভাই,,, থাকলে কেউ ধার দাও,, এই নাস্তিকটার মুখে কয়েকশ জুতা মারি।",0,0,0,0,0,1
আর যাদের সার্কাসে যোগদান করার ইচ্ছে নেই তাদের হিরো আলম ভাইয়ের ব্র্যান্ডে যোগ দেওয়ার জন্য জোর দাবি জানাচ্ছি,0,0,0,0,1,0
ভারত আর পাকিস্তান যুদ্ধ লাগুক আর নাইবা লাগুক ফেসবুকে দেখছি ভারত পাকিস্তান নিয়ে অলরেডি যুদ্ধ শুরু হয়ে গেছে।,0,0,0,0,1,0
কিন্তু বাংলাদেশের দর্শকরা সমর্থকরা পাকা হারামি তারা নিজেদেরকে শের আর বাকিদের শুয়োর ভাবে।। শুধু আম্পায়ারের দোষ ভারতের দোষ এসব বলে নাচানাচি করে।। আপনারা যোগ্য টিমের অযোগ্য অকৃতজ্ঞ ছোটলোক সমর্থক।।,0,1,0,0,0,0
"“ঐ মিয়া সব গরুই তো পালা গরু ... এমন তো না যে, গরু জন্মের পরেই ছুটে জঙ্গলে চলে গিয়েছিল, তারপর ওখান থেকেই পাকড়াও করে হাটে আনা হয়েছে”",0,0,0,0,0,0
তোর মত ছাগলে কথা বাঙ্গালী এখন আর বিশ্বাস করে না রে,0,0,0,0,0,1
ফাসিঁ দিছে ঠিক করছে রাজাকারের বাযলার মাটিতে বেচেঁ থাকা চলবে না,0,1,0,0,0,0
আরিয়ান ভাই আপনার নাটক গুলো খুব ভাল লাগেএরকম নাটক আপনে আরো তৈরি করেন,0,0,0,0,0,0
মান্দারের বাস্সা সারাদিন পর ফেবু আইসা যাত্রাতেই তুর খোব্রাটা সামনে পরসে,1,0,0,0,0,1
তোর মা ভালো না তুই আর কতটুক ভালো হবে শালা,0,0,0,0,1,1
সত্যি খুব ভালো লাগলো আহা সত্যি কারে ভালোবাসা গুলো বাঁচতে চাই,0,0,0,0,0,0
"মাগি খানকি তোর কি মা, বাবা, ভাই,বোন নাই মাগি",1,0,0,0,0,1
নাটক টা খুব খুব মজা লাগলো দারুণ আর জাড়া জাড়া দেখাছে তাদের কাছে কেমন লেগেছে,0,0,0,0,0,0
লে: কর্নেল জাফর এখানে এত উগ্র একে ভালো করে গাঁজা সেবন করানো দরকার এ কোথায় ছিলো তখন,0,0,0,0,1,0
"সে বিজেপি আরএসএস এর কর্মী,সে দাঙ্গা বাধানোর জন্য ইসলাম কে অপমান করে বিভিন্ন সময়ে সোস্যাল মিডিয়া তে গুজব  ছড়িয়ে যাচ্ছে।",0,0,1,0,0,0
"মাশাআল্লাহ ভিপি নুর, আওয়ামী সন্ত্রাসী লীগ থাকলে বাংলাদেশে কোন ইসলামী চ্যানেল থাকবেনা তাই আওয়ামী লীগকে বয়কট করেন সবাই",0,1,0,0,0,0
বৃন্দাবন দাস রচিত নাটক অনেক সুন্দর হই সুন্দর একটা নাটক দেখলাম বাস্তব জীবনের সাথে মিল আছে,0,0,0,0,0,0
বিরাট কুত্তার বাচ্চাটা ব্যাটসম্যান হিসেবে যতোটা ভাল চরিত্রটা ততোটাই খারাপ। এই কুত্তার বাচ্চার মায়েরে মনে হয় রেন্ডিয়ার কতগুলা নেড়িকুত্তা গণধর্ষন করে বীর্য দিয়ে ভরে দিয়েছিল। তারপর কুত্তার বাচ্চার মা এইটারে জন্ম দিয়েছে।,1,0,0,0,0,1
ভাই তুমি সব পারো বস ইজ রিয়েল হিরো লাভ ইউ বস,0,0,0,0,0,0
"বেরিয়ে আসছে ভারতের ধর্মনিরপেক্ষতার আসল চেহারা, চাপের মুখেই ধর্মান্তরিত হন ২০০ মুসলমান",0,0,1,0,0,0
কোনও গরীবকে ১০ টা টাকা না দিয়ে একটা পেট্রোলিয়াম জেলি  দেন... সে উপকার পাবে,0,0,0,0,0,0
"চুতমারানি চুদির ভাই,বিচির মধ্যে এমন একটা লাথি মারমু যে তোর আগামী সাত প্রজন্ম বিচি ছাড়াই পয়দা হইব।",1,0,0,1,0,0
আশা করিআগামি সব নাটকে নামাযের কিছু পার্ট রাখবেন এই নাটকের মত দারুন হইছে,0,0,0,0,0,0
আই তর মুখে জুতার বারি দেই।।। তর এমন পাপ আল্লাহ ক্ষমা করবে কিনা সন্দেহ আছে,0,0,1,1,0,1
সোপার অসাধারণ অসাধারণ অসাধারণ অসাধারণ অসাধারণ অসাধারণ অসাধারণ অসাধারণ অসাধারণ অসাধারণ অসাধারণ অসাধারণ অসাধারণ শতবার অসাধারণ নাটক বলেও কম হবে,0,0,0,0,0,0
বুকের দুই পাশে দুই টুকরো ছিড়ে ফেললে আরও সুন্দর ও সেক্সি লাগত।,1,0,0,0,0,0
বাংলাদেশের মুভি থেকে নাটক গুলো বেশি ভালনিশো ভাই সিয়াম তাহসান ছ্যারের নাটক গুলো সবথেকে বেশি ভাল লাগেআমার মত কে কে আছেন,0,0,0,0,0,0
"ছি ছি মিথিলা একটি বারের জন্য হলেও পরকালের চিন্তা করো নি, আমাদের সকলকে তো মরতে হবে",0,1,0,0,0,0
জীবনের অনেক কাহীনী অপুর্ব ভা্য় আপনার নাটকের সাথে ১০০থেকে ৮০ মিল আছে অসাধারণ অপুর্ব ভায় আপনাকে সালাম,0,0,0,0,0,0
তোরে মানুষ যে ভাবে সোদন দেয় কাপড় পড়ার সময় কই তোর,1,0,0,0,0,1
মিজানুর রাহমান ব্রো আপনাকে কি বলবো ভাষা নেই সত্যি একদমই ভাষা নেইচোঁখের পানি না আনিয়ে আপনি ছাড়েন না ভীষণ ভীষণ ভীষণ সুন্দর একটি উপহার ছিল এইটা আরো চাই এমন আরো অনেক অনেক বেশি,0,0,0,0,0,0
ভারতে বুকের পাঠা থাকলে বাংলাদেশ অসতো। দেখায় দিবো বাংলাদেশের বাশ টা কি রকম।,0,0,0,1,0,0
শুধু কাছে পাওয়ার জন্য ভালোবাসা নয়শুধু ভালো লাগার জন্য ভালোবাসা নয়নিজের সুখ বিসর্জন দিয়ে ভালোবাসার মানুষকে সুখী রাখার নামই ভালোবাসা,0,0,0,0,0,0
একদম নিখুঁত অভিনয়় এইসব নাটক গুলা কেন যে চ্যানেল পায় না বুঝি ইই না অন্তত্য এইটা চ্যানেল পাওয়া উচিত ছিল,0,0,0,0,0,0
অনেক সুন্দর একটা মেসেজ সব কিছু এক জীবনে পেতে নেইজীবনে কিছু অপূণর্তা ই ভালচোখে পানি এল নিশো বস অাপনি ফাটিয়ে দিয়েছেন,0,0,0,0,0,0
দাদা একটি রেফারেন্স  তো আপনার  ধর্ম  গ্রন্থ থেকে  দিতে  পারেননি।,0,0,1,0,0,0
সালা পুটকিমারানী নিজেরটা তো নিজেরটা দিয়াই মারস মডেল দিয়া করবি? বুঝবার পারছি মডেল এর সাহায্যে তোর টায় ঠিক মতো ঢুকতেছে কিনা অথবা ঢুকার পরে যদি আটকায় যায় তাইলে মডেল দিয়া বের করবি তাই তো,1,0,0,0,0,1
তোমার সাথে এটা করা ঠিক হয় নাই আর তুমি তো জান্নাত থেকে পালিয়ে আসছো । এটা তারা বুঝে নাই,0,0,0,0,1,0
"ঘোরের মাঝেই সে ঝাপসা ঝাপসা দেখেছে, সামনের যে কোনও শুক্রবার ২০ টা কেক নিয়ে সে পথশিশুদের জন্মদিন পালন করবে",0,0,0,0,0,0
ছিঁড়ে যাবে কম্বল উড়ে যাবে বলিস । থেকে যাবে তবুও কাকুলি ফাণিচার ।,0,0,0,0,1,0
"... আমি এদের কথা শুনছি আর ভাবছি আমার হলুদ পাঞ্জাবিটা গুছিয়ে কোথায় রেখেছি? খুব ইচ্ছে হচ্ছিল বলি, ‘আমাকে নিবি?",0,0,0,0,0,0
ফালতু একটা লোক ওকে রাজহাঁস এর ডিম থ্যারাপি দেয়া হোক ।,0,0,0,0,1,0
"আর আজকের দিনে পাসওয়ার্ডও তো মাশাল্লাহ কম না; ফেসবুক, ইমেইল, টুইটার, ইন্সট্রাগ্রাম, ইউটিউব, আই-ক্লাউড, ভাইবার টেঙ্গো, মেঙ্গো... কতো কি... তারপর আছে ডেবিট কার্ড, ক্রেডিট কার্ডের পাসওয়ার্ড... তারপর আছে কম্পিউটারের পাসওয়ার্ড ... মোবাইলের পাসওয়ার্ড...  wifi এর পাসওয়ার্ড",0,0,0,0,0,0
"উ উ উ মাগো, এতো দেখি চাপা চাপি আর ঠেলা ঠেলি, টুরু লাভ",1,0,0,0,0,0
দেশের আভ্যন্তরীন সমস্যায় যদি অন্য দেশের বাহিনী আসে তাহলে আমাদের সেনাবাহিনীর সক্ষমতা কতটুকু?,0,1,0,0,0,0
খুব ভালো নাটক টা ৫৩ঃ১৭ সেকেন্ড লাইফ সিস্টরি বুজিয়ে দেওয়া হলো,0,0,0,0,0,0
ভারতে গরু চুরি না করলে হালাগো প্যাটের ভাত হজম হয় না।,0,1,0,0,0,0
"আল্লাহ ম্যাজিক এর মতো কাজ করে না,আল্লাহ ভুয়া ৷",0,0,1,0,0,0
ওফফফ অনেক দিন পর মন খুলে হাসলাম পুরা নাটকটা জুড়ে শামিমের অভিনয় দেখে হাসতে হাসতে বুক ব্যাথা হয়ে গেছে আর সাজ্জাদ তো বরাবরই একজন ভালো অভিনেতা,0,0,0,0,0,0
"আমি সরকারি চাকরি করি, তোমার এই এক কথায় তোমার দোন আমি মুখে নিতেও রাজি",1,0,0,0,0,0
তোর চারা গাছের মায়েরে চুদি সুন্দরবনের পাশ ভোদার বিদুৎ নিয়ে দুরে সর।মাগী ভারতের দালাল।,1,0,0,0,0,1
সত্যি অনেক লাগলো ও অনেক মজা পেলাম নাটক টা দেখেইরফান সাবিলা নূর ও শামিম হাচান সবার অসাধারন অভিনয়বাস্থব এর সাথে অনেক মিল চিল সত্যি কলিজার বন্ধুরা এমনই হয়,0,0,0,0,0,0
যে শিক্ষিত না তার সাথে বক্তব্য দিয়ে লাভ নেই ধর্ম সম্পর্কে কিছু জানে না সে তার সাথে আপনি কি বলবেন হিন্দুরা হিন্দুদের ধর্ম সম্পর্কে কোন  কিছু জানেনা,0,0,1,0,0,0
যে পারফরম্যান্স দিছো মিয়া প্রথম ম্যাচে । এভাবে চলতে থাকলে পরের ম্যাচগুলোতে সাইড ব্যাঞ্চে বসে থাকতে হবে ! আজকেও তা মনে হয় হতে পারে,0,0,0,0,1,0
এদের কোন সাহায্য চাইনা এবং গুলি দেশের নিরাপত্তা ব্যবস্থা বদল হোক এদের দেখার কোন আধিকার নেই এদের পিটিয়ে মারা ফেলার উচিত ছিল,0,0,0,1,0,0
নিজের রুপ কাজে লাগিয়ে অনেক কিছু হাসিল করা সম্ভব । পরী মনিকে দেখে শিখো বাচ্চারা ।,0,0,0,0,1,0
দুদিন আগে অন্য ধর্ম থেকে চুরি করা জিনিস নিয়ে যাদের জন্ম তারা নাকি আমাদের ধর্ম সম্পর্কে জ্ঞান দেয়!!!,0,0,1,0,0,1
“ভাবেন একবার ঢাকা শহরের সুবিধাবঞ্চিতরা হাতে জাল নিয়ে ঘুরছে... তারপর?”,0,0,0,0,0,0
চাঁদনী চকে আম্মার সাথে যেয়ে বিরক্ত হয়ে মেরুন কালারের ট্রেনের লম্বা সিটের মতো সোফায় চুপ করে বসে থাকতাম পা ঝুলিয়ে,0,0,0,0,0,0
নাটক টা পুরুষ্কার পাবেই পাবেআরফান এই নাকটে তার লুক চেঞ্জ করেছেঅনেক সুন্দর লাগছে আরফান ভাইকে,0,0,0,0,0,0
"নাস্তিকের কনো পরিচয় নেই জুতা মারার দরকার,যা খুশি তাই করে পশুর মত কারন সে কনো সিরিষ্টিকরতাকেই মানে না,পিথিবীতে এরাই ও শান্তি ছড়ায়,তাই তাদেরকে মিত্তু ডন্ড দেওয়ার দরকার আমি মনে করি।",0,0,1,1,0,1
"কি যে ওর কন্ঠ সুর শুনলে পাড়েই বমি আসে, হিমেশের সালমান খান বেশি ফেমাস হওয়ার জন্য এইসব পাগলদের কে প্রশ্রয় দেয়",0,1,0,0,0,0
তুর উপরে অনেক রস তা বুজা যাচ্ছে। নিচের রস কই ইঞ্চি???,1,0,0,0,0,1
দেহ ব্যবসায়ী মমতাজ যদি সংসদ সদস্য হতেপারে তাহলে হিরো আলম হতে পারবেনা কেনো??,1,0,0,0,0,1
অাসলে ই অসাধারণ হ্যাপি ফ্যামেলি হোম সার্ভিস জনগন অনেক কেঁদেছে,0,0,0,0,0,0
"বা, চর্চাটা আরও আগে থেকেও শুরু হতে পারে... জেএসসি বা পিএসসি থেকেই",0,0,0,0,0,0
অসাধারণ আমার অনেক অনেক পুরনো স্মৃতি ফিরিয়ে দিয়েছে ভুলে গিয়েছিলাম আমি অভিনয় দেখছি কখন নিজের অজান্তে নিজের স্মৃতি সঙ্গে এক হয়ে গিয়েছিলাম অনেক অনেক অভিনন্দন,0,0,0,0,0,0
ভাই আপনি তো সো কুল বাট এই ফোটোতে ঠু হট লাগছে ।,0,0,0,0,1,0
"আজকের এই পবিত্র দিনে তোরে গালি দিলাম না , ঈদটা যাক পরে তরে মাগির পুলা, বান্দির পুলা, চুতমারানিরর পুলা, চুদির ভাই, চুদাওরি বইলা গালি দিমু",1,0,0,0,0,1
চোখের পানি চলে এসেছে কখন বুজতেই পারিনি আল্লাহ যেনো এমন ভাবি আর ভাই না দেয় আল্লাহর কাছে লাখ লাখ শুকরিয়া আমার ভাই দুইটা এমন না আল্লাহ যেনো ওদের সব সময় ভালো রাখে,0,0,0,0,0,0
"আশেপাশে প্রচুর দেখি, শরীর অসুস্থ হয়ে যাবে দেখে এই আমাদেরই অনেকে রোযা রাখে না",0,0,0,0,0,0
"আমি তর মারে,বিবি হাওয়া,তদের মা ফাতেমারে চুদে লোকাল প্লেয়বয় হইসি ।",1,0,1,0,0,1
হিন্দু ধর্ম কোন ধর্ম অমান্য করে না।কিন্তু ইসলাম কোন ধর্ম না।কোরান পুরো হিংসাক্তক একটা বই।,0,0,1,0,0,0
প্রতিটা বাংগালীর এই ফারাক্কা বাঁধ ভারতের মুখে তুতু দেওয়া উচিৎ ।,0,1,0,0,0,0
এ পাকিস্তানের কাছে টেষ্টে উইকেটে হার। তাদের কাছেই এশিয়াকাপ ফাইনালে রানে হার।এবছর টি বিশ্বকাপে ভারতের কাছে রানে হার।ইংলিশদের সাথে প্রথম ওডিআইতে জেতা ম্যাচ হার।আর নিতে পারছিনা।শুধু কালকে ম্যাচটা জিত ভাই সব দুঃখ ভুলে যাবো কথা দিলাম।,0,1,0,0,0,0
তোমার হেড লাইন লিখাটা থেকে বাংলাদেশ কথাটা বাদ দিলে অর্থ কি দাড়ায়? তাই হতো ভারত এই পিচে খেললে রান করতে পারতো না,0,1,0,0,0,0
কলকাতা থেকে বলছিঅসাধারণ একটি নাটক এর প্রথম এবং দ্বিতীয় দুটি ভাগই আমাদের দেশের কোনো সিরিয়ালের পক্ষেই এতো টা হৃদয় ছোঁয়ানো গল্প উপস্থাপন করা সম্ভব নয় আপনাদের প্রায় প্রত্যেকটি শর্ট ফিল্মই দেখি আমি সত্যিই অসাধারণ উপস্থাপনা,0,0,0,0,0,0
প্রথমবার এই বিশ্রি বাক্য টাও সুন্দর শোনালো এভাবেই যুগ যুগ ধরে আমাদের টুপি পড়িয়ে আসছেন শাসকগোষ্ঠী ।,0,0,0,0,1,0
"উল্টা পাল্টা উত্তর লেখার পর যেই প্রশ্নটা জিজ্ঞেস করতে পছন্দ করে শিক্ষরা তা হলো, তোমার মাথাটাথা কি ঠিকঠাক আছে নাকি?",0,0,0,0,1,0
♪♪♪ অসাধারাণ অসাধারাণ নাটক ♪♪♪ অপৃর্ব বেষ্ট তিশার অভিনয় টা খুব খুব ভালো লাগলো ♪♪♪♪,0,0,0,0,0,0
ফ্রান্স বিরোধী আন্দোলনে ভারত ফ্রান্সকে সাপোর্ট করায় ভারতকে খুশি করতেছে ফ্রান্স,0,0,0,0,1,0
আপা । আপনি পাশে থাকলে । ছোট ছোট ড্রেস গুলো গ্রামের মেয়েদের ফ্যাশন হয়ে যাবে,0,0,0,0,1,0
২টার চেহারা দেইখা আমার বাসার কাজের বুয়ার কথা মনে পড়ল,0,0,0,0,1,1
"পুরো বাংলাদেশে আওয়ামীলীগ সন্ত্রাসীরা,, শতশত একর জমি,, জোর করে দখল করে নিয়েছে,, দীর্ঘদিন জোর করে ক্ষমতায় থাকার ফসল এই সব সন্ত্রাসী কর্মকান্ড।",0,1,0,0,0,0
ঘুরো বাবা ! বেশি করে হলিডে করো ! দেশের টাকা নিয়া ঘুরবা না তো কি করবা ! তোমরা তো বৈধ বাটপার,0,0,0,0,1,0
সালে ভারত আমাদের যেভাবে সাহায্য করেছে আমাদেরও উচিত সেভাবে রোহিঙ্গাদের সাহায্য করা।,0,0,0,0,0,0
জাস্ট কলিজায় লাগলো শেষটা অসাধারণ ছিল যেকোনো অবস্থায় নামাজ ছাড়তে নেই,0,0,0,0,0,0
অসাধারণ সব সময় অপেক্ষায় থাকি কখন আরফান নিশো ভাই এর নাটক দেখবো,0,0,0,0,0,0
যারা হাহা দিছে তাদের জন্য জামাল পুরের ডিসির পক্ষ থেকে এক বদনা অভিন্দন ।,0,0,0,0,1,0
একটা সুখের সংসার কিভাবে মাটিতে মিশিয়ে দিতে হয় তা একমাত্র এই সব মহিলারা পারে,0,1,0,0,0,1
খানকিন পুরারা সব মিডিয়া তোদের মত মিথ্যা খবর লিখে না আর সবাই হলুদ মিডিয়াও না,1,0,0,0,0,1
"স্বরাষ্ট্রমন্ত্রী একজন বড় রাজাকার, তাকে ধরে ফাঁসি দিন তাহলে বুঝতে পারবো আপনারা সত্যিকারে রাজাকারের বিচার করছেন",0,1,0,0,0,0
চিকিৎসক-নার্স-কর্মীদের সুরক্ষা উপকরণ সরবরাহের নির্দেশ দিচ্ছে হাইকোর্ট।দোকান-মার্কেট বন্ধের ঘোষনা দিচ্ছে দোকান মালিক সমিতি।চিকিৎসক-নার্স-কর্মীদের সুরক্ষা উপকরণ দিচ্ছে বুয়েট।টেস্টিং কিট দিচ্ছে চীনের ‘আলীবাবা’।তাহলে সরকার করছেটা কি?,0,1,0,0,0,0
কি বলবো এক কথায় অসাধারণ ২০১৯ সালের সেরা নাটক এটা কি অভিনয় দেখালো নিশো ভাই,0,0,0,0,0,0
জয়া আহসান ভারতের সাপোর্ট করবে বলে আমরা তার চৌদ্দ গুস্টি উড়াইয়া ফালাইছি কিন্তু সাকিব আর জয়া আহসানের মধ্যে কোনো পার্থক্য নাই । দুই টাই এক ই রকমের ।,0,0,0,0,0,1
ওরে আরিপ্পা।তুই শালী কোনদিনই বেটা হইবার পারবিনা।হিজরা যে হিজরাই থাকবি।যতই মাইয়ালোগ লইয়া পটু তুলসনা কেন।,0,0,0,0,0,1
ভারত কি বালের শান্তি চাইবে ভারতের নিজেরই শান্তি নেই নির্লজ্জ কুকুরের জাতী ভারত,0,1,0,0,0,0
ওঁকে জুতার মালা আর গো মুত্র প্রদান করা হোক । ভারত সালের পর থেকে শুধু বাংলাদেশের খতি করেছে এবং চেয়েছে। ভারতের মত তথাকথিত বন্ধু দেশের চাইতে বন্ধু হীন থাকাই ভাল ।,0,0,0,0,0,1
"এই নাস্তিক এর বাচ্চারে বাংলাদেশ থেকে বিতাড়িত করে ইহুদি দেশে পাঠানো হোক,আর ওনার সকল প্রকার অভিনিত সিনেমা বয়কট করা হোক।",0,0,1,1,0,0
শুধু রাজনীতি নয় সব কিছু এখন মিডিয়ার মাধম্যে চলছে এই যে কিছুক্ষন আগে মালাউনদের লাত্তি খাইলেন সে খবর আছে? ক্ষমতা যাক দেখবেন এদেশ থাকতেও হয়ত পারবেন না,0,0,1,0,0,0
নাটক অনেক ভালো লাগছে অসাধারণ এককথায় বৃন্দাবন দাস ও সালাউদ্দিন লাভলু দুই পরিচালক দু জননে অনেক ভালো নাটক ডুবাই থেকে,0,0,0,0,0,0
"একটা জিনিস বুঝলাম না,চোর,গুন্ডা,সন্ত্রাস,ধর্ষক,চাদাবাজ এরা আবার  হাজি হয় কিভাবে?",0,0,1,0,0,0
আমাদের সৃষ্টিকর্তা মহান পবিত্র আল্লাহ ব্লগার মানে আপনি নেশায় আসক্ত হয়ে মন যা চাইবে তাই লিখবে এমন ব্লগারদের কে আমি জুতা মারি গালে গালে,0,0,1,1,0,1
"আওয়ামী লীগ শুধু অতীত নিয়ে আলোচনা করে, বর্তমান নিয়ে নয়।",0,1,0,0,0,0
মালায়াওন এর বাচ্চারা হলো সুবিধা-পাটি। তারা শুধুমাত্র নিজেদের সুবিধারথেয় বাংলাদেশকে যুদ্ধে সাহায্য করেছে,0,0,1,0,0,0
ঢাকার কোথায় ধান পাট আলু মূলার চাষ হয় আমাকে বলেন... এমন এলাকায় কেন গবেষণা হবে যেখানে প্রডাক্টই নেই,0,0,0,0,0,0
"আরিব্বা বেডা মে মাসে ২১ ফেব্রুয়ারির কথা কস, মন চায় তর নাকের নিচের বালে সুপারগ্লু লাগাই দেই",1,0,0,1,0,1
"অভিজিৎ রায় হত্যাকান্ড খুনিরা দিব্যি চলে গেল, পুলিশ নীরবে দেখল",0,1,0,0,0,0
"বিশ্বাস রাখেন; এতে, আশেপাশের কেউ খুশি না হলেও... উপরওয়ালা অন্তত খুশি হবে আপনার উপর",0,0,0,0,0,0
এই নাটকটা যে কত শত বার দেখছি আমি নিজেও জানি না অসাধারণ একটা নাটক কে কে আছেন ২০১৯ এ,0,0,0,0,0,0
ন্যায় বিচার তো হবেই। কারন হলো এই দেশে বছর ধরে উল্টা রায় হয়। যারা কনো অপরাধ না করে তাদের হয় ফাসি । আর যারা অপরাধী তারা পায় মুক্তি ।,0,1,0,0,0,0
প্রথম দিকে খুব মজা লেগেছে শেষের দিকে কান্না করে দিয়েছি,0,0,0,0,0,0
তরা সারা জীবন ভারতবর্ষের যিনিস খাইতেছস এমনকি গরু গুলো চুরি করে খাইতেছস এই রিন কবে শেষ করবি ভারতবর্ষের টা খেয়ে বেঁচে আসছ একটু লজ্জা কর,0,1,0,0,0,0
কি ক্রিকেটার ভাইয়ারা আপনাদের মাথায় কি এমপি মন্ত্রী হওয়ার ভূত ঢুকেছে নাকি ? যদি তাই হয় তাহলে বাইশ গজের জায়গাটা ছেড়ে দিয়ে তাদের দলে এডমিশন নিয়ে রাজনীতিবিদ হয়ে যান !,0,0,0,0,1,0
আমি একটা জিনিশ চিন্তা করে পারছিনা ভারত কি ভারতীয়া মালুরা তো খাইতে পাইনা আবার বাংলাদেশেরে কি শোহিজিতা করবে।,0,1,0,0,0,0
"মাদার চুদ, ১৯৭১ সালে খানকির পুলারা,৩০ লক্ষ, মানুষের প্রাণ গেছে তদের জন্য, কুত্তার বাচ্ছা",1,0,0,0,0,1
অপুব্যকে আমি ধন্যবাদ জানাই ওর নাটকগুলো আমার কাছে অনেক ভাল লাগে,0,0,0,0,0,0
ভালো ভালো আরো একটি ম্যাচিউর প্রেমের গল্প শুধু প্রেম নয় আরো অনেক কিছু একটা অতি সাধারণ গল্পের মাধ্যমে একটা এত বড় দাম্পত্য জীবন তুলে ধরার জন্য ধন্যবাদ লাটস অফ লাভ টু তিশা ফ্রম ওপর বাংলা,0,0,0,0,0,0
আতিক ভাই মনে হয় শরবত বানায় না প্রতিদিন এই টাইমে পোস্ট দেয়,0,0,0,0,1,0
"একসময়,সমস্ত দেবতারা দেবতাদের সভায় একত্র হয়েছিলেন,স্বর্গীয় বেশ্যারা নাচ-গান করছিল । সেই উপলক্ষ্যে,অগ্নি-দেবতা রমভার  সুদৃশ্য নিতম্ব  দেখে আবেগে  উত্তেজিত হয়ে তাঁর বীর্য বের করে দেন।",1,0,1,0,0,0
জুতা মারা দরকার এই ছাগলের বাচ্চা কে।রমজানের পবিত্রতা তো রাখ শালা আবাল।,0,0,0,1,0,1
ইমোশনাল টাচিং ছিল খুবএখানে সবচেয়ে বেশি যে বিষয়টির ভালো লেগেছে তা হলো এখানে নামাজ পড়ার জন্য অনুপ্রাণিত করা হয়েছে সে জন্য শুভকামনা,0,0,0,0,0,0
বন্ধুরা আজেবাজে কমেন্ট করা বাদ দিন। আর চিন্তাভাবনা করুন এরে বাংলার জমিন থেকে কিভাবে বিতাড়িত করা যায়।,0,0,0,1,0,0
তুই হালা দালাল তোর হিনদু বাপেরা ভারতে মুসল মানদের ওপর কি ভাবে অতাচার করিছে,0,0,1,0,0,0
দেখতে হিজ্রার মত লাগতেছে।নাস্তিক দুনিয়ার লালসাই পরকাল ভুলে যাই আবার না দেখে বিশ্বাস করেনা। পাগল ছাগল সেলিব্রেটি হলে যা হয় এই কুকুরদের দেখলেই জুতা দিয়া বারি,0,0,1,1,0,1
"মাগি তরে সামনে পাইলে জুতাপিটা করতাম, আর ষাঁড় দিয়া চুদাইতাম।",1,0,0,0,0,1
কে এই মালাইকারী ? চিংড়ির মালাইকারী বলে একটা খাবারের কথা অবশ্য শুনেছিলাম । আর অর্জন কাপড়টাই বা কে ? সে জীবনে কয়টা ছবি করেছে যে তেইশ কোটি টাকার বাড়ি কিনল ! এসব তথাকথিত সেলিব্রেটিরা প্রেম বিয়েই করে ছাড়াছাড়ি করার জন্য ।,0,0,0,0,1,0
আমার যদি এভাবে কেউ বলতো। লুঙ্গি ঠুঙ্গি খুলে ঝাঁপিয়ে পড়তাম,1,0,0,0,1,0
যাঁরা রাজনীতি করে তাদের মধ্যে অর্ধেকের বেশি অমুসলিম সাথে বাংলাদেশের নামে মুসলিম কিন্তু অর্ধকের বেশি অমুসলিম অপদার্থ বাংলার মুসলিম।,0,0,1,0,0,0
কি বলবো বুঝতাছি না কবির সিং কেউ হার মানিয়ে দিলো ব্যক্তিগত মতামত এক কথায় অসাধারণ,0,0,0,0,0,0
অসাধারণ ছিলো নিশু ভাইয়্যাভালোবাসা ভাইধন্যবাদ ওমি ভাইএমন একটি নাটক আমাদের মাঝে উপস্থাপন করার জন্য,0,0,0,0,0,0
"সে কি বলছে সেটা নিয়ে মাথা না ঘামিয়ে, নিজের কারাদন্ড নিয়ে মাথা ঘামা । হালা পাগল",0,0,0,0,0,1
এই উবার সিস্টেমে অন্যের গাড়িতে লিফট নেয়া আমাদের দেশে চলে আসছে সেই ৮০ সাল থেকে,0,0,0,0,0,0
কথা বলার ভাব ভঙ্গি দেখলে পায়ের থেকে জুতা খুলে মারতে ইচ্ছে করে রানু কে,0,1,0,0,0,0
মাবরুর রশিদ বান্নাহ গল্পকার অাপনাকে অনেক ধন্যবাদ এমন একটি সুন্দর নাটকের মাধ্যমে বাস্তবতা তুলে ধরার জন্য জয় হোক সমাজে এমন সকল বেয়াদবের,0,0,0,0,0,0
"তরে কত মানুষ গুয়া মারছে তা টিক নাই, দুধ দেখলে মনে হয় শুধু গুয়া মারছে না, দুধে শুনা ডুকাইচে তরে ছুধানির এক হাত নম্বা দন দিয়া গুয়া মারলে বুজতি তখন,",1,0,0,0,0,1
এই নাটকটিও যে এতো ভালোতা জানা ছিলোনা এখন রাত ১২৫৫মিনিট নাটকটি খুব মজা নিয়ে দেখছিশুধু বিভিন্নরকম এ্যাড খুবই প্যারা দিচ্ছে,0,0,0,0,0,0
বেষ্ট ছিলো পরিচালক কে ধন্যবাদ এমন একটা নাটক দেওয়ার জন্যপরিচালক এর জন্য লাইক হবে একটা দেও তারা তারি,0,0,0,0,0,0
রোজার আগে শেষ চোদা আজকে চুইদা লমু তোরে খাড়া মাইন্দারের পো,1,0,0,1,0,1
"হত্যা মামলার তদন্তে রং মাখানো চেষ্টায় মরিয়া পুলিশ, অশিক্ষিত মাজারের খাদেমকে ধরে সাবেক শিবির কর্মী বলে প্রচার",0,1,0,0,0,0
বুকের ভিতর কেমন জানি লাগতেছেঅপূর্বর জায়গায় নিজেরে ফিল করলাম কিছু বলার ভাষা নাই আর কিছু বললেও কম হয়ে যাবে চোখের পানি টা আর ধরে রাখতে পারলাম না,0,0,0,0,0,0
এই নাটকে সবচেয়ে ভালো লাগছে নিশু ভাইয়ের নামাজ পড়ার কথা,0,0,0,0,0,0
"অবশেষে বুঝলা তুমি বাংলাদেশে আছো,, আর এদেশের বাঙালিরা রড যেমন দেয় বাঁশও তেমন দিতে জানে।।",0,0,0,1,0,0
মাগির সেক্স উইঠা গেসে কেমন করে এই অসভ্যের বাচ্চার জন্মের ঠিক নাই মাগি খানকি,1,0,0,0,0,1
ভারতের মোদিরে চায়ের দোকানের কাজের ছেলে বলুন আর ভারতের কুততাগো জবাব দিন সেই সাথে বাংলার অহংকার মিরাজকে লাইক দিয়ে বাংলার সমমান বাচিয়ে রাখুন,0,1,0,0,0,0
আমি রাজাকারের যদি ছেলে হয় তোর মাকে জিগাইস তোই কার ছেলে,0,0,0,0,0,1
ইউটিউবকে ধন্যবাদ টিভিতে বিজ্ঞাপনের জ্বালায় তো নাটক দেখাই ছেড়ে দিসি টিউবের কল্যাণে এমন অসাধারণ গল্পের নাটক দেখতে পেলাম সকল কলাকুশলী ও অবশ্যই পরিচালককে বিশেষ ধন্যবাদ এমন প্রাণবন্ত নাটক উপস্থাপন করার জন্য,0,0,0,0,0,0
দেশে যে কত হলুদ মিডিয়া আছে তা বোঝা যায় বাতাবিলেবুর বাম্পার ফলনের খবর শুনে ।,0,0,0,0,1,0
"গার্লফেন্ড বয়ফ্রেন্ড যখন এনাল সেক্স করে,তখন গার্ল ফ্রেন্ড এর হাগা বয়ফেন্ডের বাঁড়ায় লেগে যাওয়ায় বয়ফ্রেন্ড, কেরে বাঁড়া তুই?",1,0,0,0,1,0
মেরিল প্রথম আলো ২০১৯ এর সেরা নাটক হবে এটি আশা রাখি,0,0,0,0,0,0
ভালো মেয়ে থাকলে বিয়ের পরে প্রেম করবে । খোঁজ নিয়ে দেখেন ওর দুইটা না বার টা আছে বার ভাতারি প্রো সে ।,0,0,0,0,1,0
তোর হেডামে কুলাইলে কোরআনের একটা ভুল প্রমাণ কইরা দেখা নটির পোলা নাইলে এইবারের পূজায় তোর মা দুজ্ঞারে চুইদ্দা আরও বাচ্চা পয়দা করুম সালার পুত,1,0,1,0,0,1
"১৭টি গরু এবং ৬১টি ছাগল কুরবানি হয়েছে এবার, সব মিলিয়ে বিশ লাখ টাকার মতো ডোনেশন এসেছে আমাদের ‘এক টাকায় আহার’ প্রজেক্টে",0,0,0,0,0,0
তালেবান কে পারিস না তাহলে ভারত কে কি ভাবে পারবি ।,0,1,0,0,0,0
ঠাকুরদা উপরে বসে আছে মুসলিমদের দরদ কি করে বুঝবে মালাউন,0,0,1,0,0,0
"আবাল আর পাগল ছাগল সেলেব্রিটি হয়লে যা হয় আর কি,রাস্তায় দেখা মাত্র জুতা নিক্ষেপ করে মেরে ফেলুন এই নাস্তিকটাকে",0,0,1,1,0,0
শূয়রের বাচ্চা রে মন চায় লাত্থি দিয়া বাংলাদেশ থেকে বের করে দিই।,1,0,0,1,0,1
অনেক বছর পর শামীম ভাই যখন দেশে ফিরে সাজ্জাদ আর অথৈ এর সাথে দেখা করতে যায় এটা দেখে পুরাই আবেগপ্রবণ হয়ে গেলাম আসলে প্রিয় মানুষদের মুখে হাসি দেখতেই অনেক ভাল লাগে সুন্দর নাটক সুন্দর অভিনয়সুন্দর ফিলিং,0,0,0,0,0,0
ভালো লাগছে কিন্তু বাচ্চা ১০ বছর পরে কলেজে উঠল কিভাবে,0,0,0,0,0,0
তখন আমি কন্যাদের আরও জোরে জড়িয়ে ধরি যেনও মাইর দিতে গেলে ২ বার ভাবে,0,0,0,0,0,0
"আপনার যে বন্ধুটা রাস্তায় চিপসের প্যাকেটে লাথি মারতে মারতে হাঁটে, সেই দেখবেন আপনার ফলোয়ার হয়ে গেছে যেদিন সে দেখবে আপনি নিচু হয়ে চিপসের প্যাকেটটা উঠিয়ে ডাস্টবিন হাতে না পাওয়ায়, হাতেই রেখেছেন",0,0,0,0,0,0
"আরেকটা গল্প বলি, ঈদের দিন হয়েছে বাচ্চাটা... আজ তার বয়স গুনে গুনে ৩ দিন",0,0,0,0,0,0
"এই কলিকাতার খাংকিদের কারোনে, বাংলাদেশের বদনাম হয় বিদেশে, সবাই ভাবে জে ওরা বাংলাদেশের মানুষ",1,0,0,0,0,1
নিশো ভাই সব সময় বেস্ট তার মধ্যে আবার কাবিলা জোস ছিল,0,0,0,0,0,0
কুত্তার গায়ে জাতীয় পতাকা জড়িয়ে কিসের চেতনা জাহির করতে চায় পীযুষ বন্দোপাধ্যায় এর স্ত্রী?,0,1,0,0,0,0
এতো সুন্দর৫৩ মিনিটে পুরো জীবন তাকে উপলব্ধি করলামঅনেক সুন্দর লাগলো,0,0,0,0,0,0
ভারতে মাত্র জন তাই সমবেদনা জানাচ্ছে আর মেয়ানমারে তো অসংখ্য মোসলমান আমাদের প্রধানমন্ত্রির কাছে এত সমবেদনা নাই,0,1,0,0,0,0
এই নাটকটি আমি কম হইলো বার দেখছি আমার খুব ভাল লেগেছে বিশেষ করে তিশার অসাধারণ অভিনয় করছে নিশো ভাইয়ের অভিনয় অনেক ভাল অভিনয় করে ছে,0,0,0,0,0,0
কিছু ৪২০ টাইপের ইউটোবাররা বাংলা নাটকের ১২ টা বাজিয়ে দিচ্ছে ধন্যবাদ পরিচালক আরিয়ান ভাই এত সুন্দর একটা নাটক উপহার দেওয়ার জন্যআর অপুর্ব ভাই তিনি অপুর্ব আবার প্রমান করলেন,0,0,0,0,0,0
আমার দেখা সবচেয়ে সেরা নাটক শেষের অংশে নামাজের দাওয়াত ছিলো এটা সবচেয়ে বেশি ভালো লাগছে,0,0,0,0,0,0
শেষ পর্যন্ত নাটকটা খুবই ভাল লাগল খুবই বাস্তব কাহিনীনির্ভর একটা নাটক আর অসাধারণ স্যাক্রিফাইস নিজের চাওয়াগুলো অপূর্ণ রেখে অন্যের ভাল চাওয়াটাই হয়ত প্রকৃত ভালবাসা,0,0,0,0,0,0
ওর সঙ্গে যা হয়েছে তার জন্য ওদের জেন ফাঁসি চাই,0,1,0,0,0,0
অপূর্ব সে তো অসাধারণ অভিনেতাউনার অভিনয় আমার খুব ভালো লাগেউনার সব নাটক টেলিফিল্ম আমি দেখিআরিয়ান ভাই তো অসাধারণ পরিচালক,0,0,0,0,0,0
শহীদ মিনারে ফুল দেয়া এবং হিন্দুদের পূজার মধ্যে পার্থক্য নেই,0,0,1,0,0,0
"জানি যা বলছি ঠিক বলছি না; তবুও আমার বিশ্বাস এরা যদি আজকে থাকতো এলাকা কাঁপিয়ে, আজকে আইন শৃঙ্খলা পরিস্থিতি ওতটা খারাপ হতো না",0,0,0,0,0,0
"আপনি রাস্তার মাঝে ভাঙ্গা গাড়ি নিয়ে কি করছেন? পুরান গাড়ি পুইড়া গেলে পাব নতুন গাড়ি, শশুরবাড়ি নিয়া যামু রসগোল্লার হাড়ি",0,0,0,0,1,0
মকবুল কেন এই যাবৎ যত জামায়াত নেতার ফাসি হয়েছে তারা কেউ রাজাকার বা কোন অপরাধি ছিলনা দোষ একটাই কোরআনের শাসন কায়েমের কাজ করছিল ইতিহাসে এরা কিনতু অমর অমলান,0,0,0,0,0,0
অসাধারণ নাটক তবে সব থেকে ভালো লেগেছে নামাজ নিয়ে কিছু উদাহরণ দেওয়া হয়েছে সেগুলো,0,0,0,0,0,0
অনেক আমলাতান্ত্রিক জটিলতা কাটিয়ে সরকারী হেফাজত থেকে  বিদ্যানন্দ নামের এক ভলান্টিয়ার গ্রুপ এই ৯৬টা কুড়িয়ে পাওয়া শিশুর তথ্য আর ছবি তুলে এনেছে,0,0,0,0,0,0
"এখন পুলিশ আমার সামনে পরলেই বলি উদ্যোক্তা, মনে আছে? পুলিশও আমাকে বলে যান যান, আমিও থ্যাংস ব্রু বলে চলে আসি। কিউট একটা ব্যাপার আরিব্বাই",0,0,0,0,0,0
আমেরিকার মেয়েদের বাল কাটা স্থান ও ইন্ডিয়ান মেয়েদের বাল বোঝাই পোদের তুলনা,1,0,0,0,0,1
হয়ত মনে হয় চলে যাওয়াই ঠিকযে রয়ে যায় তার কি উপায় কোন দিক,0,0,0,0,0,0
আমি সবাইকে শান্ত করে বাসার নিচে নেমে এসে এপটা খুলে দিলাম মোহাম্মদপুর সিলেক্ট করে ইলেক্ট্রিশিয়ান সার্চ,0,0,0,0,0,0
মিজানুর রহমান আরিয়ান মাবরুর রশিদ বান্না এরা পরিচালক না রে ভাই এরা অন্য লেভেলের এতো এতো এতো ভাল ভাবে একটা গল্প ফুটিয়ে তুলতে পারে এরা সেলুট ভাই আপনাদের,0,0,0,0,0,0
মিজানুর রহমান আরিয়ান ভাই নাটক টা পাট ২ দেয়ার জন্য নাটক অনেক অনেক ভাল লাগলো আপনাকে ধন্যবাদ,0,0,0,0,0,0
আমি কলকাতা থেকে দেখছি বাংলাদেশি নাটকের নিয়মিত দর্শক ও নিশো দা র খুব বড় ভক্ত অসম্ভব সুন্দর একটা নাটক অনেক ধন্যবাদ পরিচালক অমি দাকে,0,0,0,0,0,0
"একদিন সত্যি সত্যি হলো কি, আসলেই কোমরের টিউবের পাম্প চলে গেলো",0,0,0,0,0,0
"বা, পাবলিক ইউনিভার্সিটিতে পড়ে... আবার সে কোমরের নিচে ঢোলা প্যান্টও পরে... আবার সে উচ্ছন্যে যাওয়াও না",0,0,0,0,0,0
হিরু আলমও তরে চুদবেনা।তর মা বাবা কি পতিতার বাসিন্দা?,1,0,0,0,0,1
নাটকটা দেখে আমার চোখে পানি চলে আসছে সত্যি খুব ভালো নাটকধন্যবাদ সবাইকে যারা এই নাটক তৈরি করেছেন,0,0,0,0,0,0
বাস্তব যিবনটা দেখা যায়না 🥺 যার সাথে যেমন ঘটে সেই যানে তার ব্যাথাটা কি অনেক সুন্দর হইছে নাটকটা আর বৃন্দাবন দাসের তুলনা তো সে নিজেই আর চঞ্চল চৌধুরী তো সেই এক পিছ বাংলাদেশের,0,0,0,0,0,0
অমুক জায়গায় এক্সিডেন্ট করেছে গাড়ি? সে যেয়ে মুহূর্তে সব ম্যানেজ করে দিয়ে আসবে,0,0,0,0,0,0
"ছাত্রলীগ, যুবলীগ, আওয়ামীলীগ একটি জঙ্গি, সন্ত্রাসী সংগঠন এদের নিষিদ্ধ ঘোষণা করা হোক",0,1,0,0,0,0
এক কথায় অসাধারণ হয়েছে তাদের দুজনের জুটি টা অনেক সুন্দর এবং ভালো লাগে,0,0,0,0,0,0
"তার পাশে বসে থাকা এক এসিস্টেন্ট সমানে মাথা উপরে-নিচে নাড়াতে থাকল স্বাদের পরিচয় দেয়ার জন্য  আর অপরজন, একটু আগে হাতে তুলে নেয়া বিস্কিট আবার প্লেটে রেখে দিলো",0,0,0,0,0,0
নিশো ভাইয়ের শুরু থেকে শেষ পর্যন্ত কথাগুলো ছিল খুবই লজিক্যাল এন্ড স্টোরিটা খুবই ভাল,0,0,0,0,0,0
কুত্তার বাচ্চা তোরে জবাই করমু তর বেচেঁ থাকার কোন অধিকার নাই,1,0,0,1,0,0
শুধু মানুষ না... অমানুষের ‘যেমন খুঁজি তেমন সাজ’ও আমরা ঠিক ধরতে পারছি না,0,0,0,0,0,0
উঠতে উঠতে ২ ঘন্টায় ১৫৩০০ কম্বলের টাকা উঠেছে... এন্ড স্টিল কাউন্টিং,0,0,0,0,0,0
ব্রো প্লীজ ! কাল আপনি না খেললেই ফাইনালে চলে যাবো ইনশাল্লাহ ।,0,0,0,0,1,1
খুব ভাল একটা বার্তা পেলামধন্যবাদ পুরো টিম কে নিশো আসক্ত,0,0,0,0,0,0
যে লোক নিজের ধর্ম সম্পর্কেই জ্ঞান রাখে না সে আবার আসছে ডিবেট করতে,0,0,1,0,0,1
"নাইজেরিয়ান সোনা,বিগ ওয়ান অনেক মজা করে ঢুকিয়ে নিয়েছে নিজের মধ্যে।।",1,0,0,0,0,0
ইউ নেভার নো... পরের দিন হয়তো সে এক নতুন ‘সে’ হয়ে দিন শুরু করবে,0,0,0,0,0,0
মহিলা মা এর জাত প্লিজ তোমরা এনাদের দাম কোরো না তোমাদের মুখে বাধে না ?,0,1,0,0,0,0
আওয়ামিলীগ দলের স্বার্থে ইসলাম ও কোরআন হাদিস ও আলেম ওলামাদের বিরুদ্ধে কথা বলতেও ভয় করেনা।,0,0,1,0,0,0
শাহানাজ খুঁশি অাপুসত্যি অসাধারণ অভিনয় করেছেন দেখে চোখের জল ধরে রাখতে পারি নাই,0,0,0,0,0,0
কেনার আগে 'বসে কেমন আরাম' সেটা দেখতে যেয়ে সে পিছলে পড়ে যায়,0,0,0,0,0,0
হিন্দুদের মধ্যে এগুলো হয় এটাই তার বাস্তব প্রমাণ সবাই মতামত দিন,0,0,1,0,0,0
যেমনে মানুষের সোদন খাস এইডস হইবো তো তোর টাকা দিয়া কনডম কিন কামে লাগবো তোর।,1,0,0,0,0,1
আহ্ অসাধারণ অনুভূতি বাহবা পাওয়ার যোগ্য নিশো ভাই মেহজাবিন আপু আর ওই ভাইয়াটা হাবিব অসামান্য অভিনয় করেছেন আপনারা যা ছিলো অপলক দৃষ্টিতে দেখার মতো এক কথায় তুলনাহীন ভালবাসা রইলো,0,0,0,0,0,0
সালা মালাউনের বাচ্চা তর্ক না করে যা লতা পাতা দিয়ে ঘের দিয়ে টয়লেট বানা। তোরাতো বেশিরভাগ মানুষ টয়লেটের অভাবে খোলা জায়গায় পায়খানা করোছ।,0,1,0,0,0,0
"যদি তুই পোলা না হইয়া মাইয়া হইতি তাইলে তোরে চুদে আগে ভোদা তারপর পাছা,আর তারপর তোর মায়ের ভোদা তারপর পাছা আর শেষ কালে মুখে চুদে মেরে ফেলতাম যাতে তোর মতো হিজরা আর না জন্মায়।",1,0,0,0,0,1
হ্যাঁ জানি কোনও একনলেজমেন্টের জন্য এরা এই সোশ্যালওয়ার্কগুলো করে না ... কিন্ত আমাদের মতো কিছু বুড়া মানুষদের চোখে আঙুল দিয়ে দেখিয়ে দেয়ার জন্যও এই পুঁথিগত শিক্ষার মাঝে এই ওয়ার্কগুলোকে টাই-আপ করাতেই হবে,0,0,0,0,0,0
অসাধারণ একটি নাটক দেখলামআর আমার কাছে নিশো ভাই এর অভিনয় অনেক ভালো লাগেআমি নিশো ভাই এর সব নাটক দেখি একটাও মিস করি না,0,0,0,0,0,0
খুব ভালো লাগলো নাটকটাগতানুগতিক গদগদ প্রেম কাহিনী থেকে আলাদা একটু রাগান্বিত গম্ভীর না প্রকাশ করা ভালবাসাসব মিলিয়ে ভালো লাগলো আলাদা প্রেম কাহিনীটিধন্যবাদ শিহাব শাহীন সুন্দর নাটকটি উপহার দেওয়ার জন্যআগামীতে আরো ভালো ভালো কাজ উপহার দিবেন এই প্রত্যাশা রইলো,0,0,0,0,0,0
কড়া একটা ধমক দিতে যাব এমন সময় মুখ থেকে বের হয়ে আসলো “৭১”,0,0,0,0,0,0
বাঙালি হিন্দুরাই ভীতু চোদা তাই নুনু কাঁটা পিসলামিক শুয়োরগুলো ওদের অত্যাচার করে.,1,0,1,0,0,1
"তোরে চেনা চেনা লাগে, তুই তো অতীতের স্বৈরাচার এরশাদ বর্তমানে তুই একটা দালাল",0,1,0,0,0,0
বাসায় থাকলে তো আমি জুতা ই খুঁজে পাইনা । মাঝে মাঝে লেডিস স্যান্ডেলও ইউজ করা লাগে ।,0,0,0,0,1,0
ওই শিল্পিদের আন্দোলনের সময় পুলিশের উচিৎ গরম পানি ছিটানো এতদিন কই ছিলো আগে ভারতীয় সিরিয়াল গুলা বন্ধ করা দরকার।,0,1,0,0,0,0
"ভাই আগে আপনাকে  কোরআন  বেদ গীতা বইগুলো পরেন জানেন তাঁর পরে তর্কে বসেন তাহলে জবাব দিতে পারবেন,",0,0,1,0,0,0
পুরো বাক্যটি হচ্ছে এই যে দাদারা শুয়োরের বাচ্চারা কুকুরের ছানারা যদি আপনাদেরকে কামড়ায় বা আচড়ে দেয় তাহলে এই,1,0,0,0,0,0
নাটক টা ভালোই লাগলো কিন্তু হিন্দি মুভি কাবির সিং এর মত অনেকটা কাবিরের মত লাগলো আরফান নিশো ভাই কে কিন্তু আমাদের কাছে আমাদের নিশো ভাই সেরা,0,0,0,0,0,0
ভিডিও দেখে আমার বিচি একটা আর খুজে পাচ্চি নাহ কারো কাছে যদি ৩ টা থাকে একটা দিয়ে মানব সেবাই এগিয়ে আসুন,0,0,0,0,0,0
নাটক টা দেখে চোখ দিয়ে পানি পড়ে গেছে অসাধারণ হয়েছে,0,0,0,0,0,0
সেই ২০১৯ এর সেরা ইউটিউবে লাইক দিয়ে মন ভরে না লাভ রিয়েট থাকলে ভোলো হতো ভাই এর নাটকে অন্তত লাভ রিয়েট দিতে পারতাম লাভ ইউ নিশু ভাই মেহজাবিন আপু 💔💔💔💔💔💔,0,0,0,0,0,0
সিফাত উল্লার সাথে জরুরি দেখা করও তোমারে টস্ টস্ করে মাইর দিব তোমাকে ওনি খুজতেছে,0,0,0,0,1,0
বাংলাদেশ হেফাজতে ইসলামীর সমাবেশে র‌্যাব-পুলিশ ও বিজিবির অ্যাকশন,0,0,1,0,0,0
"বলার কেউ থাকবে না, আসলেই দেয়াল ক্যালেন্ডার দিয়ে মুড়িয়ে বইকে নতুনের মতো ঝকঝকে করে ফেলা যেত",0,0,0,0,0,0
আখম হাসানের সকল ধরণের নাটকের অভীনয়ের জন্য খুব ভাল মানায়,0,0,0,0,0,0
"শিশুদের পাঠ্য বইয়ে যৌনতায় ভরা, এ দিয়ে কি শিখবে শিশুরা?",0,1,0,0,0,0
"সেখানে আবার নিউ চমক, ছবি তুলে সাথে সাথে প্রিন্ট করে দেয়া হচ্ছে",0,0,0,0,0,0
আমরা যদি অমন হতাম না তাহলে আপনাদের মত মুসলিম মেয়েরা রেপ হয়ে গাছের ডালে ঝুলে থাকত,0,1,0,0,0,0
দাদা এতই যদি ভালো খেলে ভারত তো বাংলাদেশের সাথে হারলো কেমনে ।আবার ও দাওয়াত রইলো বাংলাদেশের সাথে খেলার ।,0,1,0,0,0,0
আসলে ভালো বাসা এই রকমই হয়কেউ জা পায় না আর কেউ পায়িও পায় নাজিবন সংসার এরকম হয়অসাধারণ নাটক,0,0,0,0,0,0
"ওকে সেফুদার কাছে পাঠিয়ে দাও, না হয় সিলেট বাগি ব্যাত দিয়ে ওর পাছায় ট্রাস ট্রস করে প্রহর করো তোমরা সবাই মিলে...।",0,0,0,1,0,0
রোজার দিনে এরকম রুচিশীল নিউজ না করলে কি চলতোই না ?,0,0,0,0,1,0
তুই গর্দভ আগে একটু চিন্তা কর তার পর কমেন্ট কর মূর্খ বেকুব কোথাকার!,0,0,0,0,0,1
"জামাত শিবিরের মত ধাপ্পাবাজি ছাড়েন,সব জায়গায় না,আমি শুধু এক জায়গায় দেখতে চাচ্ছি। পারলে দেখান কোরানে কোথায় মালাওন শব্দটা আছে,না পারলে মিথ্যা ধোঁকাবাজি ও চালবাজি ছাড়ুন।",0,0,1,0,0,0
এক সপ্তাহের নাটক করার কি দরকার এই বছর পুরা লকডাউন দিলেই তো হয় ।,0,0,0,0,1,0
আল্লাহ  যে সব জালেম লোকেরা তোমার  কোরআন  কে এমন ভাবে  অপমান করেন  তাদের  বিচার  তুমিই করো,0,0,1,0,0,0
রেন্ডিয়ার দালালরা যতদিন থাকবে এদেশে ততদিন সাধারন মানুষে শান্তি হবেনা।,0,1,0,0,0,0
কিছু কিছু ভালোবাসা হেরে গিয়েও জিতে যায় অসাধারন একটা নাটক,0,0,0,0,0,0
২০১৯ সালের আমার দেখা সেরা ড্রামা নিশোমেহেজাবীনবেস্ট ধন্যবাদ আরিয়ান ভাই এরকম একটা নাটক আমাদের উপহার দেওয়ার জন্য,0,0,0,0,0,0
"সবার মতামতের গুরুত্ব দেয়া উচিৎ, এ কথায় শালায় একমত না তাই মার শালারে",0,1,0,0,0,0
ডিফারেন্ট একটা নাটক খুব ভালো লাগলো কনসেপ্ট দারুন এই নাটক আসলে দেখার মত,0,0,0,0,0,0
এমন পিতাকে ফাসি দিয়ে হত্যা করলেও মেয়ের প্রতিশোধ পূর্ন হবে না।,0,1,0,0,0,0
কি অসাধারণ নাটক কান্না ধরে রাখা যায় না আর এখন কিছু পরিচালক আছে সুদু অসলীল নাটক রচনা করে আমরা সব সময় এই ধরনের সামাজিক নাটক চাই আপনারা কি বলেন সবাই,0,0,0,0,0,0
"বোকাচুদা সাকিক অপুকে চুদে নি,অপু সাকিবে চুদে ছেড়ে দিসে,তুই ই বল সকিবের সাথে অপু যায়",1,0,0,0,0,1
কপি করা জিনিস ছাড়া নতুন কিছু হলে ভালো হতোএডিটিং গান সব ভালো ছিল,0,0,0,0,0,0
"ভাই তোমাকে বলছি, তুমি রানু দিয়ে নিয়ে কোন ভিডিও না বানিয়ে, অন্য কিছু ভিডিও বানাও, কারণ এই রানুদির ভিডিও তো দূরের কথা এর কথা শুনলে আমার মাথা গরম হয়ে",0,1,0,0,0,0
সেই সেই সুপারঅসম্ভব সুন্দর নাটক যা পূর্ণ দৈর্ঘ্য চলচিত্রকেউ হার মানায় তুমি হিরো আরিয়ান ভাই নিরান্তর শুভ কামনাঅভিনেতাদের কেউ অনেক অনেক ধন্যবাদ এবং ভালোবাসা,0,0,0,0,0,0
"না সিরিয়াসলি, লাইফ ওয়ার্কস দিস ওয়ে ভাইয়ারা; আমরা যে কোন জায়গা থেকে মোটিভেশান নিতে পারি... আমার বাসার দারোয়ান থেকে শুরু করে ড্রাইভার, এমনকি আমার পিওন থেকেও",0,0,0,0,0,0
যদি তুমি মা কে জেলে রেখে লন্ডনে লুকিয়ে থাকো তবে তুমি তারেক,0,0,0,0,1,0
রিপন ভাডিও এর চেয়ে ভালো লিরিক্স লিখে আর গান করে।,0,0,0,0,0,0
"ইদানিং আসলেই আমাদের ‘ভাবা’ জিনিসটা কম হয়... এতো সিম্পল কিছু কথা, পড়ার পর ভাবি কেন যে আমার মাথায় আগে আসলো না",0,0,0,0,0,0
এখন বাংলাদেশের সাংবাদিকেরা অন্ধ হয়ে গেছে।সব সাংবাদিক তো ভারতের হিন্দু দের জারক সন্তান তাই ভারতের দালাল হয়ে গেছে।,1,0,0,0,0,1
"আমার এখনও মনে আছে, আমার এসএসসি অংক পরীক্ষার আগের দিন বিকাল ৫টার দিকে ‘আম্মা একটু হেঁটে ফ্রেশ বাতাস খেয়ে আসি’ বলে বাসা থেকে ছুটি নিয়ে গেলাম তেজকুনিপারা ড্যাশিং সেলুনে",0,0,0,0,0,0
"আপনার এই ছবি দেখে আবেগে মোবাইলের স্ক্রিনের উপর মুতে দিতে ইচ্ছা করছিল,,,, আফসুস, ওয়াটারপ্রুফ সেট না বলে আজ ইচ্ছাটা পর্ণ হোল না",0,0,0,0,0,1
মুল্লাদের কেনো গার পারছে নিখিল দাদা আর নুসরাত বৌদির ভিডিও দেখে,0,0,1,0,1,0
নাটকটি দেখে চোখে পানি ধরে রাখতে পারেনি পরে ভালই লাগলোআরফান নিশু,0,0,0,0,0,0
দেশে লবনের দাম বেড়ে গেছে আর তুমি প্রতিবাদ না করে ফেসবুকে ছবি ছাড়তেছো ছি এটা আশা করি নাই তোমার কাছে,0,0,0,0,0,1
একসাথে তিনটা বাচ্চা জন্মদেয়ার পরও মেয়েরা হাসিখুশি আর বিচিতে হাল্কা টোকা খাওয়ার পর ছেলেদের বেহাল অবস্থা,1,0,0,0,1,0
এরা বাঘ নয় ছাগল আর যারা এদের মাতবর তাদের অতীত ইতিহাস তো সবার জানা । সবাইকো বাদ দিয়ে নতুন দল গঠন করুন ছি ছি লজ্জা লজ্জা ।,0,0,0,0,1,1
তোর পুটকি ভাড়ায় খাটিয়ে সেই টাকায়# আপেল ফোন কিনতে পারিস এতে আমি চমকিত নই ।,1,0,0,0,0,1
এই ভাবে সব নাটকে যদি নামাজের দাওয়াত দেই অনেক ভালো হয়,0,0,0,0,0,0
এক কথায় অসাধারণ হয়েছে আমরা দিন দিন আমাদের মুসলিম সংস্কৃতি থেকে দূরে চলে যাচ্ছিআসুন আমরা পাঁচ ওয়াক্ত নামাজ পড়ি এবং আমাদের আশেপাশের মানুষকে নামাজ পড়তে উৎসাহিত করি অসংখ্য ধন্যবাদ নাটকের পরিচালক টিমকে,0,0,0,0,0,0
এরা কি শান্তি তে বাঁচতে দেবে না ভাড়া আর কত পাগলা চোদামো সহ্য করতে হবে । রক্ষে কর রঘুবীর রক্ষে কর,1,0,0,0,1,0
আমার মনে আছে একবার ইন্দিরা রোডের টিএন্ডটি মাঠে ক্রিকেট খেলার সময় আসলাম ভাইয়ের মাথায় টেপ টেনিস মেরেছিলাম,0,0,0,0,0,0
আরে ভাইয়েরা ভারতের সবাই রে কর সম্যাসা নাই। আগে মিয়ানমারের মুসলিমদের বাঁচাতি হবে। কিন্তুু পাকিস্তান চুপ করে থাকবে কেন???? ওদের তো পরমাণুর অভাব নাই একটা মারলেই তো মিয়ানমার শেষ।,0,1,0,0,0,0
ভারতীয় কয়েক টা চ্যানেল বন্ধ করে দিন ধর্ষণ কমে যাবে। বাকি লুইচ্চার খাসিয়ত।,0,1,0,0,0,0
বাংলা নাটক দেখুন এবং দেশের সংস্কৃতি রক্ষা করুন আমাদেরকে এত সাপোর্ট আর ভালবাসার জন্য ধন্যবাদ সবাইকে ঈদ মোবারক,0,0,0,0,0,0
নিশো ভাইয়া সব নাটক থেকে এই নাটকটা বেস্ট কারণ এইটা তে ইসলামিক ছিলো,0,0,0,0,0,0
রাজা যদি গরিব হয় রাজার নজরেই থাকে  ভিখারী যদি রাজা হয়  ভিখারীর নজরেই থাকে!যে অতিত ভুলে যায় সে কি মাণুষের কাতারে থাকে?,0,0,0,0,0,1
নাটকের রাজা বাংলাদেশ 🙂🙂🙂আর নাট্য জগতের সেরা অভিনেতা আফরান নিশু,0,0,0,0,0,0
"মাঝে মাঝে আমি তোকে চোদা দেই না।
কারন আমার কাছে লাগে তুই ভিষণ চালাক।
ফ্রি ফ্রি চোদা খাওয়ার জন্য বোকা সেজে থাকিস।
যাহ আজকে তোকে চোদলাম",1,0,0,0,0,1
তোর মা দুর্গাকে আর রাধাকে বল আমাকে সুখ দিয়ে যেতে,1,0,1,0,0,1
ডক্টর জাকির নায়েকের যারা বদনাম করে তাদেরকে জুতা দিয়ে বাড়ি দিয়া যারু দিয়া বাইরাইয়া বাংলাদেশ থেকে বাহির করার দরকার ওরা আলম নামের ধর্মব্যবসায়ী তাবিজ ব্যবসায়ী মাজার ব্যবসায়ী পীর মুরিদের ব্যবসা,0,0,1,0,0,0
সারাদিন রোজা থেকে ইফতারি করার পর যেই শান্তির পাদ আসে অইটা তোর মুখে ছেড়ে দেওয়া দরকার বাইঞ্চোদ,1,0,0,1,0,1
ভাই নিজে কিছু করে দেখাও রানু কে দেখার ইচ্ছা করে না,0,0,0,0,0,1
মনে হয় বিশ বার দেখেছি নাটকটি অনেক ভালো লাগেকারন অপূর্ব মেহজাবিন আছে,0,0,0,0,0,0
আমাদের দেশে সৎমা যেমন হয় আর আমেরিকায় সৎ মা যেমন হয়,0,0,0,0,1,0
"আকাশ চুদিলাম, বাতাস যেন দূর অন্ধকার কাল তাহার হৃদয় ঘুরিয়া বেড়ায় মেলে না আরিফফার টাকার মাল",1,0,0,0,0,0
"কিন্তু দেখেন...  কতো ছোট একটা কারণে; আমাদের বিশ্বাসটা, আপনাদের থেকে ফার্মেসিস্টদের উপর বেশী করতে হচ্ছে",0,0,0,0,0,0
নাটকটি ২০মিলিয়ন বিউস হওয়ার কথা ছিল কিন্তু এই ভাল জিনিস কি আর বাঙালিরা দেখে,0,0,0,0,0,0
জীবনের দেখা একটা সেরা নাটক বাস্তব জীবনের সাথে মিলের শেষ নাই,0,0,0,0,0,0
কি বলবো অপূর্ব ভাই এর কথা খুব পছন্দ করি তোমাকে,0,0,0,0,0,0
অনেক দিন পর একটা ভালো নাটক দেখলাম যেখানে অযথা লুতুপুতু লুলামি করা হয় নাই অপূর্ব ডান এ ভেরী গুড জব,0,0,0,0,0,0
তিশাসাজ্জাদের এবার অনেক নাটক দেখে আমি হ্যাপি পারসোনালিদুজনই আমার পছন্দের মানুষ পছন্দের জুটি অনেক মজা পেয়েছি প্রথম দিকে সুন্দর ও শিক্ষণীয় আর এই নাটকটা আমামার দেখা বেস্ট সত্যি বলছি,0,0,0,0,0,0
শেষ টাঅন্য কিছু ভেবে ছিলামভেবেছিলাম বুনধুর ভালোবাসা বুঝতে পারবে তা আর হলোনা তার পরেও ভালো হইছে নাটকটা,0,0,0,0,0,0
আসলে করোনাকে আপনি যত বড় রোগই বলেন মূল কাজ হচ্ছে রোগটি আমরা সামাল দিবো কিভাবে সঠিক পন্থায় নাকি বেঠিক পন্থায় ?,0,0,0,0,1,0
এই কুত্তার বাচ্ছাকে এখনো বাছিয়ে রেখেছে কেন। এরা এই সব করে কি মাফ পেয়ে যাবে নাকি। জনগনের উচিত আছিলো এই বোনকে যেই ভাবে কোপানো হয়েছে তাকে ঐই ভাবে কোপানো।আমরা চাই এর যেন ফাসি হোক।,1,0,0,1,0,0
মাদারটোস্ট বাইচ্ছা গেচস ইফতারের আগে অপ্লোডাইয়া নাইলে গোডাউনের নতুন গালি গুলাও আফসুস করতেছে রমজান মাস বইলা,1,0,0,0,0,1
হিন্দুগুলার এতো জলে কেন ???? যখন রেন্ডিয়াতে মুসলিমদের বিনা অপরাধে মারা হয় তখন কোথায় থাকিস তোরা,0,0,1,0,0,0
নবাব সিরাজুদ্দৌলার মতো কিছুক্ষণ পিছে হাত দিয়ে এদিক থেকে ওদিক হাঁটলাম,0,0,0,0,0,0
"খোজ নিয়ে দেখেন ওরা মনে হয়,ফেরাউনের বংশের,ফেরাউন মরার আগে বলে ছিলো আল্লাহ্‌ বাচাও কিন্তু আল্লাহ্‌ ক্ষমা করেনি ওদের অভস্তা ও তেমন হবেইনশাআল্লাহ",0,0,1,0,0,0
মালাউনের জাত ভারতের খরাতিরা খরাত পায় নাই তাই এখানে এসে গরুর সন্তানেরা হাম্বা হাম্বা করতাছে ।,0,0,1,0,0,0
"আরিপ্পারে তাবিজ্জা হোগা মারে,না হয় তাবিজ্জা আরিপ্পারে হোগা মারে।",1,0,0,0,0,1
সরকারের ইন্ধনে রিজার্ভ চুরি হয়েছে একথা সত্য। কিন্তু আপনি যদি বলেন এইকথা তাহলে সরকার আপনাকে হয়তো জঙ্গি নয়তো রাজাকার বলে জেলে ঢুকিয়ে দিবে।,0,1,0,0,0,0
বাংলাদেশকে অতি সত্তর বিশ্ব থেকে বাদ দেওয়া উচিত।কারণ রেন্ডিয়াকে চুদতে চুদতে ফাটিয়ে দিছে।রেন্ডিয়া আর সহ্য করতে পারছে না।,1,0,0,0,0,0
এই গল্পের পরেও আরও একটি গল্প থেকে যাই যার প্রকাশ যেমন এখানেও ঘটেনি বাস্তবেও ঘটনার অন্তরালেই রয়ে যাই ভাল থাকুক সব সময় ভালবাসার মানুষ গুলো,0,0,0,0,0,0
জালিমের বাচ্চা তোর ফাসি হওয়া দরকার তোর বাপ ফেরাউন। তুই ফেরাউনের বাচ্চা,0,0,1,1,0,1
ভালো আছি ভালো থাকবো মালাউনের জন্য টিকিট কাটবো। মর মালাউনের বাচ্চা এবার তোদের পাছায় আগুন দে।,0,0,1,0,0,0
"চোটবেলায় হাসের যৌন মিলনকে মারামারি মনে ঢিল মারতাম, তাই তাদের অভিশাপে আজ আমি সিঙ্গেল",0,0,0,0,1,0
আজ তারা ভারত পাকিস্থানের মধ্যে ঝামেলা পাকিয়ে তাদের রমরমা অস্রের ব্যাবসা চালিয়ে যাচ্ছে।,0,1,0,0,0,0
আম্মুকে কাজে সাহায্য করতে গিয়ে থালাবাসন ভেঙে মাইর খেয়ে চলে আসছি ।,0,0,0,0,1,0
কিছু বলার নাইযতক্ষণ দেখেছি মনের ভিতর কেন যেন কাপাকাপি করছিলোঅসাধারণ আরিয়ান ভাইয়া,0,0,0,0,0,0
বিরাট কৃষি গবেষণা কাউন্সিলের বিল্ডিং দাঁড়িয়ে আছে ফার্মগেটের খামার বাড়ির কাছে,0,0,0,0,0,0
রানু তো একটা ফকিন্নি ওকে জুতার বারি সে মানুষের সাথে ভালো ব্যবহার করতে পারে না শালী চাকর কাকে বলিস,0,0,0,0,0,1
সেই রাজাকার বাহিনী আর জঙ্গী বাহিনী বঙ্গবন্ধু কন্যা শেষ করে দিয়েছে আংকেল এখন আর কোন গন বাহিনী নেই আপনাদের সাথে তাও দেশের মানুষ বুঝেগেছে আংকেল।,0,1,0,0,0,0
অনেক মজা পাইলাম নাটক দেকে হাই আমার জানু আমার লগে দুস্টমি করে,0,0,0,0,0,0
"ইনু ভাই, ভুমিকম্পের সময় নাস্তিকরা কাকে ডাকে? আরে পাগল বিপদের সময় সবাই আল্লাহরেই ডাকে",0,0,1,0,1,0
আজ থেকে তোর কোন নাটক দেকবোনা আর সামনে পড়েলে ড়িজ লাইক দিব,0,1,0,0,0,0
"আমি ভেবেছিলাম আরও সুশীল উত্তর আসবে যেমন, চিপসের প্যাকেট ডাস্টবিন ছাড়া বাইরে ফেলব না... বা, কাউকে ইচ্ছে করে কষ্ট দিবো না",0,0,0,0,0,0
বালের দেশে থাকি প্রেমপিরিতি ছাড়া নাটক ছিনেমা বানাইতে পারেনামনে হয় এদেশে এগুলা ছাড়া আর কিছুই হয়না শুধুএগুলোই আমাদের সংস্কৃতি,0,0,0,0,0,0
আফরান নিশো ভাই আমাদের টাংগাইলের ছেলে আমাদের টাংগাইলের অহংকার নিশো ভাই,0,0,0,0,0,0
ছোটবেলায় বাসায় কম ঝাড়ি তো খেলাম না ‘ভুঁইয়া সাহেবের ছেলে হেন করে তেন করে’... পাশের বাড়ির ‘রহমান সাহেবের ছেলে পড়াশুনাতেও যেমন খেলাধুলাতেও তেমন’... এসব শুনে,0,0,0,0,0,0
সনিকা যে একতা মাগি তা আপনার শো তে এসে প্রকাশ করল ।,1,0,0,0,0,1
নামাজের বিষয়টি খুব ভালো লাগল অসংখ্য ধন্যবাদ পরিচালককে নামাজের বিষয়টি মাথায় রাখার জন্য,0,0,0,0,0,0
মেজো মেয়ে গুলি জামাইকে ভালবাসেনা মেজো মেয়ে গুলা হয় খানকি খারাপ মেয়ে,1,0,0,0,0,1
অসাধারণপছন্দের অভিনেতা এবং অভিনেত্রীর একত্রে এই নাটকটি আমাদের উপহার দেওয়ার জন্য ধন্যবাদ,0,0,0,0,0,0
"কিছুক্ষন জুতা পেটা করলে, না দেখা জিনিষ ঠিকই বিশ্বাস করবে,,কারন ব্যথাওতো দেখা যাই না।",0,0,0,1,0,0
এই রেন্ডিয়ান ভিখারি তো গরুর সন্তান । তোদের মালাউনদের মত কোন পশুর গো মূত্র কেউ খায় না । মালাউন রেন্ডিয়ান ভিখারি ।,0,0,1,0,0,1
ভারতের মত সন্ত্রাসী কাশ্মিরীদের হত্যাকারী প্রতিবেশী দেশে বোমা হামলাকারীদের গড ফাদার দের পাকিরা বাদাম দেওয়ার জন্য ধন্যবাদ,0,1,0,0,0,0
যে কারণে এ রকম ঘটনা ঘটছে । মাঠে কোনো কোনো ডিসি এসপি ইউএনও ওসি নিজেদের জমিদার ভাবেন ।,0,0,0,0,1,0
ভাই অসাধারণ কেমনে যে তুমি পারো সত্যি ভাই পুরাই জুস,0,0,0,0,0,0
আমি পুরো কেঁদে ফেলেছি পরিচালক যেই হোক না কেন দর্শকদের মন পুরো জিতে নিয়েছে অভিনয়টা যেন সত্যি হয়ে গেছে,0,0,0,0,0,0
ভারতে কুকুর মারা গেলেও সমবেদনা জানাবে আর মিয়ানমারে এতো মুসলীম মারার পরেও জবাব নাই,0,0,0,0,1,0
আমাদের উচিত মানববন্ধন করে এই নাস্তিক সাফা কবির কে দেশ থেকে বিতাড়িত করা।আর সবাই ওর আইডিতে রিপোর্ট করেন।,0,0,1,1,0,0
এই মহিলা একদিন হিমেশকে অসিকার না করে বসেফালতু মহিলা একটা,0,0,0,0,0,1
জীবনে কথা কওয়ার আগে হিসাব কনরা কথা কবি কারে কি কইতাছোস,0,1,0,0,0,0
ভাবচ্ছি দেখি আমি একদিন রাস্তার গরীব দরিদ্র মানুষের পাশে ঘুমিয়ে দেখবো আর মাথায় উকুন ঢুকে নাকি কোন প্রকার রোগ আমার হয়,0,1,0,0,0,0
নাটকা দেখে অামার সত্যি ২ ১ ফোটা পানি বের হয়েছিলো নিজের জীবন বাবা মায়ের প্রতি গভীর ভালোবাসাটা অন্যরকম ভাবেদেখতে পেয়েছিলাম,0,0,0,0,0,0
কে কি করে খাবে সেটা তার নিজের ইচ্ছা এই গুলা ভিডিও করার কি আছে,0,1,0,0,0,0
"তারা প্রতি মাসে একবার নক করে... বলে আপনে তো প্রোডাক্ট না যে আপনার বারকোড থাকবে... ছবি দেন, ভেরিফাই করে দেই",0,0,0,0,0,0
ভারত গরুর মুত্র পানকারী একটি সন্ত্রাসী রাষ্ট্র যেটা প্রতিবেশী সব দেশে অশান্তি সৃষ্টি করে যাচ্ছে লাখ লাখ স্বাধিনতাকামী কাশ্মিরী হত্যা করিতেছে,0,1,0,0,0,0
খুব শক্ত মানুষ আমি সহজে কান্না করিনাকিন্তু কি করে যেন করে ফেললামআমার মনে হচ্ছিল আমার চোখের সামনে সব কিছু হচ্ছেসেই সময়ের একজন মানুষ আমি,0,0,0,0,0,0
মালাউন হিসেবে নয় একজন মানুষ হিসেবে বলছি বাংলাদেশ সরকারের একটু চাপ দেওয়া দরকার ছিল,0,0,1,0,0,0
ওনার নিজের দেশে ট্রেন দুর্ঘটনায় আজ জন মারা গেছে ওইটার খবর নাই উনি আচ্চে ভারতের খোজ নিতে পালতু সব,0,1,0,0,0,0
রোহিংগারা যদি মুসলিম না হয়ে অন্য ধর্মের অনুসারী হতো আজ ভারত বাংলাদেশ তাদের আশ্রয়ের জন্য সিমান্ত খুলে দিত।কিন্তু হায় আজ তারা মুসলিম হয়ে মুসলিম দেশ বাংলাদেশে আশ্রয় থেকে তারা বঞ্চিত হচ্চে।মুসলিম হিসাবে এদেশে আশ্রয় পাবার অধিকার তাদের আছে।,0,1,0,0,0,0
আমার দুই মেয়ে ঈদের কোরবানির জন্য কেনা ছাগল ঘরে নিয়ে এসেছে,0,0,0,0,0,0
বয়স বেশি হলে ওরকমই বলে এটা আমি জানি আমাদের পাশে যাদের বয়স্ক লোক আছে অনেকে বলে ৭২ বছর বয়স হলে ওরকমই হয়ে যায়,0,0,0,0,0,0
কি প্রচন্ড শক্তিশালী গল্প অসাধারন উপস্থাপনা মিজানুর রহমান আরিয়ান বাংলা নাটককে অনেক উপরে নিয়ে গেছে আরো ভালো কিছু চাই আপনার কাছে অপেক্ষায় থাকবো,0,0,0,0,0,0
ওই শালা মনে হয় সূচি কে বিয়ে করবে তাই কিছু বলছে না হবু বউরে।,0,0,0,0,1,0
একটা গরীব লোক যদি বড়লোক হয় তার পিছনে শত্রু লেগে যায়,0,0,0,0,1,0
মেয়র বলেছেন তিন দিনে একদিন জমা পানি পেলে দিন কথাটা কেউ শুনলই না আপনারে দেইখা সবাই দিনে দুদু বার করে পেলতেছে এখন সবাই ডেংঙু মুক্ত,0,0,0,0,1,0
"... ভালো মুডে থাকলেও, মাঝে মাঝে এই মশারির কারনেই ঝামেলাটা লাগে",0,0,0,0,0,0
খুব ভালো অনেক ভালো অভিনয় বিশেষ করে শাহনাজ খুশির দুই ছেলের অভিনয় অসাধারণ এরা নতুন বুঝাই যায় না আসলে রক্তেই এদের অভিনয় এরা দুইজন অনেক দূর যাবে,0,0,0,0,0,0
নবী মোঃ যদি ভাল মানুষ হতো তাহলে ইসলামের জন্ম হতো না।,0,0,1,0,0,0
রানু দির নিখুঁত অভিনয়ের!!বিশেষত্বে ঈশ্বরও হয়তো!!মাঝেমধ্যে নড়েচড়ে বসেন,0,0,0,0,0,1
এই রকম কীট পতঙ্গের দের কে কষ্টো দিয়ে মারা উচিতএমন কষ্টো দিয়ে মারা হক যে এইরকম কোনো খারাপ কাজ করতে ভাবেআর এটা যদি হুগলি জেলায় হতো তাহলে পাবলিক পেদিয়ে খাল খেছে দিতো,0,1,0,1,0,0
আমাদের দেশের যে সকল আলেম নামধারী মূর্খ গন ডকটর জাকির নায়েক কে খারাপ ভাবে।তারা জাকির নায়েকের জুতার বোঝা বহন করার যোগ্যতা রাখে না।,0,0,1,0,0,0
মূর্খের শেষ ধাপ অতিক্রম করেছে যোগী বাবু উনাকে নোবেল দেওয়া হোক !,0,0,0,0,1,0
ভারত পাকিস্তান যুদ্ধ এটা ইউরোপ আমেরিকার ষড়যন্ত্র ।আমাদের ভাল থাকতে দেবে না ওরা ।,0,1,0,0,0,0
সাজু শালা তোর বোন আর মা দুধের উপর সর পড়ে আছে,1,0,0,0,0,1
...এক মৃত্যুশয্যায়ী মোটিভেশনাল স্পিকার পিতা আইসিইউতে শুয়ে আছে... সে তার ৪ ছেলেকে ডেকে বললেন ‘যাও তো প্রত্যেকে ২ টা করে লাঠি নিয়ে আসো’,0,0,0,0,0,0
মান্দারির পোলা এখন তো হাসপাতাল ও বন্ধ তোর এই পুতু দেখে কারু যদি কিছু হয় তাইলে কই যাইবে পাবলিক।,1,0,0,0,0,1
লাস্ট এর দুই কাপল দেখে আশিকি ২ মুভির লাস্ট সিন এর কথা মনে পরে গেল অপূর্ব টিক আরহির মত ভাবসিল,0,0,0,0,0,0
খুব সুন্দর একটা ম্যাসেইজ সব সময় নামায পড়েন হ্যাঁ আমি ও সব সময় নামায পরি আশা করি আপনারা সবাই নাময পরবেন,0,0,0,0,0,0
"আহ! Arif R Hossain! বহুদিন পর আপনার লেখা (আপনি কী খেয়াল করেছেন আমি সিংহভাগ সময়ে আপনার ‘স্ট্যাটাস’ না বলে ‘লেখা’ বলি? আমার উপদেশ/সাজেশন/কুবুদ্ধিতে পাত্তা তো দিলেন না!) পড়ে, ব্যক্তিগত কারণে নেত্রকোনায় দু’ফোটা জল!",0,0,0,0,0,0
আসোলে তুমি নিজেই বলসিলা বাংগালি না আমরা। জাতটাই ত খারাপ,0,1,0,0,0,0
চমৎকার ফ্রেন্ডশিপ অসাধারন এককথায় দারুন নাটকবন্ধু মনে ভালোবাসা বন্ধু মনে বিশ্বাসনিশো,0,0,0,0,0,0
যদি খুনই করবে তবে চোখ তূললো কেন আমার বাবুর? এক মায়ের আর্তনাদ,0,0,0,0,0,0
অসাধারণ কিন্তু শেষ টা দেখে আর চোঁখের পানি ধরে রাখতে পারলাম নাতুমি কেদো না আমি থাকবো না,0,0,0,0,0,0
এমন একটা দেশ যেখানে মুসলমান বন্ধুরা রেস্টুরেন্টে যেয়ে মাংস অর্ডার দেয় না কারণ তাদের সাথে থাকা হিন্দু বন্ধুটি মাংস খেতে পারবে না পূজা চলছে বলে,0,0,0,0,0,0
কতটা জানোয়ার হলে দাদা নামের কুলাঙ্গার তার সাত বছরের নাতনীকে ধর্ষণ করতে পারে,0,1,0,0,0,0
নামাজের বিষয় টা খুবই ভালো লাগছে আশা করি পরিচালক ভাই সব নাটক এ নামাজ সিন থাকবে আর নায়ক নায়িকার মিল হলে খুব বেশি ভালো লাগতো,0,0,0,0,0,0
সব থেকে খারাপ লাগছে অতীন্দ্র দা কে অপমান করেছ কলকাতায় এসব হয়,0,1,0,0,0,0
"ছাত্রলীগ এবং আওয়ামীলীগ টকশোতে এবং ইলেকট্রনিক্স মিডিয়ায় বাকপটুতা এবং মিথ্যাবাদীতায়  এতই লিপ্ত যে, তারা বোঝেনা তারা তাদের কথাবার্তায় চাটুকারীতা স্পষ্ট  লক্ষ্যণীয়।",0,1,0,0,0,0
সে কি তুমুল হাততালি... দাঁত আমার এবারও বন্ধ হয় না,0,0,0,0,0,0
এমন একটা দেশ যেখানে রাস্তায় ফরেনার দেখলে চলন্ত রিকশা থেকে ‘বিদিশি বিদিশি’ বলে লাফ দিয়ে নেমে আমরা হাসিহাসি মুখ করে যেয়ে ঘিরে দাঁড়িয়ে যাই,0,0,0,0,0,0
ইসলাম ধর্মকে অমান্য করলে আপনি ওপারে গিয়েও শান্তি পাবেন না,0,0,0,1,0,0
মুঞ্চায় টানা ৩ দিন মুলা তরকারি খাইয়া তর মুখে পাদি গোলামের পুত।,1,0,0,0,0,1
"লাইনের মায়রে বাপ।
আকাশের চাঁদটা আজকে বাকা করে ওর শাউয়া দিয়া ভরমু।",1,0,0,0,0,1
আসেন সবাই কাধে কাধ মিলিয়ে সম্মানের সঙ্গে নাস্তিককে জুতাপিটা করি,0,0,1,1,0,1
ওরে হালার পুত। যে ইংল্যান্ড রানে বাংলাদেশে অলআউট হয়ে যায় সেই ইংল্যান্ড ভারতে গিয়ে রান করে। বোঝ এবার বাংলাদেশের সাথে খেলার দাওয়াত রইল দেখি কেমন একশত রানের মধ্যে অলআউট করতে পারেন আপনারাতো চুরি করে ছাড়া জিততে পারেন না।,0,1,0,0,0,0
রোজা রাখি নাই রে হালারপুত গাইল্লাইতে পারমু চুদিরপুত শালারপুত ঘটিরপুত আহ! শান্তি লাগতিসে,1,0,0,0,0,0
"বা যেখানে আপনার বন্ধুরা ফেসবুকে চেক-ইন দিতে ব্যস্ত, সেখানে আপনি “আমার রক্তের গ্রুপ ও-নেগেটিভ / জেনে রাখলেন / যে কোনও সময় লাগলে জানাবেন” ...লিখে একটা স্ট্যাটাস দেন না ৩ মাসে একবার",0,0,0,0,0,0
জাকির নালায়েক ভয়ে পালিয়েছে। ভারতে এলে শুয়োর টার বিচি কেটে দেওয়া হবে।,1,0,1,0,0,0
মন্ত্রী এমপিদের চাঁদা না দিয়ে পাপিয়া এতো কিছু করছে এই কথা একটা ছাগলও বিশ্বাস করবে না।,0,1,0,0,0,0
অসাধারণ কইলজার ভাই নিশোঅমি ভাই পলাশ ভাই লাভ ইউ ভাইদোয়া করি এমন ভালো ভালো কাজ উপহার দিবেন আমাদের,0,0,0,0,0,0
পায়ের জুতো যত দামিই হোক সেটা কিন্তু জুতোই হয় আর সেটা পায়েই পরে ভুল ভাল মানুষকে ভাইরাল করলে তার দাম তো আকাশ ছোয়া হবেই,0,0,0,0,0,1
দাড়ি-কাপড়ের মত প্রপসগুলোতে আমরা আঁটকে আছি... আঁটকে ব্যাড়াছ্যাড়া লাগিয়ে বসে আছি,0,0,0,0,0,0
যে কথা বলছেন তার জন্য ক্ষমা চান আল্লাহর কাছে। আল্লাহ যেন আপনাকে ক্ষমা করে।যে কথা বলছেন অন্য কোন মুসলিম রাষ্ট্রে যদি বলতেন তাহলে আপনার ফাঁসি হত। বাংলাদেশের মানুষ তো শুধু আইডি হ্যাক করেছে,0,0,1,1,0,0
"২টারেই ফাকিং বিচ লাগতাসে, আর এই চোদনারা নাকি দেশরে রিপ্রেজেন্ট করছে",1,0,0,0,0,1
অভিনন্দন রইলো টাইগারের তিন নং বাচ্চার জন্য এইভাবে ক্রিকেট টিম বানাবেন সাকিব ভাইয়া মাশাল্লাহ খুব ভালো লাগছে ভাইয়া এবং ভাবি,0,0,0,0,1,0
ওনাকে সেখানে পাটিয়ে দিন যেখানে কনডমের কাজ চলে ওনাকে দেখলে মনে চায়,1,0,0,0,0,1
"এক একটা মেয়র, এক একটা ওয়ার্ড করে ধরেন... সেটাকে আইডিয়াল ওয়ার্ড বানিয়ে ফেলেন",0,0,0,0,0,0
সুস্থ ভাবে দেশে পা রাখ সোনার ছেলেরা আর মাছের সাথে পিক তুলো ।,0,0,0,0,1,0
“আমরা মানুষের কাছে আইডি দেখতে চাই আর আপনি দেখতে চাচ্ছেন আমার আইডি? আমরা RAB-1”,0,0,0,0,0,0
মিথিলা মা হওয়ার সিদ্ধান্ত তোমার আর ঢেলে দেওয়ার দায়িত্ব সৃজিতের ।,0,0,0,0,1,0
"পাবলিক মাথায় তুলতেও জানে আবার পায়ের জুতার মালা মাথায় পরিয়ে দিতেও জানে।যাই হোক ভুল বুঝতে পেরেছো,আল্লাহ হেদায়েত দান করুক।",0,0,0,1,0,0
১৫ মিনিট মুরুব্বিরা 'কি জব করো বাবা' ... 'গ্রামের বাড়িতে কে কে আছে' এই টাইপের প্রশ্ন শেষ করে আর কথা খুঁজে পায় না,0,0,0,0,0,0
"পুটকি মারার ব্যাথায় সে কষ্ট পাইছে।

কে পুটকি মেরেছে নাম বলা যাবে না, বললে চাকরি থাকবে না",1,0,0,0,1,1
অসধারন নাটক কিন্তো শেষে বিষয়টা যে বেচে আছে কিনা সব কিছোই সফল হলো যে কোন একটাত দেখে বোজতে পারতাম যে এটাই আমার বাস্থবতা সাথে মিল,0,0,0,0,0,0
চলে যেতে হবে একদিন কোন সন্দেহ নাইআসুন আমরা যাওয়ার জন্য কিছু নিয়ে যাওয়ার জন্য প্রস্তুত হইআজ থেকে এবং এখনি,0,0,0,0,0,0
"“এই ঈদে, কেউ ভিড়ে মাংস খুঁজবে... কেউ খুঁজবে তার ছেলেটাকে”",0,0,0,0,0,0
ফেলে আসা দিনগুলো সত্যিই মনে পড়ে গেল ধন্যবাদ দিয়ে ছোট করবো না আরিয়ান স্যারকে অসাধারন হয়েছে,0,0,0,0,0,0
সত্যিই অসাধারণ সত্যিকারের ভালোবাসা গুলো হয়তো এমন ই হয় পূর্ণতা পাক পৃথিবীর সকল ভালোবাসা,0,0,0,0,0,0
৩০ মিনিটে এসে আর মজা টা রইলো নাবাকিটা কি হবে কে জানেWatching,0,0,0,0,0,0
"এর মাঝে বৃষ্টি নামে, ভুলে যাই রেজিস্ট্রেশান ইস্যু... এসে পড়ে জলাবদ্ধতা ইস্যু",0,0,0,0,0,0
ভাল লাগার জিনিসগুলো তাড়াতাড়ি শেষ হয়ে যাই কেন আরিয়ান ভাই কিপটা ২ ঘন্টা করে বানাবেন পরবর্তী নাটকগুলো লাভ ইউ আরিয়ান ভাই এত সুন্দর একটা নাটকের জন্য,0,0,0,0,0,0
নাটকে যে নামাজের কথা বলা হয়ছে এইটা খুব ভালো লেগেছে,0,0,0,0,0,0
এই জন্যই তোরা মালাউন জাতি পরের ভালো সহ্য হয়না তোদের।,0,0,1,0,0,1
ভাই ভারতের সাথে ম্যাচ হেরে শিখ্যা পাওয়া উচিত ছিল কিভাবে ম্যাচ শেষ করতে হয়।আর মুসফিকের কবে সুভ বুদ্ধি হবে প্রতিদিন একই সট্ খেলে আউট হয়,0,1,0,0,0,0
টাকার লোভে দেহ বিলিয়ে । টাকার বনিবনা না হলেই ধর্ষণের অভিযোগ ! বাহ ! কি সুন্দর !,0,0,0,0,1,0
প্রথম আলো সাংবাদিকরা এরা কি আসলে মানুষ কি ধরনের মানুষ ?,0,0,0,0,1,0
অসাধারন একটা নাটক চোখের পানি আর ধরে রাখতে পারলাম না,0,0,0,0,0,0
শকুন যত উপরে উঠুক তার নজর থাকে নিচের দিকে রানু শকুন তার উদাহরণ,0,0,0,0,0,1
ভাই এই নাটকে নামাজকে সম্মান করা হয়েছেমাশাল্লাহ কাজল আরেফিন অমি অসংখ্য ধন্যবাদ আপনাকে এত সুন্দর একটা নাটক পরিবেশন করার জন্য,0,0,0,0,0,0
সত্যি অসাধারণ নাটকএই নাটকটি খুবই রঙিন আঙিনায় বাস্তব কিছু চিত্রপট তুলে ধরা হয়েছে এই নাটকটি একটি অন্যতম শিক্ষনিয় নাটক এভাবেই বাংলাদেশ নাটক শিল্প অনেক উন্নতি করুক,0,0,0,0,0,0
দেখুন টাকা টা ফেরত দিয়ে যদি ভিডিও টা তুলে নিতে পারেন,0,0,0,0,0,0
"আকাশ চুদিলাম,বাতাস চুদিলাম
চুদিলাম সুরেশ কাল।
জগৎ ঘুরিয়া কোথাও পাইলাম না আরিফফার মত মাল",1,0,0,0,0,0
আমাদের গর্ব করা উচিত বাংলার মানুষ একটা দারিদ্রতা থেকে শেলিব্রিটি হয়েছে কিন্তু  হাঁ কিছু ভূল মন্তব্য করেছে সে তার ভুল বুঝতে পেরে ক্ষমাও চেয়ে নিয়েছে,0,0,0,0,0,0
"কুকুর কে লাই দিতে নেই, যদি লাই দেওয়া হয় তাহলে মাথায় ওঠে বসে",0,0,0,0,0,1
তাই আপনার কে কামাই রুজগার করে নিজে ইচ্ছামতো খেয়ে দেয়ে আরাম আয়েশ করে যা থাকবে তা ছেলে মেয়েকে দিয়ে যাবেন,0,0,0,0,0,0
সেরা একটা নাটকনিশু ভাইয়ের অভিনয় গুলা আমার খুব ভালো লাগে,0,0,0,0,0,0
অসাধারন নাইচ নাটকটা দেখে যে মজা পেলাম তার চেয়ে কষ্ট পেলাম পাট ২ চাই,0,0,0,0,0,0
আই হেট ইউ বাংলা সিনেমা আই লাভ ইউ বাংলা নাটক আমার মতন কে আছে বাংলা নাটক ভালোবাসে,0,0,0,0,0,0
"বিদেশিদের বয়ান অগ্রাহ্য করে ভাস্কর্য তৈরি করলে সরকারের সামনে আস্থা বাড়বে, ক্ষমতায় টিকা চ্যালেঞ্জিং হই যাবে",0,0,0,1,0,0
মাশরাফির ব্যাট... ধুমায়ে বিডিং চলছে এক লোক আর এক ভদ্রমহিলার পিচ্চি মেয়ের মাঝে,0,0,0,0,0,0
...এঁরা কোন দেশ থেকে ট্রেইন্ড? এরা কে কি বা কাহারা?,0,0,0,0,0,0
বাংলাদেশে রোহিংগার সংখা কত। আশ্রয় শিবিরে বৈধ প্রায় হাজার। দেশ স্বাধিনতার পর থেকে অবৈধ প্রায় লাখ রোহিংগা থাকে বাংলাদেশে। তথ্য সংগৃহিতো,0,1,0,0,0,0
স্টেডিয়াম থেকে কেনা ১১টা রেডিমেড জার্সি আর আমার গায়ে হয় না... ব্লাউজের মতো টাইট হয়ে থাকে,0,0,0,0,0,0
"পাশ দিয়ে যাওয়া একটা ভ্যান থেকে মাফলার পরা ছেলে লাফ দিয়ে নেমে, ভ্যান সেস্রায়ে টেনে ধরে থামাতে থামাতে বললেন, “মোতলুব কাকা আমার ভ্যানে উঠেন... আমি অন্যভাবে আসতেসি... উঠেন উঠেন... চালায়ে উঠেন”",0,0,0,0,0,0
এই নাটকের পরিচালক ও আর্টিস্টদের বিরুদ্ধে মামলা হওয়া উচিৎ কেননা নাটকটি এই অবস্থায় এসে শেষ করে দিল যেখানে দর্শকেরা আগ্রহ নিয়ে দেখতে চাইলো এরপর কি হয় দর্শকদের এই ইমোশনাল ব্লাকমেইল করা ঠিক হয়নি অসম্ভব সুন্দর নাটক,0,0,0,0,0,0
নাটক টা আমার কাছে অনেক ভালো লেগেছে আসলে সত্য কারে ভালোবাসা এইরকম হওয়া উচিত ঈদের আনন্দ ভারিয়ে দিলেও এই নাটক টা উপস্থাপনা করে ধন্যবাদ এই রকম একটা নাটক আমাদের কে উপহার দেওয়া জন্য,0,0,0,0,0,0
হিন্দুরা ভারতকে সাপোট করে বাংলাদেশের চেয়ে বেশী ৷ এই কুত্তার বাচ্চা হিন্দুদের দেশ হতে বের করে দেয়া দরকার,0,0,0,1,0,0
তোমার গল্পের পুরনো অধ্যায় আমিনতুন গল্পে অন্য কারো বাসআমার গল্পে তুমি চিরদিনই সত্যঅলিখিত কোনো বিমোহ উপন্যাস অসাধারণ এত সুন্দর একটা নাটক উপহার দেওয়ার জন্য আফরান নিশো ভাইয়া কে ও মেহজাবিন আপু কে অনেক অনেক অনেক ধন্যবাদ জানাই,0,0,0,0,0,0
সিরিয়াসলি... আই মিন সিরিয়াসলি; কারো কি ধারনা আছে একজন মানুষ দেখতে কেমন হবে?,0,0,0,0,0,0
"চাচি চিৎকার দিয়ে জিজ্ঞেস করছে, “কোন ম্যানহলের ভিতর বলো...এখনই আমরা আসছি”",0,0,0,0,0,0
"লন্ডন বানাতে গিয়ে, বানিয়ে দিল ভেনিস রাস্তা দিয়ে হাঁটতে গেলেই ডুবে যাচ্ছে পেনিস",0,0,0,0,1,0
ভাই যে যা বলুক শামীম ভাই সেরা যুগ যুগ জিও,0,0,0,0,0,0
দারুন লাগলো নাটকটি চোখ দিয়ে জল চলে এলো সত্যি সেরা পরিবেশন সত্যি সেরা নাটক ফুলের মতন অভিনয় সত্যি খুব কম দেখতে মেলে সত্যি খুব সুন্দর ভাবে ফুটিয়ে তুলেছে,0,0,0,0,0,0
বখশিশও বেশী দেয়া লাগে না এদের... মাঝে মাঝে তো চুল কাটতে গেলে এরা ফ্রিতে মাথা ম্যাসেজ করে দেয়,0,0,0,0,0,0
এরে সোনা সিং তোরা রেন্ডিয়ার গরুর মুত খাওয়াতে মাথা ডিলা হয়ে গেছে নাকি সালা বালকাতার লোক,0,1,0,0,0,0
আপনার ধর্ম‌ই  তো অন‍্য ধর্মালম্বিদের ঘৃণা করতে শিখিয়েছে,0,0,1,0,0,0
খানকির পোলার ওর আব্বা এক গোল দিলেই যাদু তোগের বিচারিক ঞ্জানের দোন ও নেই শালারা ওই দিন একাই পাচ পাচ টা গোল দিছে তার কোন খবর নেই,1,0,0,0,0,1
আমরা সবাই জেনে গেছি এ মাসে বিয়ে হবে না বৌভাত হতে হতে পরের বছর হয়ে যাবে,0,0,0,0,1,0
ভারত যখন দেখলো অনেক হিনদু ইসলাম গ্রহন করেছে তখনই জাকির নায়েকের পিছনে লাগছে,0,0,1,0,0,0
জুলু পুজা মিত্র কি বলছে শোনো বলছে হাসি হাসি পড়বো ফাঁসি জুলু তোমায় ভালোবাসি,0,0,0,0,1,0
ভারতকে যারা পছন্দ করেননা ভাল কথা কিন্ত পাকিরাও আমাদের বন্ধু না তারা আরও বড় শত্রু। তারা এর জাল এখনো ভুলেনাই সুযোগ পেলেই তারা বাংলাদেশ কে বাশ দিবে।কারন তারা এমন একটা জাতি যাদের কোন বুক পিট নাই।,0,1,0,0,0,0
খুবই ভালো লাগলো নামাযের উপদেশ দেওয়াইএ রকম সব নাটকে যেনো নামাযের উপদেশ তাকে,0,0,0,0,0,0
খুনের শাস্তি শিরচ্ছেদ । শাস্তি হবে একে ফাঁসি দেওয়ার এবং শিরচ্ছেদ ।,0,0,0,1,0,0
"পুলিশের নির্বিচার গুলি বর্ষণে পাখির মত মরছে মানুষ, বিক্ষোভে উত্তাল দেশ",0,1,0,0,0,0
"একটা মেয়ে একটা ভালো ছেলের জীবন নষ্ট করে, পরে ঐ ছেলেটা আবার ১০ টা মেয়ের জীবন নষ্ট করে",0,1,0,0,0,0
আবারও প্রমাণিত হয়ে গেলো কারো পেটে নাস্তিকের ডিম । আর সে যা ক্ষমা চাইলো ওটা হচ্ছে অভিনয় আর বাস্তবতা মতে সে আসলেই সমকামী । এবার তাকে জনসম্মুখে প্রকাশ্যে ফাঁসি দেয়া হোক হে হে আল্লাহ আমাদের আমাদের কে নাস্তিক মুক্ত দেশ দান করো ।,0,0,0,1,0,0
দারুণ নাটকবুড়ো ইরফান সাজ্জাদ এর অসাধারণ অভিনয় চাটগাঁইয়া ফোয়া ন না,0,0,0,0,0,0
এখন একটা নিরপেক্ষ নির্বাচন দেন। দেখেন আওয়ামী লীগ ১০ ছিট ও পাবে না। আমি নতুন প্রজন্ম হয়ে বলছি,0,1,0,0,0,0
"কোথায় আজ ক্রসফায়ার বিরোধী মানবধিকার কমিশনার, কোথায় সুলতানা কামাল? ধিক্কার তোদের বোধকে",0,1,0,0,0,1
"তার নিজের বাপ বিয়ের দিন ফিসফিস করে কন্যাকে বলছে শুনলাম, ‘তোর উকিল বাপের হাতের লেখা এতো খারাপ কেন? তুই না কইসস হের লেখার হাত ভালো?”",0,0,0,0,0,0
আলহামদুলিল্লাহ নেত্রী বেগম খালেদা জিয়ার সুস্থতা এবং দীর্ঘায়ু কামনা করি,0,0,0,0,0,0
গল্পের রাম-কৃষ্ণের সাথে কি বাস্তবের নরপিশাচ মুহম্মদের তুলনা হয়?,0,0,1,0,0,0
শেস বয়সে সোনায় আগুন লাগছে।আরে সালি বাংলাদেশে স্মার্ট পুলাপানের অভাব।,1,0,0,0,0,1
এবার লাগার দরকার ছিল বাংলাদেশের সাথে তাহলে বুঝতে কোন অসুবিধা হতনা কে অরজিনিয়াল রাজাকার,0,1,0,0,0,0
শেষ দম পর্যন্ত ভারতের সাথে লড়াই করবে নেপাল- নোপালের প্রধানমন্ত্রী,0,1,0,0,0,0
বিনা চিকিৎসায় জনগনকে মৃত্যুর দিকে ঠেলে দিয়ে নেতারা দেশ ছেড়ে বিদেশে চিকিৎসার জন্য পালাচ্ছে,0,1,0,0,0,0
"প্রায় দেড় ঘণ্টা হেঁটে, বিশ্ব রোডের মাথায় এসে দেখলেন হাজারো মানুষ হাঁটছে...",0,0,0,0,0,0
আমার প্রিয় একটা অভিনেতা নিশো তাহার সব নাটক গুলা আমার দেখা হয়কিন্তু এই নাটকের যে নামাজ নিয়ে তাগিদ দেয়াটা ভিশন ভাল লেগেছেপ্লিজ আসুন আমরা সবাই ৫ওয়াক্ত নামাজ আদায় করি,0,0,0,0,0,0
আর কত ছদ্মবেশ নিবে এই মহিলা কয়দিন পর নিজের পরিচয়ই ভুইলা যাবে,0,0,0,0,1,0
এই সত্য কথা বলার কারণে আপনাকে আওয়ামীলীগ রাজাকার বললে আমাদের কিছুই করার নেই স্যার,0,1,0,0,0,0
আমার দেখা শ্রেষ্ঠ খুব সুন্দর একটি নাটক থ্যাংক ইউ আরফান নিশো ভাই থ্যাংক ইউ মেহেজাবেন আপু থ্যাংক ইউ সকল পরিচালকবৃন্দ,0,0,0,0,0,0
পুরো নাটকটি অসাধারণ ছিল শুধু শেষ কথাটা যদি বাদ দেয় ধন্যবাদ কাজল আরেফিন অমি ভাইকে আর কা মাল পলাশ সব সময়ের মতই অসাধারণ,0,0,0,0,0,0
বস তোমার নাটকের আশায় সব সময় থাকিনাটকটা অসাধারন চিলো অনেক ভালো লেগেচে,0,0,0,0,0,0
এমনি খাওয়াতে বসলে ভাত মুখে নিয়ে বসে থাকে... কিন্তু ইউটিউবে কিছু দেখালে পটপট গিলে,0,0,0,0,0,0
"এমডি শাহিন মজুমদার তারে এবার পাইলে, ৫মিনিটে বুঝাই দিতাম পর কাল কারে কয়।",0,0,0,1,0,0
"নীচ তলার পর্দা ফাটানো অভিনেত্রী আর কিই বা বলবে,,,,,, কেউ তারে গালি দিয়েন না।যদি পাড়েন রাস্তা ঘাটে ওরে দেখা মাত্রই জুতা নিক্ষেপ করে দিবেন।",0,0,0,1,0,1
আসলে ওনার নাম টাঙ্গিয়া নাকি তাঞ্জিয়া এটা নিয়ে প্রবলেমের কারনে ওনাকে বাদ দেয়া হয়েছে ।,0,0,0,0,1,0
আগামী নির্বাচনে নুসরাত কে বসিরহাটবাসী জুতার মালা দিয়ে বরন করবে অপেক্ষায় থাক,0,1,0,0,0,0
ভারত আর বিশ্ব বিভক্ত হলে মুছে দেবো নিশ্চয় জয় হিন্দুস্থান,0,0,0,1,0,0
অপূর্ব মানে অসাধারন বাংলাদেশে যদি কেউ থাকে তাহোলে এক জন আছে অপূর্ব মাল একটা,0,0,0,0,0,0
একই খেলা খেলতে যেয়ে তুমি সহ তিন জন আউট হলে । জয়ের লক্ষ্য তোমাদের ছিল না । ছিল ঐ ইস্টাইলে খেলা ।,0,0,0,0,1,0
ডিবেট করতে আসছে অথচ ধর্ম সম্পর্কে বিন্দু পরিমান জ্ঞান নেই ঐলোকের।,0,0,1,0,0,1
ঘরে ঘরে এমন বেয়াদব চাইউচিৎ কথা বললে সবাই বেয়াদবসৎ ও‌ নিষ্ঠাবান মানুষ কিভাবে হতে হয় তার জন্য অনুপ্রেরনা,0,0,0,0,0,0
অভিনয় হল সকল কিসুই অভিনয় না করাএই নাটকটি অসাধারন বাস্তবতার সাক্ষি বহন করেএবং তানজিন তিশা এক কথায় অসাধারন অভিনেত্রী,0,0,0,0,0,0
আজকে নিশো ভাইয়ের হাত ধরে এই তানজিন তিশা তারপর মেহজাবিন এর মার্কেট আছে তাই তানজিন তিশা এবং মেহজাবিন নিশো ভাইকে সম্মান করা দরকার কখনো তার কৃতিত্ব তারা ভুলে না,0,0,0,0,0,0
পতিতাদের চরিত্র রাজনৈতিক নেতাদের থেকে হাজার গুন ভাল ওদের সততা আাছে টাকা মেরে দেয় না ওদের আার ঘাটিওনা ভাই,1,0,0,0,0,1
অাপনি কি অাপনার পেইজ জনপ্রিয় করতে চান। তো দেরি কিসের। প্রতিদিন ভারত বিরোধি ভুয়া খবর দিতে থাকুন এবং দেখুন অাপনার পেইজ বাংলাদেশের সেরা পেইজ হবে। যেমনটা করে পাকিস্তানি দালাল নয়া দিগন্ত।,0,0,0,0,1,0
আপনি যে এতো উদার মনের মানুষ তা তো আগে জানতাম না,0,0,0,0,1,0
"আমি পরকাল বিশ্বাস করিনাঃ- সাফা কবিরনতুন নাস্তিকের আমদানি, জুতা মারো তার গালে।",0,0,0,1,0,0
বিদেশি টাকা খেয়ে বাংলাদেশের মুসলমানদের বিরুদ্ধে কাজ করছে টিভি চ্যানেলগুলো,0,1,0,0,0,0
"ভিডিও বানানোর আর কোনো কিছু পাও না বুঝি, তাই এখন আসছো হুদাই ফাইজলামি করতে",0,0,0,0,0,1
যে ঘরে নাটক শুরু করছে সেই ঘরেই নাটক শেষ করছে খরচ অনেক কম জনপ্রিয়তা অনেক বেশি নির্চয় পরিচালক অনেক বুদ্ধিমত্তা,0,0,0,0,0,0
বোকাচোদা শোন তাহলে আমাদের নুনু পুজা করিস কেন?তোদের মা বোনদের বল শিবলিঙ্গের সাথে সেক্স না করে আমাদের লিংগের সাথে সেক্স করতে ।,1,0,1,0,0,1
এই আপুটার নাটক না দেখলে আমার ভাল লাগে না চেহারাটা যেমন মায়াবী অভিনয়টাও করে মায়াবীর মতো,0,0,0,0,0,0
আবেগ গুলোর মৃত্যু হয়েছেতোমার বলা শেষ সরি আজ প্রেরণার উৎস স্বপ্ন গুলো চুরি হতে বসেছে কিন্তু নানিজেকে ভালোবাসতে শিখতে হবে সবার আগেভালোবাসার মানুষ গুলোর জন্যে থাকবে শুভ কামনা,0,0,0,0,0,0
ঐ বালের হাইব্রিড সাবমেরিন ভারত পাত্তা দেয় না বাংলাদেশের হাইব্রিড রিক্সা ও এর চেয়ে ভাল চলবে।,0,1,0,0,0,0
জেরিন এর হাসবেন্ড কে এক বার দেখানো উচিৎ ছিল যাই হোক সব মিলিয়ে অনেক সুন্দর হইছে অশেষ ধন্যবাদ মিজানুর রহমান আরিয়ান ভাই কে এই রকম সুন্দর একটা টেলিফিল্ম উপহার দেওয়ার জন্য,0,0,0,0,0,0
এ বছরের অন্যতম সেরা নাটক আমার আমিকে খুঁজে ফিরছি আমারও এরকম একটা গল্প আছে ভালো থাকুক বন্ধুত্বের বন্ধন,0,0,0,0,0,0
আ লীগ আজব মেশিন ভেতর দিয়ে গেলে স্বাধীনতার পক্ষের শক্তি পাশ কাটিয়ে গেলেই রাজাকারসহ অনেক উপাধি যার প্রমাণ বংগবীর কাদের সিদ্দিকী বীরউত্তম,0,1,0,0,0,0
পলাস ভাইয়ের অভিনয় ভালো হয়েছে দারুন অার নিশো ভাইতো অস্তির,0,0,0,0,0,0
সঠিক সিদ্ধান্ত। আমাদেরও উচিত ভারতের থেকে আমদানি বন্ধ করা। টাকা আছে যেকোন দেশ থেকে কিনে খাওয়া যাবে। রেন্ডীদের অনেক দয়া দেখিয়েছি। না হলে যেভাবে কৃষক আত্মহত্যা করে এতদিনে কৃষক ওদের দেশে বিরল প্রজাতিতে পরিণত হতো।,0,1,0,0,0,0
দেশের খবর বাদ দিয়া শুধু রেন্ডিয়ার খবর চোদাও কেন? হারামীর বাচ্চারা,1,0,0,0,0,1
রাস্তায় কত পুরুষের সাথে সুয়েছে আর এখন বলছে ভিখারীদের সাথে বসে ও নি,0,1,0,0,0,0
তুমি পারবে কি না সে তো রোহিত আঙ্কল জানে । আমরা কি করে জানব,0,0,0,0,1,0
এই নাটক টা দুই বার দেখেছি নাটক টা অনেক অনেক ভালো লাগল অপূর্ব ভাইয়া অনেক অনেক ধন্যবাদ তোমার নাটক মানি আমার জিবনের গল্প,0,0,0,0,0,0
নাটক না দেখে লাইক দিছি কারনআরিয়ান ভাই মানে ভালো কিছু,0,0,0,0,0,0
অন্য স্কুলের ২/১ জন আমার ব্যাপারে গোপন তথ্য নিয়ে আসলেও গ্রুপ ডিসকাশনে আমি যাই বাদ পড়ে,0,0,0,0,0,0
"ঢাকা যে অ-বসবাসযোগ্য শহর হিসেবে প্রথম না হয়ে দ্বিতীয় হয়েছে, এটাই তো সেলিব্রেট করার মত ব্যাপার",0,0,0,0,0,0
"বিচারক মেয়েটা কে আমার কাছে নিয়ে আসো,আমি তাকে ধরে সিফাদু থেরাপি দিবো",1,0,0,1,0,0
আমি নিশ্চিত শালার মালু গন্জিকা সেবন করে এ মন্তব্য করেছে। কারণ কিছুদিন আগে ভারতে গন্জিকাকে সিদ্দি দেয়ার জন্য পার্লামেন্টে বিল উঠেছে।,0,1,0,0,0,0
খুব সুন্দর একটা নাটকএসব পরিচালক রাচাইলেই অনেক ভালো ভালো মুভি আমাদের উপহার দিতে পারেনআর আরফান নিশো ভাইআমার আপনি পছন্দের একজন অভিনেতা,0,0,0,0,0,0
নাটক টা আমার কাছে খুব খুব ভালো লেগেছে কারণ আমি শত ব্যস্ততার মধ্যে থাকি না কেন পাঁচ ওয়াক্ত নামাজ পড়ি আর এই নাটকের নামাজকে গুরুত্ব সহকারে তুলে ধরা হয়েছে🤲🤲🤲,0,0,0,0,0,0
"সালিকে আবার ওখানে রাখে আসো কেউ , সালি পাগল ভিডিও টা করার জন্য ধন্যবাদ",0,0,0,0,0,1
হালার পো হালা। ।তোর বাপ কি বল করবে। ।আসিস কেমন করে রান করতে হয় দেখিয়ে দিমু।।কুত্তা।,0,0,0,1,0,1
নাটক টা ভালো লাগছে নিশো ভাই তোমার প্রায় প্রতিটা নাটক ই অনেক ভাল লাগে দোয়া রইলো ভাই তোমার আগামির পথ যেনো আরো ভালো হয়,0,0,0,0,0,0
সত্যি অপূর্ব নাটক টাএতো ভালো লাগে আমার অপূর্ব ভাইয়া নাটক,0,0,0,0,0,0
এই ঈদের সেরা টেলিফিল্ম এটা সত্যিই হার্টথ্রুব দুই বছর আগে যদি এই সাপোর্ট টা আমিও পেতাম,0,0,0,0,0,0
নতুন করে কিছু বলার নাই গর্ব হয় এমন দেশের জন্মে যেখানে এতো সুন্দর নাটক হয়৷ না হোক বলিউড এর মত সিনামা তাততে কি আমাদের মতো নাটোক কেউ পারবেনা,0,0,0,0,0,0
ভুল করে তুমি বরং একটু বিষ ই খেয়ে নিলে আজ আর এত রঙ ঢং দেখা লাগতো নাহ বাপু ।,0,0,0,0,1,0
অসাধারণ একটা নাটক শেষ টুকু দেখে চোখের পানি ধরে রাখতে পারিনিঈদের সেরা নাটক আমার মনে হয়,0,0,0,0,0,0
জায়েদ খান না জুতা খানের চেয়ে হিরো আলমকে বাংলার সবাই চিনে এমন কি ইন্ডিয়ার মানুষ অ ছিনে,0,1,0,0,0,0
অনেক দিন পর এমন সুন্দর একটা নাটক দেখলাম খুব খুব ভাল লাগছে,0,0,0,0,0,0
গতকাল থেকে আমার গোঁফে পাকিস্তানী পেঁয়াজের গন্ধ লেগে আছে গন্ধে দিশেহারা হয়ে প্রথমে খাটের তলায় আশ্রয় নিয়েছি তাতেও কাজ না হওয়ায় একটি ট্রেঞ্চ খুঁড়ে সেখানে হড়হড় করে বমি করেছি,0,1,0,0,0,0
শেষের দিকে নামাজের কথা টা যে বলল খুব ভালো লাগলো মন টা ছুয়ে গেলো পরিচালক কে অনেক অনেক ধন্যবাদ,0,0,0,0,0,0
"এই টাকলা, এদিকে শোন ভদ্র ভাবে কথা বল মাননীয় বাল হীন ব্যক্তি একটু এদিকে শুনবেন?",0,0,0,0,1,1
মাহি তোর মুখে আল্লাহর নাম মানায় না কারণ তো ইসলাম বিদ্বেষী,0,1,0,0,0,0
বর্তমান রহিঙ্গাদের যে হাল। যদি পাকিস্থানের সাথে বাংলাদেশ থাকতো তাহলে একই হাল বাঙ্গালীদের হতো।,0,0,0,0,0,0
উরে জুতা মেরে তসলিমা নাসরিনের মতো দেশ থেকে বের করা হুক।,0,0,0,1,0,1
হেতির গালে ঠাস করি জুতার বাড়ি মার সে যদি বলে ব্যাথা লাগে বলবেন বিস্বাস করি না কারন ব্যথা দেখা যায়না,0,0,0,1,0,1
এটা তো হবেই কারন হল তোমরা হলে মুসলমান নমধারী হিনদুর বংশধর মালাউনের বাচচারা মুসলমানের কাননা তুদের কানে পেীচায় না,0,0,1,0,0,0
এই হারামজাদারা শালা দুনিয়াতে এটাই সম্পর্ক ছিল ছি ছি দুনিয়াতে এটাও সম্ভব,0,1,0,0,0,0
জাহিদ খান ১০০ বছর অভিনয় করলে ও হিরো আলমের মতো যোগ্যতা কখনও হবে না জাহিদ খানের সালা অহংকারি জুতা মারি তোর গালে,0,0,0,0,0,1
দারুন একটা নাটক উপভোগ করলামনিশো নিখুঁত ভালোবাসা তোমার জন্যে তানজিন তিশা চমৎকার অভিনয় করেছ ভালোবাসা অবিরাম,0,0,0,0,0,0
আইয়া গেছে নিশো ভাইয়ে সেরা নাটক সবাই দেখিয়েন অনুরোধ রইলো,0,0,0,0,0,0
"সাবধান! এই মহিলা, জংগীবাদে উস্কানি দিচ্ছে। তার এই মিথ্যা বক্তব্যের পরিপেক্ষিতে কেউ সন্ত্রাসী অথবা জংগীভাবে প্রতিবাদ করলে তার উদ্দেশ্য পূরণ হবে। একটি বড় ষড়যন্ত্রের অংশ হিসাবে এই মহিলার এই উদ্যোগ। অপেক্ষায় রইলাম কবে তাকে রাষ্ট্রদ্রোহিতার জন্য বিচারের আওতাধীনে আনা হয়।",0,1,0,0,0,0
জিবনের সেরা নাটকটা দেখলাম শেষ পরিনতিটা কিছুটা অনুমান করতে পেরেছি নাটকটা দেখে,0,0,0,0,0,0
খানকিরা যদি দেশের রাজনীতী করে তা হলে ত দেশ গেছে বুগে,1,0,0,0,0,1
অন্য এথলেটরা চিটিং করে তার দেশকে উঠানোর জন্য... আর আমরা?... আমরা দেশটা চিটিং করি আমাদের এথলেটদের সাথে যেন উঠতে না পারে,0,0,0,0,0,0
এককথায় অসাধারণএরকম নামাজ কে কেন্দ্র করে অভিনয়টা অসাধারণ হয়েছেএতে সবাই নামাজ পড়ার জন্য আগ্রহী হবে,0,0,0,0,0,0
উনি রাজাকার কখন হলেন জামায়াতের আমির হওয়ার আগে এই কথা কেউ বলেননি নাটকে ও ছিনেমাতে যেবাবে চরিত্র তৈরি করা হয় এখানে ও তার প্রতি পলন দেখা যাচ্ছে,0,1,0,0,0,0
অনেক দিন বাদে অসাধারণ একটা নাটক দেখলাম তবে সবচেয়ে বেশী ভালো লেগেছে পাঁচ ওয়াক্ত নামাজ আদায় করার দাওয়াত দেওয়াতে,0,0,0,0,0,0
হাসিন রাত জেগে তাহাজ্জুদের নামাজ পড়ে নাকি কেরালার মুভি দেখে তা ভাবার বিষয়।,0,0,0,0,1,1
দেব আর কি কি বলছেন ভাইয়া জানালে আপনার নিকট কৃতজ্ঞ থাকিব । ইতি আপনার পেইজ ফলোকারী একান্ত অনুগত ও বাধ্যগত ।,0,0,0,0,1,0
প্রোমো তেই এক জায়গায় দাঁড়িয়ে এতো বকবক না জানি সিরিয়াল এ কতো বকবক হবে বলছি আর কি নায়িকা ছিল না,0,0,0,0,1,0
ধর্ম যার যার উৎসব সবার এটা ইসলাম বিরোধী উক্তি ধর্ম যার যার উৎসব তার তার,0,0,1,0,0,0
মাইর দিমু তরে এক জায়গায় চুতে পারলে অনেক ভালা লাগত,1,0,0,0,0,0
বাংলাদেশ ক্ষুদ্র ও কুটির শিল্প করপোরেশনের অফিস ঢাকায় কেন ভাই? ঢাকায় কি কুটির শিল্প হয় বলেন তো! বাড়িতে বাড়িতে জেনারেটার দিয়ে বিদ্যুৎ উৎপন্ন করাটাকে যদি কুটির শিল্প বলা হয় তাহলে অবশ্য ঠিক আছে 😑,0,0,0,0,0,0
অর্থ আছে যার ভালবাসা তারকেবল অর্থনৈতিক অবস্থা ভাল থাকলেই ভালবাসা আটকানো যায়শূন্য পকেটে কখনো ভালবাসা পাওয়া যায় নাঅর্থের কাছে হেরে গেছে লক্ষলক্ষ ভালবাসা💔তবুও ভাল থাকুক ভালবাসা,0,0,0,0,0,0
দেশোদ্রোহী জামাতি যুদ্ধাপরাধি ও রাজাকারদের বিচারের দাবীতে মুক্তচিন্তার মুক্তিযুদ্ধপন্থি তরুনরা তৈরী করেছে গনজাগরনমঞ্চ ।,0,0,0,0,0,0
যুদ্ধে ভারত যেমন সেনা পাঠিয়ে সহযোগিতার মাধ্যমে বাংলাদেশ মুক্ত করেছিল ঠিক সেভাবে মায়নমারে বাংলাদেশ সহযোগিতা করা উচিৎ,0,0,0,0,0,0
"সেদিন যদি আজকের ২/১ টা বিজ্ঞ পলিসিমেকারদের চিনতাম, তাহলে রচনায় লেখতাম... “আরে ভুদাই, ডিনামাইট রাতে ব্যবহার করা বন্ধ করে দিলেই তো হয়... হয়ে গেলো বিজ্ঞান আশীর্বাদ”",0,0,0,0,0,0
অনেক সুন্দর একটা নাটক বাট জেরিনের সাথে এক বার জন্য হলেও দেখা করা দরকার ছিলো তাহলে বলতে পারত যে আমি ও পাইলাট হয়ছি,0,0,0,0,0,0
না দেখলে পুরাই মিসকমেডিতে ভরপুর রুমান্টিক নাটকযতক্ষণ দেখেছি উপভোগ করেছি,0,0,0,0,0,0
ধর্ষকরে মরছে বলে রেহানেকে ফাসি না দিয়ে পুরস্কৃত করা উচিৎ ছিল,0,1,0,0,0,0
"ডাক্তারদের খাওয়ানো হচ্ছে বস্তাভর্তি পঁচা মুরগি, ধরা পরায় ক্যান্টিন বন্ধ",0,0,0,0,0,0
"একটা মেয়ে বন্ধু দরকার, কেউ হবে হতে চাইলে কমেন্টে নম্বর দাও",0,1,0,0,0,0
শালীর কথা শুনলে গা জলে তাকে দেখে মনে হয় সে মাগি,1,0,0,0,0,1
"খানকিবাজ খানকি খোর, খানকিপনা খানকিগিরি, খানকি, খানকির আদর্শ ছেলে। আর কি বলে যে তোকে সম্মান করবো ভাবছি",1,0,0,0,0,1
শফিক তর গাল দে কে মনে হয় তুই গাজা খাস,0,0,0,0,1,1
"সোনা সাদা হলেই তো গোল পায়, এর ভালো তো কেউ করেনি? যেমন টা সানিলিওন",1,0,0,0,0,0
নিশো ভাইয়া ছাড়া এত সুন্দর অভিনয় আর কেউ করতে পারে না,0,0,0,0,0,0
আরিয়ান ভাই আপনাকে আনেক ধন্যবাদ বাদ আপনার কাছে আমার আবেদন বড় ছেলে নাটক আমাদের কে উপহার দেয়ার জন্য,0,0,0,0,0,0
মাহি বি চৌধুরী একটা দালাল এইটা সহজ ভাবে বুজতে পারা আর বাকি রইলোনা সো সেড,0,0,0,0,0,1
ভারতীয়দের মাথা মোটা হলে তোমাদেরও মাথা মোটা।কারণ তোমরাও ভারতীয় জাতী।,0,0,0,0,0,1
সব পিক গুলাই ঠিকঠাক পরীর মতই ছিল খালি এইটা ক্যামন জানি কামের বেটি টাইপ হয়ে গেছে,0,0,0,0,1,1
তখন কি আপনারা খমতাই থাকবেন আর খালেদা জিয়া খমতাই আসলে ত তাদেরকে সিটি জেনে দিবে পাসপোর্ট দিবে,0,1,0,0,0,0
"-আমি উদ্যোক্তা হতে চাই, সুতরাং অন্যমানুষের সময় আমার সময়, আমার সময় অন্যমানুষের সময় না। সো বুঝতেই পারছেন?",0,0,0,0,0,0
অস্থির হইছে। কিন্তু ডিমান্ডিং হয় নাই। এই পোজটা ক্লিভেজ ডিমান্ড করে।,0,0,0,0,0,0
তারা জেনে গেলো; আইডিয়ালের টিমে নাকি একটা সিক্রেট-অয়েপন আছে,0,0,0,0,0,0
গালা গালি গান হত যে পোদ মেরে এলে তোর ফাটছে কেনো,1,0,0,0,0,1
মাত্র হাজার ঠেকাতে লক্ষ সেনা।এইবার প্রমানিত হল ভারত কতটা দুর্বল রাষ্ট্র।,0,1,0,0,0,0
"কুত্তার পেটে ঘি হজম হয় না,  চাওয়ার থেকে পাওনা বেশি হলে যা হয় আর কি",0,0,0,0,1,1
"ভাবছি বিয়ে করলে কাউকে দাওয়াত করব না, কারণ খেয়ে দেয়ে সবাই খাবারের দোষগুলোই খুজে বেরায়",0,1,0,0,0,0
কাজশেষে চেকটা ঠিকমত পায়নি তাই সুন্দর একটা ট্রেলার দেখাল । এমাউন্টটা বাড়িয়ে দিলেই পরী ডানা মেলে আকাশে উড়ে যেত কেউ কিচ্ছু জানত না ।,0,0,0,0,1,0
"তুমি ঠিকই বলেছো ভাই, ভিখারীর মন কখনো রাজার মত হয় না",0,0,0,0,0,1
হ্যা এর মধ্যে ১/২ জন এই চান্সে বাঁধন ছাড়া গরুটা ধরে আবার গাবতলি যেয়ে বিক্রি করার চিন্তা যে করেনি তা কিন্তু না...বাট এদের সংখ্যা খুব কম,0,0,0,0,0,0
"মাসুদভাই ,ইসলাম যদি সত্যি হতো ,মোল্লারা আজ বিভ্রান্তির মধ্যে থাকতো না ৷",0,0,1,0,0,0
তার লাহোর প্রস্তাবেই ছিল স্বাধীন বাংলাদেশের বীজ। তিনি ছিলেন অবিভক্ত ভারতের মুসলমানদের মুক্তির নেতা তিনি হচ্ছেন বাঙগালি মুসলমানদের জাতির পিতা।,0,0,0,0,0,0
আমার পরিবারের কোনো মেয়ের সাথে এরকম হত তাহলে মাদারচোদ গুলর মুন্ডু ছিঁড়ে নিতাম তারপর থানা পুলিশ আমার যা বাল ছিঁড়ত ছিঁড়ত,1,0,0,1,0,0
"বিএসএফ পাকিস্তানের চেয়ে বেশি বাংলাদেশি হত্যা করছে, বাংলাদেশ কি এক অঘোষিত ফিলিস্তিন হতে চলেছে?",0,1,0,0,0,0
আমি নাটক টা অনেক বার দেখছি ভালো লাগে বার বার দেখতে ভালোবাসার এক টা সেরা নাটক হয়ছে,0,0,0,0,0,0
বর্তমান নাটকগুলোতে এত ভালবাসাবাসি থাকে মনে হয় ভালবাসা দিয়েই সব হয়এরকম বাস্তবসম্মত নাটকের সংখ্যা দূরুহধন্যবাদ পরিচালককে এরকম একটা নাটক বললে ভুল হবে বাস্তবতামেয়েদের বিলাসিতাঅহংকারনেরো মাইন্ড তুলে ধরার জন্যবিদ্র সব মেয়েরা একরকম না,0,0,0,0,0,0
তোগো কথা কি কমু হালা! তোরা না সারাদিন সারাদিন সিরিয়ার দেখোস?,0,0,0,0,1,0
বাংলাদেশ এর পবিত্র ইসলাম ও মুসলমান দের আর কত কলুষিত করবি? সালে তোদের বাপ দাদা রা পশ্চিম পাকিস্তানের রাজাকার ছিল আর নির্বিচারে বাংলাদেশের মানুষ হত্যা করেছে আর এখন তোরা জঙ্গি হয়ে বাংলাদেশ এর মানুষ মারছিস।,0,0,1,0,0,0
আর এটা সতেজ ছাগল দিয়ে হাল চাস করতে গেলে এমনি হয়,0,0,0,0,1,0
হায় হায় এখন তাহলে উপায় ? সমাধানের পথ একটাই ! সাংবাদিকের বিচি বরাবর একটা ফ্লাইং কিক মারা ।,0,0,0,0,1,0
নান্নু সাহেব একজন গন্ড মুর্খ অগ্রপশ্চাৎ বিবেচনা না করে কিভাবে দল নির্বাচন করে,0,0,0,0,1,0
দাদা ভারত কিন্ত হায়দারাবাদ সালে আর্মি দিয়ে দখল করে নিয়েছে।,0,1,0,0,0,0
ভারত দূষণ এর দেশ জে দেশে প্রতিনিয়ত নারী ধর্ষন হয় সে দেশ আর কতটুকু ভালো থাকবে,0,1,0,0,0,0
এই নাটকটি হয়তো ৭০প্রেমিক প্রেমিকা দের বাস্তবিক জিবনের সাতে মিলেযাবে,0,0,0,0,0,0
যারা বলছে এদেশে জায়গা দিয়া যাবে না তাদের ভাতার বাড়ি রেন্ডিয়ায় পাঠিয়ে দিয়ার দরকার। রেন্ডিয়ার মালুদের জায়গা দিলে আদর দিলে খুব ভাল লাগবে তাই না। রেন্ডিয়ার দালাল,0,1,0,0,0,0
একটানা দেখে শেষ করেছি মনে হচ্ছে নাটকটি অনেক ছোট হয়ে গেছে আরও অনেক বড় হলে খুব ভাল হতো,0,0,0,0,0,0
বাংলার পীর পুজারী ব্যাবসায়ী আলেম নামধারী অশিক্ষিত ভিক্কুকরা বিরোধীতা করে। তারা মুরিদী ব্যাবসা বন্ধের ভয় পায়।,0,0,1,0,0,0
একটা দিন অন্তত পেট পুরে এক বেলা মোরগ পোলাউ খেতে পারবে... পাবে নতুন জামা... সেদিন একটা মেডিক্যাল কর্নারও থাকবে... ফ্রি তে তাদের দাঁত কান চোখ ত্বক দেখে দেয়া হবে... আপনি চাইলে আপনারটা মাথাটাও দেখে দিতে বলব ফ্রিতে... তাও আসেন প্লীজ,0,0,0,0,0,0
"‘ওয়ালাইকুম আসসালাম, কেমন আছি তো জানই...দড়ি নিয়া রওনা দিস বাবা?’",0,0,0,0,0,0
১৩ মাস ধরে ব্রাহ্মণের সাথে যৌন সম্পর্ক স্থাপন করে অবিশ্বাসী একজন মহিলা বিশুদ্ধ এবং কুমারী অবস্থায় ফিরে যেতে পারে,0,0,1,0,0,0
জয়েন ফেমেলির মজা অনেক আমি চাচছি একসাথে থাকার জন্য আমার ভাইয়েরা চাচছে না,0,0,0,0,0,0
ভালোবাসা শিখার যা বাকী ছিল নাটক টা দেখে শিখে নিলাম ভাল্লাগছে,0,0,0,0,0,0
বাংলাদেশ থেকে এই দুই বোলার কে লাথিমেরে বের ফেলা উচিৎ!,0,0,0,1,0,0
যত গর্জে তত বর্ষে না। যা রটে তা কিছু তো বটে? ভারতকে মুসলমানের দেশ বানাও।,0,0,1,0,1,0
নামাজ পড়ার জন্য যে মেসেজটা দেয়া হয়েছে তার জন্য এটাই আমার ২০১৯ এর সেরা নাটক,0,0,0,0,0,0
এরা মানুস নামের কল্নক মাগি স্বামি যত খারাপ হয় না কেন তাঁর পায়ের নিচে তুর বেহেস্ত,1,0,0,0,0,1
চ্ছে করতেছে দিনের প্রথম হাগা টা তুর মুখের ভিতর দিই।,1,0,0,0,0,1
"জোকস এপার্ট; যে ছুরি দিয়ে হত্যা করা যায়, সেই ছুরিই আবার কাজে লাগে কারো হাতের দড়ি কেটে তাকে উদ্ধার করার জন্য",0,0,0,0,0,0
খালেদা জিয়ার পিছনে নয়াদিগন্তর সাংবাদিক ছাড়া হয়ত আর কাউকে পাওয়া যাবে না,0,1,0,0,0,0
কয়েক দিন পর বালকাতা পত্রিকা বলবে সার্জিক্যাল স্টাইক করেছে ভারতিও শুওর নামের জুওয়ান,0,1,0,0,0,0
"মালালা নাটকের রহস্য উম্মোচন জন্ম হাঙ্গেরিতে, ধর্ম খৃষ্টান, গুলি করার ঘটনাটিও ছিল গোয়েন্দাদের সাজানো নাটক",0,1,0,0,0,0
"এখন পর্যন্ত প্রায় পৌনে ৪ হাজার রজনী কাটিয়েছি তার সাথে এক মশারিরি নিচে... এবং পৌনে ৪ হাজার রাতে, কমপক্ষে পাঁচ হাজারবার কথা কাটাকাটি হয়েছে শুধু এই মশারীর নিচেই",0,0,0,0,0,0
দেশ ভাগ হয়েছে সালে আর ভারতের টেস্ট স্টাটাস দেখানো হয় সালে। আসলে তখন ভারতের জন্মই হয়নি। সে হিসেবে বাংলাদেশের টেস্ট স্টাটাস লেখা উচিত সালে পাওয়া।,0,1,0,0,0,0
ভারত না।বেশি চিন্তা বাংলাদেশের হবে। কারন চায়না মালের কোন গ্যারান্টি নেই।।মিসাইল ভারতে মারতে গিয়ে বংলাদেশে গিয়ে পরবে,0,0,0,0,1,0
আমার কাছে অনেক ভালো লাগছে জানি না কার কাছে কেমন লাগবে,0,0,0,0,0,0
"আমি খালুকে জিজ্ঞেস করলাম, “চাক্কার পাম সে কেমনে চুরি করে? পলিথিনে করে চাকার পাম্ম নিয়ে যায় টাইপ কিছু?”",0,0,0,0,0,0
"আমি ১/২ বার নিয়ে দেখেছি তারা এই কাজটাকে যে কি প্রফেশনালি করে, বলার মত না",0,0,0,0,0,0
"৫ মে রোববার, মধ্যরাতে গুলিবিদ্ধ অবস্থায় পড়ে আছে দুই হেফাজত কর্মী",0,0,1,0,0,0
ভালো লাগছে নাটকটা কিন্তু ১০ বছর বয়সে ছেলে কলেজে উঠে গেল একটু অবাক লাগল,0,0,0,0,0,0
সবার কমেন্ট পরে আমি নিজে কমেন্ট করলামভাল হবে আশা করি,0,0,0,0,0,0
সবাই শুধু মজাই করতেছে কেউ আর বলে নাহ্ দুইজনেই ভিক্ষা করতে রাজি ফার্মগেইট এ ।,0,0,0,0,1,0
“তোমাকে হাস্যকর লাগতেসে...মাংকি ক্যাপের সাথে পাঞ্জাবী পরে তামিল গরিলারা”,0,0,0,0,0,0
সরকার অজানা কারনে প্রিয়া সাহার বিরুদ্ধে ব্যবস্থা নিচ্ছে না। এজন্য জনগণের উচিত হবে যেকোন পাবলিক প্লেসে দেখামাত্র প্রিয়াসাহাকে জুতাপেটা করতে থাকা। এ কর্মসূচি অনির্দিষ্টকালের ...,0,0,0,1,0,0
ছাত্র লীগের এসব যুক্তি হীন কথা কবে যে বন্ধ হবে,0,1,0,0,0,0
বাংলার প্রত্যেক ফ্যামিলিতে একটা সদস্য গরু অথবা ছাগল উপাধি নিয়ে বাঁচে । কোরবানি আসলেই এদের ক্ষুদ্র কলিজা কাঁপে,0,0,0,0,1,0
এক কথায় নাটকটি খুবই অসাধারণ গল্প গান অভিনয় খুবই সুন্দর হয়েছে,0,0,0,0,0,0
"রিকোয়েস্ট করছি শুধু, বাংলাদেশের এই জেনারেশান যে পৃথিবীর আর অন্য যে কোনো দেশের এই বয়সী জেনারেশানের থেকে বেশী দেশটাকে নিয়ে ভাবে, এটা স্টাব্লিশ করার জন্য",0,0,0,0,0,0
এটা ভারতের পত্রিকার দোষ না এটা আমাদের দোষ কারন গতকাল ফেসবুকে হেডলাইন আসে মিরাজ রিক্সাওয়ালার ছেলে ভেবে দেখুন কতটা অমার্জিত আমরা ৤ যে ছেলেটা সারাবিশ্বের কাছে একজন ভাল ক্রিকেটার হিসাবে পরিচিত অথচ আমরা ব্যাস্ত তার দর্বল দিক তুলে ধরার জন্য,0,1,0,0,0,0
এইডা কেডা? কত সুন্দর বাংলা ভাষা রে‌খে এক অদ্ভুত ভাষায় কথা ব‌লে। তাও আবার স্বাধীনতা দিব‌সে। এরাই দে‌শ ও জা‌তির কলঙ্ক।,0,0,0,0,0,0
হালার রেন্ডিয়া ওদের পেজ সবসময় ভূয়া খবর দেয় আসলেই ওদের জন্মই ভূয়া বোকাচোদা মালু,1,0,0,0,0,1
অসম্ভব সুন্দর এত ভালো লেগেছে নাটকটা অনেকদিন পর একটা মনের মতো নাটক দেখলাম শিহাব শাহীন ভাইয়ার নাটক খুব ভালো লাগে আর অপূর্ব ভাইয়ার বড় ফ্যান আমি,0,0,0,0,0,0
মুক্তি কই পাইলেন? জামিন বা শাস্তি কিছু দিনের জন্য অফ রাখছে,0,0,0,0,0,0
দেখা শুরু করলাম কেমন হয়েছে দেখে বলবো ভালো হতেই হবে নিশো আর তানজিন তিশা বলে কথা,0,0,0,0,0,0
একটা ইসলামী নাটক হয় তা নিয়ে অভিজোক হয় ৷কিন্তু ভারতের নাটক বন্ধ করার কোনো অভিজোক করে না ৷ মাসে গেলে কোটি কোটি টাকা ভারতের ভান্ডারে দেয় তাতে তাদের ভালো লাগে৷আর এখন একটা ইসলামী নাটক নিয়া সমেস্যা হইছে ৷,0,1,0,0,0,0
যাক এখন থেকে আমরা বুদাপেস্টের পানি দিয়ে চাষাবাদ করব আর ভারতের পানি দরকার নেই,0,0,0,0,1,0
"এই তারেক, বাংলায় আয়, তোর দলের নিয়ে মেলায় আসবে, জবাই করে মারা দরকার",0,0,0,1,0,0
নাটকটা নিশো করলে সব থেকে বেশি ভাল হত এই হালায় ভাল অভিনয় করতে পারে না,0,0,0,0,0,0
দুইদিন বৃষ্টিতে একটু সুস্থ হইছে । ভাদ্র মাসের আগেই আবার পাগল হবে ।,0,0,0,0,1,0
"অনেক ভেবে দেখলাম, ‘আপনি একটু খেলে, আমি কিনব’ স্ট্রেটেজি ছাড়া আর ওয়ে নাই",0,0,0,0,0,0
ভারতের খুব বেশীহলে কয়েক ঘন্টা সময় লাগবে পাকিস্তান খালিস্থান হয়ে যাবে। বাস্তবে ফিরুন ইন্টারনেট এ সার্চ করেন দেখেন শক্তির ইন্ডেক্স কত ফারাক।,0,1,0,0,0,0
আমরা যুদ্ধ চাই আমাদের দাবী একটাই কলকতা আমাদের জায়গা ভারত আমাদের শোসন করছে এর বদলা নিতে আমরা যুব্ধ চাই,0,1,0,0,0,0
"এক যে ছিল দুগ্ধ কইন্না দুগ্ধবতী বেশ,কোন গোয়েলে ছিল দুগ্ধবতী কইন্নার দেশ ?",1,0,0,0,1,0
পিট হিতিরে মাগির এই গান আমার কানে আসলে আমার মাথা আর ঠিক থাকেনা মনে কয় খালি তারে জুতা দিয়া পিটি,1,0,0,0,0,1
আমি নিতে চাই । বিয়ের পরে শশুর মশাই ঋণ গুলি পরিশোধ করে দিবে ।,0,0,0,0,1,0
সাথে সাথে আইসিইউর কম্পিউটারে টুটটুট করে আওয়াজ হতে থাকলো... স্ক্রিনে তাকিয়ে দেখা গেলো পিতার ব্লাড প্রেসার ফল করেছে,0,0,0,0,0,0
সব মিলিয়ে নাটকটা খুবি ভালো হয়েছে আশা রাখি এ বছরের সেরা নাটকের তালিকায় থাকবে,0,0,0,0,0,0
শুধ দাঁড়ি-টুপির জন্য গ্রেফতার এটাতো ট্রাম্পের আমেরিকা আর মোদির ভারতেও সম্ভব না,0,0,1,0,0,0
জীবনের প্রিয় নাটক গুলার একটা হই গেলোসেই রকম ছিল নাটকটা,0,0,0,0,0,0
"বইয়ে, একজনের একহাতে ৫ টা আম আর আরেক হাতে ৬ টা আম আছে ... “তো তার কাছে কি আছে” প্রশ্ন শুনে কিছুই না ভেবে যোগ করে ফেলি",0,0,0,0,0,0
বিচিত্র এক দেশ ভারত। কেউ চপ্পল সেলাই করে পরে আবার কেউ সোনার পাঞ্জাবী গায়ে দেয়।,0,0,0,0,1,0
দিঠির জায়গায় যদি জুন হতো তাহলে শ্রীময়ীর আরেক ন্যাকামি দেখা যেত । কি যে বিরক্তিকর বানিয়ে ফেলেছে সিরিয়াল টা । অসহ্য হয়ে গেছে । লেখিকা গাজা খেয়ে এর কাহিনি লিখছে ।,0,0,0,0,1,0
"ইসলামে মদ পান হারাম, তাও তোরা মদ খেয়ে মাদলামো করিস",0,0,1,0,0,0
বস বলে কথাপলাশ এবং তিশার অভিনয় কিন্তু ভালো ছিলো বসের সাথে,0,0,0,0,0,0
সত্যি বলতে কি এই রকম পাগলী টাইপের ভালোবাসা আমার খূব ভাল্লাগে,0,0,0,0,0,0
"ছোটবেলার পড়ে আসা জীবনানন্দ দাশের জন্মদিন পর্যন্ত মাথায় আছে, ফাল্গুনের ৬ তারিখ",0,0,0,0,0,0
মিয়ানমার কুত্তার বাচ্চা গুলারে শিখ্যা দিতে আমরা বেশামরিক লোকই যতেস্ট।,1,0,0,1,0,0
"আঙুল দিয়ে খুঁচিয়ে খুঁচিয়ে মশারী গুঁজে যেই বালিশে হেলাম দিলাম, সাথে সাথে;",0,0,0,0,0,0
ছেরা কাথায় শুয়ে রাণুর এই বেইমানি ও বর্বরতা এবং আত্মঅহংকারের জন্য পতন হতেই হবে এটাই নিয়ম,0,1,0,0,0,0
কলা কিনতে যেয়ে একটা কলা না হয় খাওালাম বিক্রেতারে ... ১ ডজন থেকে ১ টা লস করে যদি ১১টা ভালো কলা পাই ক্ষতি কি?,0,0,0,0,0,0
"... দুই ছেলে নার্স আর এক মোটা মহিলা নার্স মোটামুটি চোখের পলকে আমাকে এপ্রন পরিয়ে, রীতিমতো কলার ধরে ছেস্রায়ে ওটির ভিতরে নিয়ে আসল",0,0,0,0,0,0
"পাগলে কিনা কয় ছাগলে কিনা খায়,যাদের দেবতা গরু ছাগল হাঁস মুরগি ভেড়া কুত্তা শিয়াল বানর হনুমান হাতি সাপ কেঁচো কৃমি তারা আর কত ভালো হবে",0,0,1,0,1,0
নাটক টা দেখে তাই  আর চোখের পানি দোরে রাখতে পারলাম না,0,0,0,0,0,0
